"Date","Sector","Stock","Trading_Index_Gap","Close","Market_Cap","Trading_Volume"
2016-08-04,"Agriculture","Eaagads",2,21,675297000,2300
2016-08-08,"Agriculture","Eaagads",2,20.5,659218500,1000
2016-08-16,"Agriculture","Eaagads",6,20.25,651179250,700
2016-08-22,"Agriculture","Eaagads",2,20,643140000,100
2016-09-08,"Agriculture","Eaagads",11,20,643140000,800
2016-09-20,"Agriculture","Eaagads",7,22,707454000,100
2016-09-22,"Agriculture","Eaagads",2,20,643140000,500
2016-09-28,"Agriculture","Eaagads",2,21.5,691375500,600
2016-10-03,"Agriculture","Eaagads",2,19.95,641532150,1300
2016-10-07,"Agriculture","Eaagads",4,19,610983000,400
2016-10-17,"Agriculture","Eaagads",4,20,643140000,200
2016-10-25,"Agriculture","Eaagads",3,19,610983000,15400
2016-10-31,"Agriculture","Eaagads",2,18,578826000,500
2016-11-03,"Agriculture","Eaagads",2,18.5,594904500,100
2016-11-10,"Agriculture","Eaagads",5,18.5,594904500,1400
2016-11-15,"Agriculture","Eaagads",2,18.75,602943750,100
2016-11-22,"Agriculture","Eaagads",5,18.75,602943750,1000
2016-11-24,"Agriculture","Eaagads",2,17.9,575610300,800
2016-11-28,"Agriculture","Eaagads",2,18.75,602943750,100
2016-12-05,"Agriculture","Eaagads",2,17.8,572394600,2000
2016-12-13,"Agriculture","Eaagads",2,21,675297000,1900
2016-12-21,"Agriculture","Eaagads",2,24.5,787846500,200
2016-12-30,"Agriculture","Eaagads",2,27.25,876278250,500
2017-01-06,"Agriculture","Eaagads",2,27.25,876278250,300
2017-01-11,"Agriculture","Eaagads",3,24.75,795885750,100
2017-01-16,"Agriculture","Eaagads",2,22.5,723532500,1000
2017-01-19,"Agriculture","Eaagads",3,22.5,723532500,10000
2017-01-23,"Agriculture","Eaagads",2,21,675297000,200
2017-01-31,"Agriculture","Eaagads",3,21,675297000,2500
2017-02-16,"Agriculture","Eaagads",11,21.5,691375500,1000
2017-02-23,"Agriculture","Eaagads",5,23.5,755689500,1200
2017-03-07,"Agriculture","Eaagads",4,25,803925000,100
2017-03-20,"Agriculture","Eaagads",9,25,803925000,300
2017-03-23,"Agriculture","Eaagads",3,22.5,723532500,600
2017-03-30,"Agriculture","Eaagads",5,22,707454000,200
2017-04-07,"Agriculture","Eaagads",6,22,707454000,400
2017-04-11,"Agriculture","Eaagads",2,22,707454000,300
2017-04-18,"Agriculture","Eaagads",2,22,707454000,300
2017-05-12,"Agriculture","Eaagads",17,22,707454000,100
2017-05-19,"Agriculture","Eaagads",5,22,707454000,500
2017-05-25,"Agriculture","Eaagads",3,23.5,755689500,200
2017-06-02,"Agriculture","Eaagads",2,25,803925000,100
2017-06-09,"Agriculture","Eaagads",2,27.5,884317500,100
2017-06-20,"Agriculture","Eaagads",7,27,868239000,100
2017-06-27,"Agriculture","Eaagads",4,26.5,852160500,200
2017-07-04,"Agriculture","Eaagads",5,26.5,852160500,100
2017-07-06,"Agriculture","Eaagads",2,24,771768000,6000
2017-07-10,"Agriculture","Eaagads",2,24,771768000,1700
2017-07-18,"Agriculture","Eaagads",4,22,707454000,1000
2017-07-21,"Agriculture","Eaagads",2,25,803925000,300
2017-07-28,"Agriculture","Eaagads",3,25.5,820003500,1100
2017-08-03,"Agriculture","Eaagads",4,27,868239000,8100
2017-08-09,"Agriculture","Eaagads",3,28,900396000,100
2017-08-16,"Agriculture","Eaagads",5,25.5,820003500,200
2017-08-25,"Agriculture","Eaagads",5,25.25,811964250,400
2017-08-30,"Agriculture","Eaagads",2,27,868239000,2400
2017-09-13,"Agriculture","Eaagads",9,23.5,755689500,200
2017-09-20,"Agriculture","Eaagads",5,23.25,747650250,400
2017-09-22,"Agriculture","Eaagads",2,24.75,795885750,700
2017-09-27,"Agriculture","Eaagads",2,25,803925000,200
2017-10-10,"Agriculture","Eaagads",9,22.5,723532500,500
2017-10-12,"Agriculture","Eaagads",2,22.5,723532500,100
2017-10-18,"Agriculture","Eaagads",3,24,771768000,200
2017-11-03,"Agriculture","Eaagads",9,24,771768000,100
2017-11-07,"Agriculture","Eaagads",2,24,771768000,3900
2017-11-15,"Agriculture","Eaagads",6,24,771768000,2000
2017-11-17,"Agriculture","Eaagads",2,25,803925000,200
2017-11-29,"Agriculture","Eaagads",4,25,803925000,400
2017-12-06,"Agriculture","Eaagads",5,27.5,884317500,10000
2017-12-08,"Agriculture","Eaagads",2,27.25,876278250,10700
2017-12-14,"Agriculture","Eaagads",3,25,803925000,300
2017-12-18,"Agriculture","Eaagads",2,25.25,811964250,11700
2017-12-21,"Agriculture","Eaagads",2,25.25,811964250,2800
2017-12-29,"Agriculture","Eaagads",4,22.75,731571750,1200
2018-01-04,"Agriculture","Eaagads",2,25,803925000,15000
2018-01-08,"Agriculture","Eaagads",2,25,803925000,200
2018-01-15,"Agriculture","Eaagads",2,24.75,795885750,800
2018-01-23,"Agriculture","Eaagads",4,24.25,779807250,10000
2018-02-02,"Agriculture","Eaagads",4,23.25,747650250,7500
2018-02-06,"Agriculture","Eaagads",2,23,739611000,100
2018-02-08,"Agriculture","Eaagads",2,21.5,691375500,200
2018-02-13,"Agriculture","Eaagads",2,23.5,755689500,1900
2018-02-15,"Agriculture","Eaagads",2,24.75,795885750,100
2018-02-28,"Agriculture","Eaagads",6,24.5,787846500,100
2018-03-07,"Agriculture","Eaagads",4,23.75,763728750,100
2018-03-13,"Agriculture","Eaagads",2,21.75,699414750,700
2018-03-19,"Agriculture","Eaagads",3,21.25,683336250,1
2018-03-23,"Agriculture","Eaagads",3,20.25,651179250,1400
2018-04-11,"Agriculture","Eaagads",4,20.5,659218500,600
2018-04-26,"Agriculture","Eaagads",2,17.5,562747500,400
2018-05-02,"Agriculture","Eaagads",2,18.5,594904500,1000
2018-05-04,"Agriculture","Eaagads",2,18.1,582041700,1000
2018-05-10,"Agriculture","Eaagads",4,19.9,639924300,100
2018-05-17,"Agriculture","Eaagads",3,19.1,614198700,5400
2018-05-21,"Agriculture","Eaagads",2,19,610983000,700
2018-05-23,"Agriculture","Eaagads",2,19,610983000,200
2018-05-28,"Agriculture","Eaagads",3,18.75,602943750,500
2018-06-05,"Agriculture","Eaagads",4,19,610983000,200
2018-06-12,"Agriculture","Eaagads",2,20,643140000,500
2018-06-19,"Agriculture","Eaagads",2,20.25,651179250,200
2018-06-21,"Agriculture","Eaagads",2,20.25,651179250,400
2018-06-27,"Agriculture","Eaagads",3,21,675297000,100
2018-07-02,"Agriculture","Eaagads",2,19.05,612590850,1100
2018-07-04,"Agriculture","Eaagads",2,20,643140000,700
2018-07-06,"Agriculture","Eaagads",2,20,643140000,100
2018-07-10,"Agriculture","Eaagads",2,21,675297000,1200
2018-07-19,"Agriculture","Eaagads",4,20,643140000,100
2018-07-23,"Agriculture","Eaagads",2,19,610983000,1300
2018-08-09,"Agriculture","Eaagads",8,20.25,651179250,100
2018-08-24,"Agriculture","Eaagads",10,20,643140000,100
2018-09-04,"Agriculture","Eaagads",7,21.5,691375500,200
2018-09-10,"Agriculture","Eaagads",2,20.25,651179250,200
2018-09-17,"Agriculture","Eaagads",4,19.75,635100750,100
2018-09-19,"Agriculture","Eaagads",2,19.75,635100750,200
2018-09-25,"Agriculture","Eaagads",3,19.75,635100750,100
2018-10-01,"Agriculture","Eaagads",3,20,643140000,200
2018-10-05,"Agriculture","Eaagads",4,18,578826000,100
2018-10-15,"Agriculture","Eaagads",2,16.5,530590500,100
2018-10-17,"Agriculture","Eaagads",2,17,546669000,1300
2018-10-26,"Agriculture","Eaagads",6,16.5,530590500,100
2018-10-30,"Agriculture","Eaagads",2,15,482355000,100
2018-11-02,"Agriculture","Eaagads",3,15.1,485570700,5000
2018-11-16,"Agriculture","Eaagads",10,15.15,487178550,100
2018-11-21,"Agriculture","Eaagads",3,16,514512000,100
2018-11-23,"Agriculture","Eaagads",2,16,514512000,200
2018-12-04,"Agriculture","Eaagads",3,14.9,479139300,200
2018-12-06,"Agriculture","Eaagads",2,14.95,480747150,200
2019-01-04,"Agriculture","Eaagads",15,14.5,466276500,1700
2019-01-11,"Agriculture","Eaagads",4,15.05,483962850,6500
2019-01-18,"Agriculture","Eaagads",2,16,514512000,600
2019-01-29,"Agriculture","Eaagads",7,16,514512000,100
2019-01-31,"Agriculture","Eaagads",2,17.6,565963200,100
2019-02-04,"Agriculture","Eaagads",2,17.3,556316100,100
2019-02-07,"Agriculture","Eaagads",3,16,514512000,100
2019-02-15,"Agriculture","Eaagads",2,16,514512000,300
2019-03-01,"Agriculture","Eaagads",4,15.9,511296300,100
2019-03-11,"Agriculture","Eaagads",6,15,482355000,5000
2019-03-15,"Agriculture","Eaagads",4,15.9,511296300,200
2019-03-19,"Agriculture","Eaagads",2,15,482355000,400
2019-03-21,"Agriculture","Eaagads",2,14.95,480747150,2500
2019-03-27,"Agriculture","Eaagads",3,14.3,459845100,100
2019-04-04,"Agriculture","Eaagads",6,14.3,459845100,100
2019-04-09,"Agriculture","Eaagads",2,13.6,437335200,4000
2019-04-11,"Agriculture","Eaagads",2,14,450198000,100
2019-04-17,"Agriculture","Eaagads",4,14,450198000,100
2019-04-24,"Agriculture","Eaagads",2,12.5,401962500,300
2019-04-30,"Agriculture","Eaagads",2,13.75,442158750,1000
2019-05-07,"Agriculture","Eaagads",2,12.5,401962500,1800
2019-05-13,"Agriculture","Eaagads",3,12.75,410001750,2000
2019-05-17,"Agriculture","Eaagads",3,11.3,363374100,1000
2019-05-23,"Agriculture","Eaagads",4,11.3,363374100,1000
2019-06-11,"Agriculture","Eaagads",6,12,385884000,1800
2019-06-17,"Agriculture","Eaagads",2,12,385884000,400
2019-06-20,"Agriculture","Eaagads",2,12,385884000,200
2019-06-28,"Agriculture","Eaagads",5,12,385884000,200
2019-07-03,"Agriculture","Eaagads",3,12,385884000,6800
2019-07-11,"Agriculture","Eaagads",3,13.1,421256700,100
2019-07-15,"Agriculture","Eaagads",2,13.2,424472400,200
2019-07-23,"Agriculture","Eaagads",5,13.3,427688100,5500
2019-07-29,"Agriculture","Eaagads",4,13.3,427688100,100
2019-08-01,"Agriculture","Eaagads",2,13.5,434119500,200
2019-08-07,"Agriculture","Eaagads",4,13.5,434119500,100
2019-08-09,"Agriculture","Eaagads",2,13.5,434119500,5000
2019-08-19,"Agriculture","Eaagads",4,13.55,435727350,300
2019-08-30,"Agriculture","Eaagads",8,12.5,401962500,100
2019-09-03,"Agriculture","Eaagads",2,12.45,400354650,300
2019-09-12,"Agriculture","Eaagads",2,11.4,366589800,100
2019-09-17,"Agriculture","Eaagads",2,12,385884000,12700
2019-10-01,"Agriculture","Eaagads",2,13.95,448590150,700
2019-10-04,"Agriculture","Eaagads",2,12.5,401962500,100
2019-10-18,"Agriculture","Eaagads",7,12.2,392315400,800
2019-10-24,"Agriculture","Eaagads",3,12.5,401962500,200
2019-10-31,"Agriculture","Eaagads",5,12.5,401962500,4800
2019-11-04,"Agriculture","Eaagads",2,12.5,401962500,3100
2019-11-08,"Agriculture","Eaagads",4,12.5,401962500,1900
2019-11-12,"Agriculture","Eaagads",2,12.5,401962500,500
2019-11-14,"Agriculture","Eaagads",2,11.5,369805500,1300
2019-11-19,"Agriculture","Eaagads",3,10.4,334432800,100
2019-11-29,"Agriculture","Eaagads",8,10.45,336040650,700
2019-12-05,"Agriculture","Eaagads",3,10.3,331217100,100
2019-12-16,"Agriculture","Eaagads",3,11.25,361766250,300
2019-12-19,"Agriculture","Eaagads",3,11.3,363374100,100
2019-12-23,"Agriculture","Eaagads",2,12.3,395531100,1100
2019-12-31,"Agriculture","Eaagads",2,10.1,324785700,400
2020-01-03,"Agriculture","Eaagads",2,10.5,337648500,900
2020-01-24,"Agriculture","Eaagads",14,10.05,323177850,1100
2020-01-30,"Agriculture","Eaagads",4,11,353727000,100
2020-02-05,"Agriculture","Eaagads",2,10.75,345687750,200
2020-02-12,"Agriculture","Eaagads",2,10.9,350511300,1600
2020-02-17,"Agriculture","Eaagads",2,11,353727000,5400
2020-02-24,"Agriculture","Eaagads",5,9.9,318354300,100
2020-02-26,"Agriculture","Eaagads",2,10,321570000,100
2020-03-05,"Agriculture","Eaagads",6,10,321570000,100
2020-03-11,"Agriculture","Eaagads",4,10.95,352119150,500
2020-03-31,"Agriculture","Eaagads",12,11,353727000,100
2020-04-06,"Agriculture","Eaagads",4,10,321570000,100
2020-04-09,"Agriculture","Eaagads",2,10,321570000,2000
2020-04-23,"Agriculture","Eaagads",8,10,321570000,600
2020-04-28,"Agriculture","Eaagads",3,10,321570000,200
2020-05-08,"Agriculture","Eaagads",7,9,289413000,2400
2020-05-15,"Agriculture","Eaagads",5,8.24,264973680,14400
2020-05-27,"Agriculture","Eaagads",7,8.24,264973680,100
2020-06-03,"Agriculture","Eaagads",4,8.24,264973680,800
2020-06-08,"Agriculture","Eaagads",3,9,289413000,2100
2020-06-16,"Agriculture","Eaagads",5,9.9,318354300,100
2020-06-18,"Agriculture","Eaagads",2,9.9,318354300,100
2020-06-26,"Agriculture","Eaagads",2,9.92,318997440,5100
2020-06-30,"Agriculture","Eaagads",2,9.9,318354300,1100
2020-07-02,"Agriculture","Eaagads",2,9,289413000,41200
2020-07-07,"Agriculture","Eaagads",3,9,289413000,400
2020-07-09,"Agriculture","Eaagads",2,9.9,318354300,500
2020-07-14,"Agriculture","Eaagads",2,9.9,318354300,800
2020-07-20,"Agriculture","Eaagads",4,10,321570000,500
2020-07-23,"Agriculture","Eaagads",2,10,321570000,600
2020-08-10,"Agriculture","Eaagads",8,10.5,337648500,2000
2020-08-14,"Agriculture","Eaagads",4,10.35,332824950,400
2020-08-20,"Agriculture","Eaagads",2,10,321570000,800
2020-08-25,"Agriculture","Eaagads",2,10.5,337648500,200
2020-09-02,"Agriculture","Eaagads",6,11.5,369805500,200
2020-09-04,"Agriculture","Eaagads",2,12.5,401962500,300
2020-09-14,"Agriculture","Eaagads",4,11.25,361766250,100
2020-09-21,"Agriculture","Eaagads",2,13.15,422864550,100
2020-09-23,"Agriculture","Eaagads",2,13.15,422864550,200
2020-09-28,"Agriculture","Eaagads",3,13.15,422864550,300
2020-10-01,"Agriculture","Eaagads",2,13.15,422864550,300
2020-10-06,"Agriculture","Eaagads",3,13.95,448590150,2800
2020-10-08,"Agriculture","Eaagads",2,13.2,424472400,1500
2020-10-13,"Agriculture","Eaagads",2,13.2,424472400,500
2020-10-15,"Agriculture","Eaagads",2,13.25,426080250,100
2020-10-29,"Agriculture","Eaagads",9,13.25,426080250,3200
2020-11-09,"Agriculture","Eaagads",7,14,450198000,100
2020-11-13,"Agriculture","Eaagads",3,12.7,408393900,100
2020-11-23,"Agriculture","Eaagads",3,12.7,408393900,500
2020-12-11,"Agriculture","Eaagads",14,12.1,389099700,800
2020-12-15,"Agriculture","Eaagads",2,12.7,408393900,100
2020-12-22,"Agriculture","Eaagads",4,12.35,397138950,200
2020-12-30,"Agriculture","Eaagads",4,12.5,401962500,300
2021-01-04,"Agriculture","Eaagads",2,12.5,401962500,3200
2021-01-07,"Agriculture","Eaagads",3,13.5,434119500,100
2021-01-11,"Agriculture","Eaagads",2,13.5,434119500,100
2021-01-19,"Agriculture","Eaagads",4,13.85,445374450,300
2021-02-04,"Agriculture","Eaagads",12,13.85,445374450,100
2021-02-09,"Agriculture","Eaagads",3,12.5,401962500,2200
2021-02-12,"Agriculture","Eaagads",3,12.5,401962500,100
2021-02-23,"Agriculture","Eaagads",7,13.35,429295950,200
2021-02-25,"Agriculture","Eaagads",2,13,418041000,1000
2021-03-01,"Agriculture","Eaagads",2,13.75,442158750,3700
2021-03-03,"Agriculture","Eaagads",2,13,418041000,200
2021-03-10,"Agriculture","Eaagads",2,13,418041000,4400
2021-03-31,"Agriculture","Eaagads",10,14.3,459845100,100
2021-04-06,"Agriculture","Eaagads",2,13.9,446982300,600
2021-04-13,"Agriculture","Eaagads",5,13.95,448590150,1900
2021-04-20,"Agriculture","Eaagads",2,15,482355000,800
2021-04-27,"Agriculture","Eaagads",5,15,482355000,600
2021-04-29,"Agriculture","Eaagads",2,14,450198000,2000
2021-05-03,"Agriculture","Eaagads",2,14,450198000,9200
2021-05-05,"Agriculture","Eaagads",2,14,450198000,2000
2021-05-10,"Agriculture","Eaagads",3,14,450198000,400
2021-05-19,"Agriculture","Eaagads",2,15,482355000,100
2021-05-25,"Agriculture","Eaagads",2,15,482355000,200
2021-05-28,"Agriculture","Eaagads",3,14,450198000,1200
2021-06-03,"Agriculture","Eaagads",2,14,450198000,1100
2021-06-22,"Agriculture","Eaagads",3,12.1,389099700,500
2021-07-19,"Agriculture","Eaagads",3,11,353727000,10100
2021-07-30,"Agriculture","Eaagads",4,11.5,369805500,1400
2021-08-10,"Agriculture","Eaagads",2,11.3,363374100,500
2021-08-17,"Agriculture","Eaagads",2,12.4,398746800,100
2021-08-26,"Agriculture","Eaagads",3,13,418041000,500
2021-08-30,"Agriculture","Eaagads",2,14,450198000,9400
2021-09-02,"Agriculture","Eaagads",2,14,450198000,500
2021-09-06,"Agriculture","Eaagads",2,12.95,416433150,1200
2021-09-08,"Agriculture","Eaagads",2,13,418041000,2700
2021-09-20,"Agriculture","Eaagads",5,14,450198000,400
2021-09-24,"Agriculture","Eaagads",3,12.8,411609600,4100
2021-10-01,"Agriculture","Eaagads",2,13.9,446982300,200
2021-10-12,"Agriculture","Eaagads",2,12,385884000,1000
2021-10-14,"Agriculture","Eaagads",2,13,418041000,100
2021-10-21,"Agriculture","Eaagads",4,13.2,424472400,1100
2021-10-25,"Agriculture","Eaagads",2,12.75,410001750,200
2021-10-27,"Agriculture","Eaagads",2,12.45,400354650,300
2021-11-08,"Agriculture","Eaagads",2,14,450198000,100
2021-11-11,"Agriculture","Eaagads",3,12.7,408393900,1100
2021-11-23,"Agriculture","Eaagads",6,14,450198000,100
2021-11-29,"Agriculture","Eaagads",4,12.9,414825300,1200
2021-12-10,"Agriculture","Eaagads",4,13.95,448590150,400
2021-12-20,"Agriculture","Eaagads",4,12.85,413217450,100
2021-12-23,"Agriculture","Eaagads",3,13.8,443766600,500
2021-12-28,"Agriculture","Eaagads",2,13.5,434119500,100
2022-01-03,"Agriculture","Eaagads",4,13.5,434119500,4000
2022-01-06,"Agriculture","Eaagads",2,13.8,443766600,100
2022-01-12,"Agriculture","Eaagads",4,12.9,414825300,200
2022-01-14,"Agriculture","Eaagads",2,13.8,443766600,500
2022-01-18,"Agriculture","Eaagads",2,13.9,446982300,9100
2022-01-20,"Agriculture","Eaagads",2,13.8,443766600,1000
2022-01-25,"Agriculture","Eaagads",3,13.8,443766600,1000
2022-02-04,"Agriculture","Eaagads",2,13.5,434119500,100
2022-02-15,"Agriculture","Eaagads",4,13,418041000,300
2022-02-23,"Agriculture","Eaagads",4,13.5,434119500,100
2022-02-28,"Agriculture","Eaagads",2,12.35,397138950,100
2022-03-14,"Agriculture","Eaagads",9,12.6,405178200,500
2022-03-16,"Agriculture","Eaagads",2,13.5,434119500,100
2022-03-30,"Agriculture","Eaagads",8,12.65,406786050,1200
2022-04-06,"Agriculture","Eaagads",5,12.65,406786050,100
2022-05-04,"Agriculture","Eaagads",15,11.45,368197650,100
2022-05-10,"Agriculture","Eaagads",2,12,385884000,100
2022-05-12,"Agriculture","Eaagads",2,13.1,421256700,1100
2022-05-20,"Agriculture","Eaagads",5,12.3,395531100,400
2022-06-17,"Agriculture","Eaagads",18,13.45,432511650,100
2022-06-24,"Agriculture","Eaagads",5,13.45,432511650,100
2022-07-01,"Agriculture","Eaagads",5,13.15,422864550,400
2022-07-08,"Agriculture","Eaagads",5,13.15,422864550,100
2022-07-13,"Agriculture","Eaagads",2,13.15,422864550,1100
2022-07-20,"Agriculture","Eaagads",4,13.75,442158750,100
2022-07-27,"Agriculture","Eaagads",5,13.7,440550900,2000
2022-08-02,"Agriculture","Eaagads",4,13.7,440550900,700
2022-08-08,"Agriculture","Eaagads",2,13.7,440550900,300
2022-08-16,"Agriculture","Eaagads",5,13.8,443766600,800
2022-08-24,"Agriculture","Eaagads",3,13.5,434119500,16000
2022-09-01,"Agriculture","Eaagads",4,12.8,411609600,400
2022-09-14,"Agriculture","Eaagads",7,13.15,422864550,300
2022-09-19,"Agriculture","Eaagads",2,13.45,432511650,100
2022-09-30,"Agriculture","Eaagads",8,13.45,432511650,1000
2022-10-04,"Agriculture","Eaagads",2,13.1,421256700,300
2022-10-14,"Agriculture","Eaagads",5,11.8,379452600,600
2022-10-21,"Agriculture","Eaagads",2,12.9,414825300,500
2022-11-03,"Agriculture","Eaagads",4,11.55,371413350,2300
2022-11-14,"Agriculture","Eaagads",4,11.95,384276150,100
2022-11-17,"Agriculture","Eaagads",2,11.5,369805500,700
2022-11-25,"Agriculture","Eaagads",6,11.25,361766250,4500
2022-12-06,"Agriculture","Eaagads",3,10.7,344079900,800
2022-12-08,"Agriculture","Eaagads",2,10.75,345687750,3300
2022-12-14,"Agriculture","Eaagads",3,10.8,347295600,200
2022-12-16,"Agriculture","Eaagads",2,10.7,344079900,400
2022-12-22,"Agriculture","Eaagads",2,10.7,344079900,300
2022-12-29,"Agriculture","Eaagads",2,10.7,344079900,100
2023-01-11,"Agriculture","Eaagads",5,11.35,364981950,700
2023-01-13,"Agriculture","Eaagads",2,11.25,361766250,200
2023-01-18,"Agriculture","Eaagads",3,11.3,363374100,300
2023-01-23,"Agriculture","Eaagads",3,10.4,334432800,1000
2023-01-26,"Agriculture","Eaagads",2,11.4,366589800,1200
2023-01-31,"Agriculture","Eaagads",2,11.2,360158400,200
2023-02-06,"Agriculture","Eaagads",2,10.8,347295600,1300
2023-02-14,"Agriculture","Eaagads",4,11.4,366589800,500
2023-02-23,"Agriculture","Eaagads",2,10.95,352119150,1000
2023-03-10,"Agriculture","Eaagads",2,11.5,369805500,800
2023-03-22,"Agriculture","Eaagads",5,11.5,369805500,300
2023-03-28,"Agriculture","Eaagads",3,11.5,369805500,1000
2023-04-28,"Agriculture","Eaagads",2,11.5,369805500,20900
2023-05-11,"Agriculture","Eaagads",2,11.5,369805500,4700
2023-05-16,"Agriculture","Eaagads",2,11.3,363374100,2000
2023-05-22,"Agriculture","Eaagads",2,10.35,332824950,100
2023-05-26,"Agriculture","Eaagads",3,11.35,364981950,100
2023-06-09,"Agriculture","Eaagads",7,11.3,363374100,1700
2023-06-20,"Agriculture","Eaagads",2,12,385884000,1800
2023-07-03,"Agriculture","Eaagads",4,13.1,421256700,100
2023-07-07,"Agriculture","Eaagads",2,13.1,421256700,1000
2023-07-14,"Agriculture","Eaagads",2,13,418041000,3000
2023-07-31,"Agriculture","Eaagads",6,14,450198000,2000
2023-08-02,"Agriculture","Eaagads",2,13.1,421256700,1000
2023-08-07,"Agriculture","Eaagads",3,14.4,463060800,1100
2023-08-11,"Agriculture","Eaagads",4,14.4,463060800,800
2023-08-29,"Agriculture","Eaagads",9,13.4,430903800,200
2023-08-31,"Agriculture","Eaagads",2,13.45,432511650,100
2023-09-07,"Agriculture","Eaagads",2,13.75,442158750,2900
2023-09-14,"Agriculture","Eaagads",4,13.45,432511650,100
2023-10-03,"Agriculture","Eaagads",10,14,450198000,100
2023-10-09,"Agriculture","Eaagads",2,13.7,440550900,100
2023-10-12,"Agriculture","Eaagads",2,13.5,434119500,100
2023-10-18,"Agriculture","Eaagads",2,13.5,434119500,400
2023-10-23,"Agriculture","Eaagads",2,13.2,424472400,1900
2023-10-25,"Agriculture","Eaagads",2,14,450198000,500
2023-10-27,"Agriculture","Eaagads",2,13.4,430903800,3300
2023-11-08,"Agriculture","Eaagads",4,13.1,421256700,600
2023-11-16,"Agriculture","Eaagads",3,11.8,379452600,1800
2023-11-21,"Agriculture","Eaagads",2,13,418041000,100
2023-11-27,"Agriculture","Eaagads",4,11.8,379452600,1900
2023-12-01,"Agriculture","Eaagads",3,12.7,408393900,1900
2023-12-06,"Agriculture","Eaagads",2,13.95,448590150,500
2023-12-08,"Agriculture","Eaagads",2,13.95,448590150,100
2023-12-13,"Agriculture","Eaagads",2,13.55,435727350,500
2023-12-20,"Agriculture","Eaagads",5,12.8,411609600,1000
2024-01-02,"Agriculture","Eaagads",5,12.8,411609600,100
2024-01-04,"Agriculture","Eaagads",2,13.95,448590150,100
2024-01-08,"Agriculture","Eaagads",2,12.85,413217450,800
2024-01-18,"Agriculture","Eaagads",6,13,418041000,300
2024-01-22,"Agriculture","Eaagads",2,13.85,445374450,400
2024-01-26,"Agriculture","Eaagads",4,12.5,401962500,1000
2024-01-31,"Agriculture","Eaagads",3,12.6,405178200,300
2024-02-05,"Agriculture","Eaagads",3,12.6,405178200,400
2024-02-12,"Agriculture","Eaagads",3,13,418041000,500
2024-02-16,"Agriculture","Eaagads",3,13.05,419648850,4800
2024-03-01,"Agriculture","Eaagads",4,13,418041000,1600
2024-03-06,"Agriculture","Eaagads",3,13.6,437335200,400
2024-03-12,"Agriculture","Eaagads",3,13.6,437335200,600
2024-03-14,"Agriculture","Eaagads",2,14,450198000,100
2024-03-27,"Agriculture","Eaagads",9,13.95,448590150,400
2024-04-08,"Agriculture","Eaagads",3,13,418041000,400
2024-04-15,"Agriculture","Eaagads",3,12.5,401962500,1900
2024-04-23,"Agriculture","Eaagads",6,12,385884000,1800
2024-05-07,"Agriculture","Eaagads",9,13,418041000,100
2024-05-16,"Agriculture","Eaagads",5,12.9,414825300,800
2024-05-20,"Agriculture","Eaagads",2,11.65,374629050,1300
2024-05-23,"Agriculture","Eaagads",3,12.5,401962500,100
2024-05-30,"Agriculture","Eaagads",2,12.4,398746800,9400
2024-06-07,"Agriculture","Eaagads",5,14.5,466276500,600
2024-06-11,"Agriculture","Eaagads",2,13.55,435727350,1700
2024-06-13,"Agriculture","Eaagads",2,12.85,413217450,2000
2024-06-26,"Agriculture","Eaagads",8,13.1,421256700,400
2024-06-28,"Agriculture","Eaagads",2,13,418041000,1000
2024-07-02,"Agriculture","Eaagads",2,13.3,427688100,300
2024-07-08,"Agriculture","Eaagads",4,13.3,427688100,100
2024-07-12,"Agriculture","Eaagads",2,13,418041000,500
2024-07-24,"Agriculture","Eaagads",6,13.15,422864550,600
2024-08-02,"Agriculture","Eaagads",5,11.85,381060450,100
2024-08-08,"Agriculture","Eaagads",2,14,450198000,100
2024-08-14,"Agriculture","Eaagads",4,12.9,414825300,3300
2024-08-20,"Agriculture","Eaagads",3,12.9,414825300,200
2024-08-26,"Agriculture","Eaagads",3,12.9,414825300,100
2024-09-05,"Agriculture","Eaagads",7,12.8,411609600,100
2024-09-10,"Agriculture","Eaagads",3,12.8,411609600,100
2024-09-16,"Agriculture","Eaagads",2,12.8,411609600,100
2024-09-19,"Agriculture","Eaagads",2,12.7,408393900,700
2024-09-23,"Agriculture","Eaagads",2,11.45,368197650,500
2024-09-27,"Agriculture","Eaagads",3,12.65,406786050,3100
2024-10-07,"Agriculture","Eaagads",2,10.8,347295600,100
2024-10-09,"Agriculture","Eaagads",2,10.8,347295600,100
2024-10-23,"Agriculture","Eaagads",8,11,353727000,500
2024-10-25,"Agriculture","Eaagads",2,11.9,382668300,800
2024-10-31,"Agriculture","Eaagads",3,12,385884000,2400
2024-11-08,"Agriculture","Eaagads",3,12,385884000,200
2024-11-18,"Agriculture","Eaagads",2,13,418041000,300
2024-11-20,"Agriculture","Eaagads",2,13,418041000,1000
2024-11-26,"Agriculture","Eaagads",3,12,385884000,400
2024-12-02,"Agriculture","Eaagads",4,12,385884000,200
2024-12-09,"Agriculture","Eaagads",4,12,385884000,400
2024-12-13,"Agriculture","Eaagads",3,12,385884000,300
2024-12-20,"Agriculture","Eaagads",3,12,385884000,8600
2025-01-02,"Agriculture","Eaagads",4,12,385884000,
2016-08-05,"Agriculture","Kakuzi",3,271,5311599729,100
2016-08-11,"Agriculture","Kakuzi",4,250,4899999750,100
2016-08-18,"Agriculture","Kakuzi",5,253,4958799747,100
2016-08-24,"Agriculture","Kakuzi",4,253,4958799747,400
2016-08-26,"Agriculture","Kakuzi",2,254,4978399746,600
2016-09-01,"Agriculture","Kakuzi",4,270,5291999730,3000
2016-09-05,"Agriculture","Kakuzi",2,270,5291999730,200
2016-09-07,"Agriculture","Kakuzi",2,270,5291999730,5000
2016-09-09,"Agriculture","Kakuzi",2,270,5291999730,5300
2016-09-19,"Agriculture","Kakuzi",2,269,5272399731,1500
2016-09-28,"Agriculture","Kakuzi",7,265,5193999735,100
2016-10-07,"Agriculture","Kakuzi",6,256,5017599744,200
2016-10-11,"Agriculture","Kakuzi",2,254,4978399746,300
2016-10-25,"Agriculture","Kakuzi",9,265,5193999735,700
2016-10-28,"Agriculture","Kakuzi",3,265,5193999735,100
2016-11-14,"Agriculture","Kakuzi",11,261,5115599739,100
2016-11-17,"Agriculture","Kakuzi",2,274,5370399726,300
2016-11-25,"Agriculture","Kakuzi",5,280,5487999720,100
2016-12-08,"Agriculture","Kakuzi",6,284,5566399716,100
2016-12-16,"Agriculture","Kakuzi",5,293,5742799707,1900
2016-12-28,"Agriculture","Kakuzi",4,281,5507599719,200
2017-01-09,"Agriculture","Kakuzi",4,308,6036799692,600
2017-01-27,"Agriculture","Kakuzi",13,307,6017199693,37500
2017-01-31,"Agriculture","Kakuzi",2,286,5605599714,200
2017-02-03,"Agriculture","Kakuzi",2,281,5507599719,400
2017-02-10,"Agriculture","Kakuzi",3,266,5213599734,200
2017-02-21,"Agriculture","Kakuzi",7,270,5291999730,100
2017-02-24,"Agriculture","Kakuzi",3,297,5821199703,19900
2017-03-01,"Agriculture","Kakuzi",2,297,5821199703,400
2017-03-07,"Agriculture","Kakuzi",4,273,5350799727,200
2017-03-09,"Agriculture","Kakuzi",2,271,5311599729,10000
2017-03-13,"Agriculture","Kakuzi",2,298,5840799702,300
2017-03-15,"Agriculture","Kakuzi",2,299,5860399701,10700
2017-03-20,"Agriculture","Kakuzi",3,277,5429199723,200
2017-03-23,"Agriculture","Kakuzi",3,300,5879999700,300
2017-03-27,"Agriculture","Kakuzi",2,300,5879999700,100
2017-03-31,"Agriculture","Kakuzi",4,280,5487999720,200
2017-04-04,"Agriculture","Kakuzi",2,308,6036799692,200
2017-04-12,"Agriculture","Kakuzi",5,315,6173999685,100
2017-04-19,"Agriculture","Kakuzi",3,311,6095599689,3000
2017-04-25,"Agriculture","Kakuzi",3,309,6056399691,11600
2017-04-28,"Agriculture","Kakuzi",3,284,5566399716,500
2017-05-05,"Agriculture","Kakuzi",3,315,6173999685,1100
2017-05-12,"Agriculture","Kakuzi",5,316,6193599684,1200
2017-05-24,"Agriculture","Kakuzi",8,315,6173999685,700
2017-05-30,"Agriculture","Kakuzi",3,319,6252399681,900
2017-06-08,"Agriculture","Kakuzi",5,293,5742799707,500
2017-06-12,"Agriculture","Kakuzi",2,294,5762399706,200
2017-06-23,"Agriculture","Kakuzi",9,319,6252399681,100
2017-06-30,"Agriculture","Kakuzi",3,310,6075999690,18000
2017-07-10,"Agriculture","Kakuzi",3,301,5899599699,100
2017-07-14,"Agriculture","Kakuzi",3,317,6213199683,100
2017-07-18,"Agriculture","Kakuzi",2,316,6193599684,3700
2017-07-28,"Agriculture","Kakuzi",8,320,6271999680,1500
2017-08-01,"Agriculture","Kakuzi",2,320,6271999680,500
2017-08-07,"Agriculture","Kakuzi",4,309,6056399691,1500
2017-09-01,"Agriculture","Kakuzi",18,315,6173999685,4300
2017-09-06,"Agriculture","Kakuzi",3,324,6350399676,6000
2017-09-08,"Agriculture","Kakuzi",2,336,6585599664,5400
2017-09-12,"Agriculture","Kakuzi",2,320,6271999680,600
2017-09-14,"Agriculture","Kakuzi",2,320,6271999680,100
2017-09-20,"Agriculture","Kakuzi",4,330,6467999670,500
2017-09-28,"Agriculture","Kakuzi",6,330,6467999670,100
2017-10-05,"Agriculture","Kakuzi",5,345,6761999655,100
2017-10-09,"Agriculture","Kakuzi",2,345,6761999655,500
2017-10-11,"Agriculture","Kakuzi",2,323,6330799677,2000
2017-10-18,"Agriculture","Kakuzi",5,325,6369999675,100
2017-10-24,"Agriculture","Kakuzi",3,330,6467999670,15000
2017-11-02,"Agriculture","Kakuzi",5,324,6350399676,200
2017-11-06,"Agriculture","Kakuzi",2,324,6350399676,400
2017-11-08,"Agriculture","Kakuzi",2,345,6761999655,200
2017-11-13,"Agriculture","Kakuzi",3,345,6761999655,100
2017-11-23,"Agriculture","Kakuzi",7,350,6859999650,100
2017-12-04,"Agriculture","Kakuzi",5,350,6859999650,100
2017-12-08,"Agriculture","Kakuzi",4,350,6859999650,3200
2017-12-13,"Agriculture","Kakuzi",2,327,6409199673,4400
2017-12-20,"Agriculture","Kakuzi",4,329,6448399671,100
2018-01-05,"Agriculture","Kakuzi",8,330,6467999670,300
2018-01-12,"Agriculture","Kakuzi",4,350,6859999650,1800
2018-01-25,"Agriculture","Kakuzi",3,390,7643999610,100
2018-01-30,"Agriculture","Kakuzi",3,355,6957999645,200
2018-02-16,"Agriculture","Kakuzi",13,355,6957999645,500
2018-02-21,"Agriculture","Kakuzi",2,355,6957999645,100
2018-03-02,"Agriculture","Kakuzi",7,390,7643999610,100
2018-03-08,"Agriculture","Kakuzi",4,380,7447999620,100
2018-03-16,"Agriculture","Kakuzi",5,360,7055999640,100
2018-03-23,"Agriculture","Kakuzi",5,355,6957999645,48400
2018-04-13,"Agriculture","Kakuzi",9,390,7643999610,100
2018-04-23,"Agriculture","Kakuzi",4,355,6957999645,5000
2018-05-02,"Agriculture","Kakuzi",5,355,6957999645,300
2018-05-09,"Agriculture","Kakuzi",3,345,6761999655,3000
2018-05-15,"Agriculture","Kakuzi",2,351,6879599649,5000
2018-05-22,"Agriculture","Kakuzi",5,351,6879599649,1500
2018-05-30,"Agriculture","Kakuzi",6,335,6565999665,1000
2018-06-05,"Agriculture","Kakuzi",3,354,6938399646,10300
2018-06-12,"Agriculture","Kakuzi",4,320,6271999680,1000
2018-06-20,"Agriculture","Kakuzi",4,320,6271999680,500
2018-06-28,"Agriculture","Kakuzi",6,320,6271999680,69400
2018-07-12,"Agriculture","Kakuzi",10,320,6271999680,5000
2018-07-16,"Agriculture","Kakuzi",2,320,6271999680,300
2018-07-23,"Agriculture","Kakuzi",5,320,6271999680,600
2018-08-02,"Agriculture","Kakuzi",7,320,6271999680,70000
2018-08-07,"Agriculture","Kakuzi",3,320,6271999680,2700
2018-08-13,"Agriculture","Kakuzi",3,320,6271999680,100
2018-08-17,"Agriculture","Kakuzi",4,320,6271999680,2000
2018-08-27,"Agriculture","Kakuzi",4,316,6193599684,1500
2018-09-04,"Agriculture","Kakuzi",6,316,6193599684,400
2018-09-12,"Agriculture","Kakuzi",6,315,6173999685,800
2018-10-02,"Agriculture","Kakuzi",13,310,6075999690,3000
2018-10-08,"Agriculture","Kakuzi",4,311,6095599689,100
2018-10-12,"Agriculture","Kakuzi",2,310,6075999690,2000
2018-10-24,"Agriculture","Kakuzi",8,310,6075999690,25000
2018-11-22,"Agriculture","Kakuzi",20,310,6075999690,400
2018-12-05,"Agriculture","Kakuzi",9,310,6075999690,200
2018-12-19,"Agriculture","Kakuzi",9,310,6075999690,1100
2018-12-28,"Agriculture","Kakuzi",4,310,6075999690,100
2019-01-14,"Agriculture","Kakuzi",9,310,6075999690,1000
2019-01-16,"Agriculture","Kakuzi",2,314.75,6169099685,41800
2019-01-18,"Agriculture","Kakuzi",2,310,6075999690,200
2019-01-22,"Agriculture","Kakuzi",2,310,6075999690,1300
2019-02-01,"Agriculture","Kakuzi",7,310,6075999690,100
2019-02-18,"Agriculture","Kakuzi",11,320,6271999680,400
2019-02-22,"Agriculture","Kakuzi",3,320,6271999680,1300
2019-03-07,"Agriculture","Kakuzi",7,310,6075999690,500
2019-03-15,"Agriculture","Kakuzi",5,310,6075999690,4000
2019-03-19,"Agriculture","Kakuzi",2,310,6075999690,400
2019-04-04,"Agriculture","Kakuzi",11,300,5879999700,100
2019-04-11,"Agriculture","Kakuzi",5,300,5879999700,300
2019-05-24,"Agriculture","Kakuzi",28,310,6075999690,131500
2019-06-19,"Agriculture","Kakuzi",17,310,6075999690,500
2019-06-24,"Agriculture","Kakuzi",3,341,6683599659,100
2019-07-01,"Agriculture","Kakuzi",5,310,6075999690,126700
2019-07-05,"Agriculture","Kakuzi",4,340,6663999660,200
2019-07-09,"Agriculture","Kakuzi",2,340,6663999660,100
2019-07-22,"Agriculture","Kakuzi",9,340,6663999660,100
2019-07-25,"Agriculture","Kakuzi",2,340,6663999660,100
2019-08-08,"Agriculture","Kakuzi",9,340,6663999660,100
2019-09-06,"Agriculture","Kakuzi",20,350,6859999650,100
2019-09-18,"Agriculture","Kakuzi",8,385,7545999615,100
2019-09-24,"Agriculture","Kakuzi",4,423.5,8300599577,100
2019-09-26,"Agriculture","Kakuzi",2,423.5,8300599577,100
2019-10-02,"Agriculture","Kakuzi",3,423.25,8295699577,100
2019-10-18,"Agriculture","Kakuzi",11,423.5,8300599577,200
2019-10-24,"Agriculture","Kakuzi",3,423.5,8300599577,100
2019-11-05,"Agriculture","Kakuzi",8,410,8035999590,200
2019-11-11,"Agriculture","Kakuzi",3,360,7055999640,300
2019-11-13,"Agriculture","Kakuzi",2,361,7075599639,1500
2019-11-20,"Agriculture","Kakuzi",4,345,6761999655,400
2019-11-26,"Agriculture","Kakuzi",4,350,6859999650,100
2019-12-03,"Agriculture","Kakuzi",5,350,6859999650,300
2019-12-09,"Agriculture","Kakuzi",2,350,6859999650,13000
2019-12-16,"Agriculture","Kakuzi",4,350,6859999650,1100
2019-12-20,"Agriculture","Kakuzi",4,340,6663999660,100
2019-12-24,"Agriculture","Kakuzi",2,340,6663999660,100
2020-01-03,"Agriculture","Kakuzi",5,340,6663999660,100
2020-01-09,"Agriculture","Kakuzi",4,360,7055999640,100
2020-01-16,"Agriculture","Kakuzi",5,340.25,6668899660,1600
2020-01-20,"Agriculture","Kakuzi",2,310,6075999690,200
2020-01-27,"Agriculture","Kakuzi",5,310,6075999690,100
2020-02-10,"Agriculture","Kakuzi",7,320,6271999680,100
2020-02-24,"Agriculture","Kakuzi",9,318,6232799682,500
2020-02-27,"Agriculture","Kakuzi",3,320,6271999680,100
2020-03-12,"Agriculture","Kakuzi",9,319.75,6267099680,1200
2020-03-18,"Agriculture","Kakuzi",4,320,6271999680,2600
2020-03-23,"Agriculture","Kakuzi",3,320,6271999680,300
2020-04-06,"Agriculture","Kakuzi",9,301,5899599699,100
2020-04-14,"Agriculture","Kakuzi",4,301,5899599699,3800
2020-04-22,"Agriculture","Kakuzi",6,310,6075999690,100
2020-04-29,"Agriculture","Kakuzi",5,341,6683599659,400
2020-05-20,"Agriculture","Kakuzi",14,360,7055999640,200
2020-06-02,"Agriculture","Kakuzi",5,321,6291599679,100
2020-06-05,"Agriculture","Kakuzi",3,330,6467999670,200
2020-06-16,"Agriculture","Kakuzi",7,321.75,6306299678,3500
2020-06-18,"Agriculture","Kakuzi",2,332,6507199668,100
2020-06-22,"Agriculture","Kakuzi",2,340,6663999660,200
2020-06-26,"Agriculture","Kakuzi",4,325,6369999675,200
2020-07-13,"Agriculture","Kakuzi",11,328,6428799672,100
2020-07-20,"Agriculture","Kakuzi",5,360,7055999640,100
2020-07-24,"Agriculture","Kakuzi",4,395.75,7756699604,300
2020-08-06,"Agriculture","Kakuzi",8,375,7349999625,100
2020-08-11,"Agriculture","Kakuzi",3,397,7781199603,300
2020-08-17,"Agriculture","Kakuzi",2,385.25,7550899615,1600
2020-08-21,"Agriculture","Kakuzi",4,391,7663599609,100
2020-09-07,"Agriculture","Kakuzi",11,391,7663599609,100
2020-09-18,"Agriculture","Kakuzi",9,385,7545999615,100
2020-10-12,"Agriculture","Kakuzi",16,380,7447999620,100
2020-10-16,"Agriculture","Kakuzi",3,380,7447999620,100
2020-10-22,"Agriculture","Kakuzi",3,380,7447999620,100
2020-10-27,"Agriculture","Kakuzi",2,375,7349999625,100
2020-11-02,"Agriculture","Kakuzi",2,370,7251999630,100
2020-11-05,"Agriculture","Kakuzi",3,370.75,7266699629,1000
2020-11-11,"Agriculture","Kakuzi",2,368.5,7222599632,2300
2020-11-23,"Agriculture","Kakuzi",7,365,7153999635,100
2020-12-03,"Agriculture","Kakuzi",8,365,7153999635,100
2020-12-22,"Agriculture","Kakuzi",13,370,7251999630,100
2020-12-28,"Agriculture","Kakuzi",3,365,7153999635,100
2021-01-14,"Agriculture","Kakuzi",12,370,7251999630,100
2021-01-25,"Agriculture","Kakuzi",7,365,7153999635,100
2021-02-03,"Agriculture","Kakuzi",7,370,7251999630,100
2021-02-08,"Agriculture","Kakuzi",3,365,7153999635,200
2021-02-24,"Agriculture","Kakuzi",11,370,7251999630,1100
2021-03-01,"Agriculture","Kakuzi",3,371,7271599629,100
2021-03-12,"Agriculture","Kakuzi",8,365,7153999635,100
2021-03-17,"Agriculture","Kakuzi",3,365,7153999635,100
2021-03-23,"Agriculture","Kakuzi",3,362,7095199638,500
2021-03-29,"Agriculture","Kakuzi",3,355,6957999645,100
2021-04-06,"Agriculture","Kakuzi",4,351,6879599649,300
2021-04-14,"Agriculture","Kakuzi",6,355,6957999645,100
2021-04-30,"Agriculture","Kakuzi",12,358.25,7021699642,300
2021-05-05,"Agriculture","Kakuzi",3,360,7055999640,100
2021-06-02,"Agriculture","Kakuzi",17,380,7447999620,100
2021-06-14,"Agriculture","Kakuzi",8,405,7937999595,100
2021-06-16,"Agriculture","Kakuzi",2,385,7545999615,1000
2021-06-22,"Agriculture","Kakuzi",3,405,7937999595,200
2021-06-25,"Agriculture","Kakuzi",3,405,7937999595,100
2021-06-30,"Agriculture","Kakuzi",2,405,7937999595,200
2021-07-09,"Agriculture","Kakuzi",6,372.75,7305899627,600
2021-07-15,"Agriculture","Kakuzi",4,372.75,7305899627,100
2021-07-27,"Agriculture","Kakuzi",7,410,8035999590,100
2021-08-10,"Agriculture","Kakuzi",7,415,8133999585,100
2021-08-16,"Agriculture","Kakuzi",4,415,8133999585,100
2021-08-19,"Agriculture","Kakuzi",2,382,7487199618,100
2021-08-23,"Agriculture","Kakuzi",2,415,8133999585,100
2021-08-31,"Agriculture","Kakuzi",6,410,8035999590,100
2021-09-06,"Agriculture","Kakuzi",3,383,7506799617,100
2021-09-08,"Agriculture","Kakuzi",2,385.25,7550899615,100
2021-09-24,"Agriculture","Kakuzi",12,390,7643999610,100
2021-09-30,"Agriculture","Kakuzi",3,384.5,7536199616,300
2021-10-27,"Agriculture","Kakuzi",17,385,7545999615,100
2021-11-01,"Agriculture","Kakuzi",3,415,8133999585,100
2021-11-10,"Agriculture","Kakuzi",6,385,7545999615,100
2021-11-16,"Agriculture","Kakuzi",3,385,7545999615,100
2021-11-24,"Agriculture","Kakuzi",6,423.5,8300599577,200
2021-12-15,"Agriculture","Kakuzi",14,385,7545999615,61600
2022-01-05,"Agriculture","Kakuzi",14,420,8231999580,100
2022-01-11,"Agriculture","Kakuzi",4,385,7545999615,300
2022-01-18,"Agriculture","Kakuzi",5,385,7545999615,400
2022-01-20,"Agriculture","Kakuzi",2,419,8212399581,100
2022-01-25,"Agriculture","Kakuzi",3,418,8192799582,100
2022-02-01,"Agriculture","Kakuzi",5,418,8192799582,200
2022-02-07,"Agriculture","Kakuzi",4,418,8192799582,200
2022-02-09,"Agriculture","Kakuzi",2,418,8192799582,100
2022-02-11,"Agriculture","Kakuzi",2,410,8035999590,100
2022-02-16,"Agriculture","Kakuzi",3,415,8133999585,100
2022-02-18,"Agriculture","Kakuzi",2,392.5,7692999608,1000
2022-02-22,"Agriculture","Kakuzi",2,415,8133999585,100
2022-02-28,"Agriculture","Kakuzi",4,415,8133999585,300
2022-03-23,"Agriculture","Kakuzi",17,415,8133999585,300
2022-03-29,"Agriculture","Kakuzi",4,425,8329999575,400
2022-03-31,"Agriculture","Kakuzi",2,424.5,8320199576,200
2022-04-14,"Agriculture","Kakuzi",10,424.5,8320199576,200
2022-04-20,"Agriculture","Kakuzi",2,427,8369199573,100
2022-04-22,"Agriculture","Kakuzi",2,409,8016399591,300
2022-05-19,"Agriculture","Kakuzi",15,400,7839999600,100
2022-06-06,"Agriculture","Kakuzi",10,386,7565599614,100
2022-06-09,"Agriculture","Kakuzi",3,424,8310399576,100
2022-06-20,"Agriculture","Kakuzi",7,424,8310399576,100
2022-06-27,"Agriculture","Kakuzi",5,441.25,8648499559,300
2022-07-06,"Agriculture","Kakuzi",7,397.5,7790999603,1100
2022-07-08,"Agriculture","Kakuzi",2,390,7643999610,428100
2022-07-19,"Agriculture","Kakuzi",5,405,7937999595,100
2022-07-22,"Agriculture","Kakuzi",3,400,7839999600,100
2022-07-28,"Agriculture","Kakuzi",4,367.5,7202999633,200
2022-08-03,"Agriculture","Kakuzi",4,368.25,7217699632,1500
2022-08-15,"Agriculture","Kakuzi",7,400,7839999600,100
2022-08-17,"Agriculture","Kakuzi",2,400,7839999600,1100
2022-08-19,"Agriculture","Kakuzi",2,368.25,7217699632,1900
2022-08-23,"Agriculture","Kakuzi",2,400,7839999600,300
2022-08-26,"Agriculture","Kakuzi",3,400,7839999600,100
2022-09-01,"Agriculture","Kakuzi",3,399,7820399601,700
2022-09-12,"Agriculture","Kakuzi",4,394,7722399606,200
2022-09-16,"Agriculture","Kakuzi",2,390,7643999610,300
2022-09-26,"Agriculture","Kakuzi",6,390,7643999610,300
2022-09-28,"Agriculture","Kakuzi",2,393.5,7712599607,400
2022-09-30,"Agriculture","Kakuzi",2,394.5,7732199606,400
2022-10-17,"Agriculture","Kakuzi",5,420,8231999580,200
2022-10-19,"Agriculture","Kakuzi",2,390,7643999610,1000
2022-10-26,"Agriculture","Kakuzi",3,420,8231999580,100
2022-10-28,"Agriculture","Kakuzi",2,420,8231999580,200
2022-11-02,"Agriculture","Kakuzi",3,410,8035999590,100
2022-11-04,"Agriculture","Kakuzi",2,415,8133999585,400
2022-11-09,"Agriculture","Kakuzi",3,420,8231999580,400
2022-11-14,"Agriculture","Kakuzi",2,420,8231999580,100
2022-11-17,"Agriculture","Kakuzi",2,420,8231999580,200
2022-11-29,"Agriculture","Kakuzi",6,418,8192799582,100
2022-12-09,"Agriculture","Kakuzi",8,420,8231999580,100
2022-12-20,"Agriculture","Kakuzi",5,420,8231999580,400
2022-12-23,"Agriculture","Kakuzi",2,390,7643999610,100
2022-12-29,"Agriculture","Kakuzi",2,385,7545999615,300
2023-01-12,"Agriculture","Kakuzi",9,385.25,7550899615,4600
2023-01-18,"Agriculture","Kakuzi",4,420,8231999580,100
2023-01-20,"Agriculture","Kakuzi",2,418.25,8197699582,800
2023-01-26,"Agriculture","Kakuzi",4,420,8231999580,400
2023-01-31,"Agriculture","Kakuzi",2,406,7957599594,200
2023-02-02,"Agriculture","Kakuzi",2,405,7937999595,100
2023-02-07,"Agriculture","Kakuzi",3,400,7839999600,700
2023-02-13,"Agriculture","Kakuzi",4,418.25,8197699582,600
2023-02-20,"Agriculture","Kakuzi",2,415,8133999585,200
2023-02-24,"Agriculture","Kakuzi",3,382.5,7496999618,700
2023-03-03,"Agriculture","Kakuzi",4,400.25,7844899600,400
2023-03-13,"Agriculture","Kakuzi",6,385.5,7555799615,100
2023-03-17,"Agriculture","Kakuzi",4,384.25,7531299616,1000
2023-03-22,"Agriculture","Kakuzi",3,240,4703999760,2000
2023-03-30,"Agriculture","Kakuzi",6,264,5174399736,100
2023-04-17,"Agriculture","Kakuzi",10,290.25,5688899710,100
2023-04-24,"Agriculture","Kakuzi",4,319.25,6257299681,100
2023-04-26,"Agriculture","Kakuzi",2,351,6879599649,100
2023-05-03,"Agriculture","Kakuzi",2,426,8349599574,100
2023-05-11,"Agriculture","Kakuzi",2,430,8427999570,200
2023-05-16,"Agriculture","Kakuzi",3,399,7820399601,100
2023-05-18,"Agriculture","Kakuzi",2,429.75,8423099570,100
2023-05-26,"Agriculture","Kakuzi",6,422.25,8276099578,700
2023-06-02,"Agriculture","Kakuzi",2,395,7741999605,200
2023-06-06,"Agriculture","Kakuzi",2,420,8231999580,800
2023-06-09,"Agriculture","Kakuzi",2,395.5,7751799605,900
2023-06-13,"Agriculture","Kakuzi",2,380,7447999620,100
2023-06-27,"Agriculture","Kakuzi",9,382,7487199618,700
2023-07-06,"Agriculture","Kakuzi",5,390,7643999610,100
2023-07-24,"Agriculture","Kakuzi",10,384.5,7536199616,2000
2023-08-03,"Agriculture","Kakuzi",6,418,8192799582,1000
2023-08-09,"Agriculture","Kakuzi",3,387.75,7599899612,1000
2023-08-17,"Agriculture","Kakuzi",6,403.5,7908599597,200
2023-08-25,"Agriculture","Kakuzi",6,389,7624399611,1000
2023-08-31,"Agriculture","Kakuzi",3,390,7643999610,200
2023-09-08,"Agriculture","Kakuzi",5,384.75,7541099615,100
2023-09-20,"Agriculture","Kakuzi",8,415,8133999585,100
2023-10-02,"Agriculture","Kakuzi",7,385,7545999615,1000
2023-10-11,"Agriculture","Kakuzi",2,406,7957599594,400
2023-10-24,"Agriculture","Kakuzi",7,405,7937999595,100
2023-10-26,"Agriculture","Kakuzi",2,386,7565599614,4300
2023-11-01,"Agriculture","Kakuzi",4,403,7898799597,100
2023-11-17,"Agriculture","Kakuzi",11,385,7545999615,200
2023-11-27,"Agriculture","Kakuzi",6,386,7565599614,400
2023-11-30,"Agriculture","Kakuzi",3,385,7545999615,100
2023-12-04,"Agriculture","Kakuzi",2,385,7545999615,4000
2023-12-07,"Agriculture","Kakuzi",2,385,7545999615,500
2024-01-04,"Agriculture","Kakuzi",16,385,7545999615,200
2024-01-08,"Agriculture","Kakuzi",2,360,7055999640,500
2024-01-16,"Agriculture","Kakuzi",6,360,7055999640,100
2024-01-23,"Agriculture","Kakuzi",5,385,7545999615,100
2024-02-08,"Agriculture","Kakuzi",11,385,7545999615,100
2024-02-20,"Agriculture","Kakuzi",7,367.5,7202999633,400
2024-03-06,"Agriculture","Kakuzi",11,371,7271599629,700
2024-03-18,"Agriculture","Kakuzi",8,374.75,7345099625,1000
2024-03-20,"Agriculture","Kakuzi",2,371,7271599629,300
2024-04-08,"Agriculture","Kakuzi",10,372,7291199628,300
2024-05-17,"Agriculture","Kakuzi",25,396,7761599604,100
2024-05-21,"Agriculture","Kakuzi",2,396,7761599604,100
2024-05-30,"Agriculture","Kakuzi",6,420,8231999580,100
2024-06-14,"Agriculture","Kakuzi",11,380,7447999620,100
2024-06-21,"Agriculture","Kakuzi",3,367.5,7202999633,4300
2024-06-26,"Agriculture","Kakuzi",3,355.25,6962899645,900
2024-07-04,"Agriculture","Kakuzi",6,355.5,6967799645,200
2024-07-08,"Agriculture","Kakuzi",2,355.25,6962899645,500
2024-07-22,"Agriculture","Kakuzi",10,360,7055999640,6800
2024-07-24,"Agriculture","Kakuzi",2,360,7055999640,1000
2024-07-29,"Agriculture","Kakuzi",3,360,7055999640,100
2024-08-02,"Agriculture","Kakuzi",4,370,7251999630,2600
2024-08-09,"Agriculture","Kakuzi",4,380,7447999620,100
2024-08-16,"Agriculture","Kakuzi",3,380,7447999620,100
2024-08-21,"Agriculture","Kakuzi",3,380,7447999620,1500
2024-08-27,"Agriculture","Kakuzi",3,380,7447999620,100
2024-09-03,"Agriculture","Kakuzi",4,400,7839999600,200
2024-09-05,"Agriculture","Kakuzi",2,407.5,7986999593,500
2024-09-09,"Agriculture","Kakuzi",2,420,8231999580,200
2024-09-13,"Agriculture","Kakuzi",4,381.25,7472499619,3000
2024-09-18,"Agriculture","Kakuzi",3,400,7839999600,300
2024-09-25,"Agriculture","Kakuzi",3,400.5,7849799600,2500
2024-09-30,"Agriculture","Kakuzi",3,400,7839999600,4100
2024-10-04,"Agriculture","Kakuzi",3,439.75,8619099560,100
2024-10-16,"Agriculture","Kakuzi",7,439.5,8614199561,200
2024-10-23,"Agriculture","Kakuzi",4,396.25,7766499604,28000
2024-10-28,"Agriculture","Kakuzi",2,397,7781199603,900
2024-10-31,"Agriculture","Kakuzi",3,433.75,8501499566,200
2024-11-07,"Agriculture","Kakuzi",4,434,8506399566,100
2024-11-11,"Agriculture","Kakuzi",2,434,8506399566,200
2024-11-13,"Agriculture","Kakuzi",2,440,8623999560,100
2024-11-15,"Agriculture","Kakuzi",2,397,7781199603,100
2024-11-25,"Agriculture","Kakuzi",6,397,7781199603,3600
2024-12-03,"Agriculture","Kakuzi",6,400,7839999600,100
2024-12-11,"Agriculture","Kakuzi",6,385,7545999615,200
2024-12-24,"Agriculture","Kakuzi",8,385,7545999615,200
2025-01-02,"Agriculture","Kakuzi",4,392.5,7692999608,200
2016-08-08,"Agriculture","Kapchorua Tea Kenya",2,76,594624000,400
2016-08-11,"Agriculture","Kapchorua Tea Kenya",2,77,602448000,100
2016-09-01,"Agriculture","Kapchorua Tea Kenya",15,85,665040000,1100
2016-09-08,"Agriculture","Kapchorua Tea Kenya",2,80,625920000,2300
2016-10-03,"Agriculture","Kapchorua Tea Kenya",15,93,727632000,700
2016-10-12,"Agriculture","Kapchorua Tea Kenya",4,75,586800000,1500
2016-11-01,"Agriculture","Kapchorua Tea Kenya",13,87,680688000,1000
2016-12-02,"Agriculture","Kapchorua Tea Kenya",17,105,821520000,1700
2016-12-07,"Agriculture","Kapchorua Tea Kenya",2,80,625920000,1000
2016-12-09,"Agriculture","Kapchorua Tea Kenya",2,80,625920000,200
2017-01-06,"Agriculture","Kapchorua Tea Kenya",16,79,618096000,500
2017-02-01,"Agriculture","Kapchorua Tea Kenya",15,76,594624000,200
2017-02-06,"Agriculture","Kapchorua Tea Kenya",3,79,618096000,3700
2017-02-09,"Agriculture","Kapchorua Tea Kenya",3,75,586800000,2700
2017-03-06,"Agriculture","Kapchorua Tea Kenya",16,75,586800000,3600
2017-03-10,"Agriculture","Kapchorua Tea Kenya",2,74,578976000,100
2017-04-05,"Agriculture","Kapchorua Tea Kenya",18,79,618096000,100
2017-04-07,"Agriculture","Kapchorua Tea Kenya",2,79,618096000,100
2017-04-12,"Agriculture","Kapchorua Tea Kenya",3,76,594624000,200
2017-05-04,"Agriculture","Kapchorua Tea Kenya",13,79,618096000,100
2017-05-08,"Agriculture","Kapchorua Tea Kenya",2,75,586800000,2000
2017-06-02,"Agriculture","Kapchorua Tea Kenya",17,79,618096000,3700
2017-06-08,"Agriculture","Kapchorua Tea Kenya",2,78,610272000,900
2017-07-03,"Agriculture","Kapchorua Tea Kenya",15,80,625920000,200
2017-07-07,"Agriculture","Kapchorua Tea Kenya",2,80,625920000,500
2017-08-01,"Agriculture","Kapchorua Tea Kenya",14,84,657216000,100
2017-08-03,"Agriculture","Kapchorua Tea Kenya",2,79,618096000,200
2017-08-10,"Agriculture","Kapchorua Tea Kenya",3,84,657216000,200
2017-09-01,"Agriculture","Kapchorua Tea Kenya",15,78,610272000,500
2017-09-05,"Agriculture","Kapchorua Tea Kenya",2,75,586800000,300
2017-09-11,"Agriculture","Kapchorua Tea Kenya",3,74,578976000,5200
2017-10-02,"Agriculture","Kapchorua Tea Kenya",15,75,586800000,100
2017-10-10,"Agriculture","Kapchorua Tea Kenya",5,80,625920000,200
2017-11-01,"Agriculture","Kapchorua Tea Kenya",12,74,578976000,200
2017-11-03,"Agriculture","Kapchorua Tea Kenya",2,79,618096000,100
2017-11-07,"Agriculture","Kapchorua Tea Kenya",2,84.5,661128000,300
2017-12-04,"Agriculture","Kapchorua Tea Kenya",15,76,594624000,200
2017-12-07,"Agriculture","Kapchorua Tea Kenya",3,83,649392000,900
2018-01-02,"Agriculture","Kapchorua Tea Kenya",13,74,578976000,100
2018-01-09,"Agriculture","Kapchorua Tea Kenya",2,72,563328000,100
2018-02-01,"Agriculture","Kapchorua Tea Kenya",14,67.5,528120000,1000
2018-02-07,"Agriculture","Kapchorua Tea Kenya",2,69,539856000,300
2018-03-01,"Agriculture","Kapchorua Tea Kenya",15,72,563328000,100
2018-03-12,"Agriculture","Kapchorua Tea Kenya",2,73,571152000,400
2018-04-05,"Agriculture","Kapchorua Tea Kenya",16,74,578976000,600
2018-04-09,"Agriculture","Kapchorua Tea Kenya",2,96,751104000,1500
2018-04-12,"Agriculture","Kapchorua Tea Kenya",2,75,586800000,900
2018-05-02,"Agriculture","Kapchorua Tea Kenya",13,72,563328000,700
2018-05-09,"Agriculture","Kapchorua Tea Kenya",2,95,743280000,3100
2018-06-06,"Agriculture","Kapchorua Tea Kenya",18,70,547680000,2300
2018-07-02,"Agriculture","Kapchorua Tea Kenya",15,69,539856000,300
2018-07-11,"Agriculture","Kapchorua Tea Kenya",3,70,547680000,100
2018-08-02,"Agriculture","Kapchorua Tea Kenya",15,76,594624000,22000
2018-09-04,"Agriculture","Kapchorua Tea Kenya",17,96,751104000,1500
2018-09-10,"Agriculture","Kapchorua Tea Kenya",2,81,633744000,1300
2018-10-01,"Agriculture","Kapchorua Tea Kenya",14,88,688512000,100
2018-10-04,"Agriculture","Kapchorua Tea Kenya",3,85,665040000,300
2018-10-09,"Agriculture","Kapchorua Tea Kenya",2,101,790224000,1600
2018-10-12,"Agriculture","Kapchorua Tea Kenya",2,75,586800000,300
2018-11-01,"Agriculture","Kapchorua Tea Kenya",14,74,578976000,800
2018-11-07,"Agriculture","Kapchorua Tea Kenya",3,70,547680000,100
2018-12-03,"Agriculture","Kapchorua Tea Kenya",15,72,563328000,300
2018-12-07,"Agriculture","Kapchorua Tea Kenya",3,75,586800000,500
2019-01-02,"Agriculture","Kapchorua Tea Kenya",12,71,555504000,500
2019-02-01,"Agriculture","Kapchorua Tea Kenya",15,74.5,582888000,200
2019-02-05,"Agriculture","Kapchorua Tea Kenya",2,64.25,502692000,500
2019-02-12,"Agriculture","Kapchorua Tea Kenya",2,79.5,622008000,100
2019-03-01,"Agriculture","Kapchorua Tea Kenya",13,75,586800000,200
2019-03-05,"Agriculture","Kapchorua Tea Kenya",2,79,618096000,100
2019-03-07,"Agriculture","Kapchorua Tea Kenya",2,81.75,639612000,600
2019-04-01,"Agriculture","Kapchorua Tea Kenya",14,74.5,582888000,1000
2019-04-04,"Agriculture","Kapchorua Tea Kenya",3,69.75,545724000,200
2019-05-02,"Agriculture","Kapchorua Tea Kenya",11,73,571152000,100
2019-06-11,"Agriculture","Kapchorua Tea Kenya",22,80,625920000,100
2019-07-01,"Agriculture","Kapchorua Tea Kenya",13,70,547680000,400
2019-08-01,"Agriculture","Kapchorua Tea Kenya",14,82,641568000,1300
2019-08-07,"Agriculture","Kapchorua Tea Kenya",2,87.75,686556000,300
2019-09-02,"Agriculture","Kapchorua Tea Kenya",15,70.5,551592000,1200
2019-09-04,"Agriculture","Kapchorua Tea Kenya",2,69.5,543768000,600
2019-09-12,"Agriculture","Kapchorua Tea Kenya",5,75,586800000,100
2019-10-01,"Agriculture","Kapchorua Tea Kenya",13,72.5,567240000,300
2019-10-11,"Agriculture","Kapchorua Tea Kenya",2,79.75,623964000,200
2019-11-01,"Agriculture","Kapchorua Tea Kenya",14,76.75,600492000,1200
2019-11-06,"Agriculture","Kapchorua Tea Kenya",2,80,625920000,100
2019-12-02,"Agriculture","Kapchorua Tea Kenya",14,79.5,622008000,100
2019-12-06,"Agriculture","Kapchorua Tea Kenya",2,73.25,573108000,2100
2020-01-06,"Agriculture","Kapchorua Tea Kenya",14,80,625920000,100
2020-01-09,"Agriculture","Kapchorua Tea Kenya",2,75,586800000,300
2020-02-05,"Agriculture","Kapchorua Tea Kenya",19,80,625920000,300
2020-03-04,"Agriculture","Kapchorua Tea Kenya",15,78,610272000,100
2020-03-11,"Agriculture","Kapchorua Tea Kenya",5,80,625920000,100
2020-04-03,"Agriculture","Kapchorua Tea Kenya",17,78,610272000,100
2020-05-04,"Agriculture","Kapchorua Tea Kenya",15,70,547680000,500
2020-05-08,"Agriculture","Kapchorua Tea Kenya",4,79.5,622008000,2200
2020-06-02,"Agriculture","Kapchorua Tea Kenya",13,81.25,635700000,300
2020-06-04,"Agriculture","Kapchorua Tea Kenya",2,72,563328000,100
2020-06-08,"Agriculture","Kapchorua Tea Kenya",2,79,618096000,100
2020-06-10,"Agriculture","Kapchorua Tea Kenya",2,80.5,629832000,300
2020-07-01,"Agriculture","Kapchorua Tea Kenya",14,83,649392000,200
2020-07-07,"Agriculture","Kapchorua Tea Kenya",3,83,649392000,200
2020-08-04,"Agriculture","Kapchorua Tea Kenya",18,82.5,645480000,200
2020-08-12,"Agriculture","Kapchorua Tea Kenya",3,71,555504000,5200
2020-09-01,"Agriculture","Kapchorua Tea Kenya",14,75,586800000,300
2020-09-10,"Agriculture","Kapchorua Tea Kenya",6,82,641568000,100
2020-10-02,"Agriculture","Kapchorua Tea Kenya",15,81,633744000,200
2020-10-09,"Agriculture","Kapchorua Tea Kenya",3,82,641568000,100
2020-11-02,"Agriculture","Kapchorua Tea Kenya",15,80,625920000,100
2020-12-01,"Agriculture","Kapchorua Tea Kenya",13,71,555504000,1300
2020-12-04,"Agriculture","Kapchorua Tea Kenya",2,71,555504000,700
2020-12-11,"Agriculture","Kapchorua Tea Kenya",3,79.5,622008000,100
2021-01-04,"Agriculture","Kapchorua Tea Kenya",14,87,680688000,200
2021-01-07,"Agriculture","Kapchorua Tea Kenya",3,90,704160000,900
2021-02-02,"Agriculture","Kapchorua Tea Kenya",15,78,610272000,300
2021-02-04,"Agriculture","Kapchorua Tea Kenya",2,78,610272000,1000
2021-02-08,"Agriculture","Kapchorua Tea Kenya",2,89,696336000,100
2021-02-11,"Agriculture","Kapchorua Tea Kenya",2,85,665040000,100
2021-03-08,"Agriculture","Kapchorua Tea Kenya",17,89.5,700248000,600
2021-03-11,"Agriculture","Kapchorua Tea Kenya",2,85,665040000,500
2021-04-01,"Agriculture","Kapchorua Tea Kenya",15,87,680688000,200
2021-05-07,"Agriculture","Kapchorua Tea Kenya",22,94,735456000,100
2021-06-03,"Agriculture","Kapchorua Tea Kenya",14,82.25,643524000,100
2021-06-11,"Agriculture","Kapchorua Tea Kenya",2,82,641568000,700
2021-07-01,"Agriculture","Kapchorua Tea Kenya",14,78,610272000,100
2021-08-02,"Agriculture","Kapchorua Tea Kenya",14,89,696336000,100
2021-08-06,"Agriculture","Kapchorua Tea Kenya",3,82.25,643524000,500
2021-09-02,"Agriculture","Kapchorua Tea Kenya",16,78,610272000,5200
2021-10-01,"Agriculture","Kapchorua Tea Kenya",16,89.75,702204000,200
2021-10-08,"Agriculture","Kapchorua Tea Kenya",3,85,665040000,500
2021-11-01,"Agriculture","Kapchorua Tea Kenya",13,78,610272000,800
2021-11-05,"Agriculture","Kapchorua Tea Kenya",2,82.5,645480000,300
2021-12-01,"Agriculture","Kapchorua Tea Kenya",17,80,625920000,600
2021-12-07,"Agriculture","Kapchorua Tea Kenya",4,90,704160000,100
2021-12-10,"Agriculture","Kapchorua Tea Kenya",3,89,696336000,100
2022-01-03,"Agriculture","Kapchorua Tea Kenya",14,99.5,778488000,100
2022-01-06,"Agriculture","Kapchorua Tea Kenya",2,90,704160000,200
2022-01-11,"Agriculture","Kapchorua Tea Kenya",2,97.25,760884000,1600
2022-02-02,"Agriculture","Kapchorua Tea Kenya",15,92,719808000,100
2022-02-08,"Agriculture","Kapchorua Tea Kenya",3,100.25,784356000,5200
2022-02-11,"Agriculture","Kapchorua Tea Kenya",2,115,899760000,300
2022-03-01,"Agriculture","Kapchorua Tea Kenya",12,99.5,778488000,100
2022-03-04,"Agriculture","Kapchorua Tea Kenya",2,96,751104000,100
2022-03-10,"Agriculture","Kapchorua Tea Kenya",2,121,946704000,400
2022-04-01,"Agriculture","Kapchorua Tea Kenya",16,90,704160000,100
2022-04-05,"Agriculture","Kapchorua Tea Kenya",2,98.75,772620000,300
2022-04-08,"Agriculture","Kapchorua Tea Kenya",3,100.25,784356000,14000
2022-05-04,"Agriculture","Kapchorua Tea Kenya",13,99.75,780444000,100
2022-05-06,"Agriculture","Kapchorua Tea Kenya",2,98.75,772620000,100
2022-06-03,"Agriculture","Kapchorua Tea Kenya",16,90,704160000,300
2022-07-01,"Agriculture","Kapchorua Tea Kenya",16,92,719808000,200
2022-07-05,"Agriculture","Kapchorua Tea Kenya",2,108,844992000,1100
2022-08-01,"Agriculture","Kapchorua Tea Kenya",14,107,837168000,200
2022-08-12,"Agriculture","Kapchorua Tea Kenya",5,100.75,788268000,10200
2022-09-01,"Agriculture","Kapchorua Tea Kenya",14,109,852816000,200
2022-10-03,"Agriculture","Kapchorua Tea Kenya",15,121,946704000,400
2022-10-11,"Agriculture","Kapchorua Tea Kenya",3,115,899760000,100
2022-11-01,"Agriculture","Kapchorua Tea Kenya",14,97.25,760884000,1600
2022-11-07,"Agriculture","Kapchorua Tea Kenya",3,115,899760000,200
2022-11-10,"Agriculture","Kapchorua Tea Kenya",3,117.75,921276000,1400
2022-12-01,"Agriculture","Kapchorua Tea Kenya",15,97.5,762840000,300
2022-12-07,"Agriculture","Kapchorua Tea Kenya",4,108,844992000,600
2023-01-03,"Agriculture","Kapchorua Tea Kenya",14,115.75,905628000,100
2023-01-05,"Agriculture","Kapchorua Tea Kenya",2,104.25,815652000,700
2023-01-11,"Agriculture","Kapchorua Tea Kenya",4,220,1721280000,400
2023-02-01,"Agriculture","Kapchorua Tea Kenya",14,120,938880000,100
2023-02-06,"Agriculture","Kapchorua Tea Kenya",2,122,954528000,1200
2023-02-10,"Agriculture","Kapchorua Tea Kenya",2,195,1525680000,100
2023-03-01,"Agriculture","Kapchorua Tea Kenya",13,115.75,905628000,100
2023-03-07,"Agriculture","Kapchorua Tea Kenya",4,191.75,1500252000,4200
2023-03-10,"Agriculture","Kapchorua Tea Kenya",2,193,1510032000,1000
2023-04-03,"Agriculture","Kapchorua Tea Kenya",16,115,899760000,1300
2023-04-05,"Agriculture","Kapchorua Tea Kenya",2,126,985824000,800
2023-04-11,"Agriculture","Kapchorua Tea Kenya",2,115,899760000,100
2023-05-04,"Agriculture","Kapchorua Tea Kenya",14,126,985824000,800
2023-05-08,"Agriculture","Kapchorua Tea Kenya",2,126,985824000,400
2023-06-02,"Agriculture","Kapchorua Tea Kenya",14,122,954528000,1200
2023-06-06,"Agriculture","Kapchorua Tea Kenya",2,138,1079712000,300
2023-06-12,"Agriculture","Kapchorua Tea Kenya",2,239.25,1871892000,100
2023-07-03,"Agriculture","Kapchorua Tea Kenya",14,132,1032768000,100
2023-08-01,"Agriculture","Kapchorua Tea Kenya",14,210,1643040000,700
2023-09-05,"Agriculture","Kapchorua Tea Kenya",17,126,985824000,300
2023-09-07,"Agriculture","Kapchorua Tea Kenya",2,197.5,1545240000,100
2023-10-02,"Agriculture","Kapchorua Tea Kenya",14,125,9.78e+08,400
2023-10-05,"Agriculture","Kapchorua Tea Kenya",2,126,985824000,1200
2023-11-01,"Agriculture","Kapchorua Tea Kenya",13,220,1721280000,400
2023-11-07,"Agriculture","Kapchorua Tea Kenya",4,225,1760400000,200
2023-12-01,"Agriculture","Kapchorua Tea Kenya",14,108.75,850860000,200
2024-01-03,"Agriculture","Kapchorua Tea Kenya",13,219.5,1717368000,200
2024-01-10,"Agriculture","Kapchorua Tea Kenya",2,234,1830816000,200
2024-02-05,"Agriculture","Kapchorua Tea Kenya",17,228.75,1789740000,300
2024-03-01,"Agriculture","Kapchorua Tea Kenya",14,219.5,1717368000,200
2024-03-06,"Agriculture","Kapchorua Tea Kenya",2,234,1830816000,100
2024-03-11,"Agriculture","Kapchorua Tea Kenya",3,232,1815168000,100
2024-04-03,"Agriculture","Kapchorua Tea Kenya",15,230,1799520000,1900
2024-04-08,"Agriculture","Kapchorua Tea Kenya",2,207,1619568000,300
2024-05-02,"Agriculture","Kapchorua Tea Kenya",14,228.75,1789740000,300
2024-05-06,"Agriculture","Kapchorua Tea Kenya",2,230,1799520000,3700
2024-06-03,"Agriculture","Kapchorua Tea Kenya",17,234,1830816000,100
2024-06-10,"Agriculture","Kapchorua Tea Kenya",2,251.25,1965780000,1800
2024-07-01,"Agriculture","Kapchorua Tea Kenya",13,261.5,2045976000,400
2024-07-05,"Agriculture","Kapchorua Tea Kenya",3,230,1799520000,1600
2024-07-10,"Agriculture","Kapchorua Tea Kenya",2,255,1995120000,100
2024-08-01,"Agriculture","Kapchorua Tea Kenya",14,234,1830816000,200
2024-08-12,"Agriculture","Kapchorua Tea Kenya",3,225,1760400000,1200
2024-09-02,"Agriculture","Kapchorua Tea Kenya",15,224,1752576000,100
2024-09-09,"Agriculture","Kapchorua Tea Kenya",3,223.25,1746708000,500
2024-09-11,"Agriculture","Kapchorua Tea Kenya",2,224,1752576000,200
2024-10-01,"Agriculture","Kapchorua Tea Kenya",13,234,1830816000,200
2024-10-07,"Agriculture","Kapchorua Tea Kenya",4,255,1995120000,100
2024-10-11,"Agriculture","Kapchorua Tea Kenya",3,236.25,1848420000,200
2024-11-04,"Agriculture","Kapchorua Tea Kenya",14,269.5,2108568000,500
2024-12-02,"Agriculture","Kapchorua Tea Kenya",14,234,1830816000,100
2024-12-09,"Agriculture","Kapchorua Tea Kenya",5,235,1838640000,100
2024-12-11,"Agriculture","Kapchorua Tea Kenya",2,223.75,1750620000,700
2025-01-02,"Agriculture","Kapchorua Tea Kenya",12,239.25,1871892000,1000
2016-09-08,"Agriculture","Limuru Tea",22,720,1.728e+09,2000
2016-10-10,"Agriculture","Limuru Tea",21,593,1423200000,300
2016-10-12,"Agriculture","Limuru Tea",2,540,1.296e+09,200
2016-11-09,"Agriculture","Limuru Tea",19,530,1.272e+09,100
2017-01-03,"Agriculture","Limuru Tea",35,530,1.272e+09,100
2017-01-12,"Agriculture","Limuru Tea",7,500,1.2e+09,300
2017-02-01,"Agriculture","Limuru Tea",14,530,1.272e+09,100
2017-02-09,"Agriculture","Limuru Tea",6,530,1.272e+09,1900
2017-03-01,"Agriculture","Limuru Tea",13,530,1.272e+09,100
2017-03-07,"Agriculture","Limuru Tea",4,550,1.32e+09,1000
2017-03-10,"Agriculture","Limuru Tea",2,500,1.2e+09,2000
2017-06-07,"Agriculture","Limuru Tea",59,560,1.344e+09,200
2017-07-03,"Agriculture","Limuru Tea",16,550,1.32e+09,1000
2017-07-06,"Agriculture","Limuru Tea",3,560,1.344e+09,200
2017-07-10,"Agriculture","Limuru Tea",2,599,1437600000,700
2017-07-12,"Agriculture","Limuru Tea",2,500,1.2e+09,1700
2017-08-03,"Agriculture","Limuru Tea",16,550,1.32e+09,1000
2017-10-02,"Agriculture","Limuru Tea",40,530,1.272e+09,500
2017-12-01,"Agriculture","Limuru Tea",39,500,1.2e+09,300
2017-12-07,"Agriculture","Limuru Tea",4,500,1.2e+09,1700
2017-12-11,"Agriculture","Limuru Tea",2,500,1.2e+09,400
2018-01-03,"Agriculture","Limuru Tea",13,500,1.2e+09,100
2018-01-10,"Agriculture","Limuru Tea",5,550,1.32e+09,200
2018-02-02,"Agriculture","Limuru Tea",17,500,1.2e+09,800
2018-02-08,"Agriculture","Limuru Tea",4,500,1.2e+09,100
2018-03-01,"Agriculture","Limuru Tea",15,500,1.2e+09,100
2018-03-07,"Agriculture","Limuru Tea",4,500,1.2e+09,100
2018-05-09,"Agriculture","Limuru Tea",41,550,1.32e+09,127100
2018-06-08,"Agriculture","Limuru Tea",21,500,1.2e+09,100
2018-07-03,"Agriculture","Limuru Tea",16,500,1.2e+09,100
2018-08-02,"Agriculture","Limuru Tea",22,500,1.2e+09,100
2018-09-05,"Agriculture","Limuru Tea",21,550,1.32e+09,127100
2018-09-10,"Agriculture","Limuru Tea",3,549,1317600000,92700
2018-10-01,"Agriculture","Limuru Tea",15,550,1.32e+09,200
2018-10-09,"Agriculture","Limuru Tea",6,549,1317600000,92700
2019-01-09,"Agriculture","Limuru Tea",60,500,1.2e+09,400
2019-01-11,"Agriculture","Limuru Tea",2,450,1.08e+09,1000
2019-03-04,"Agriculture","Limuru Tea",36,500,1.2e+09,200
2019-04-03,"Agriculture","Limuru Tea",21,500,1.2e+09,200
2019-05-03,"Agriculture","Limuru Tea",19,583,1399200000,300
2019-11-01,"Agriculture","Limuru Tea",126,450,1.08e+09,1000
2020-02-07,"Agriculture","Limuru Tea",66,440,1.056e+09,200
2020-03-11,"Agriculture","Limuru Tea",22,360,8.64e+08,100
2020-05-08,"Agriculture","Limuru Tea",39,400,9.6e+08,1000
2020-07-02,"Agriculture","Limuru Tea",36,440,1.056e+09,200
2020-08-05,"Agriculture","Limuru Tea",23,400,9.6e+08,1000
2020-10-05,"Agriculture","Limuru Tea",43,400,9.6e+08,200
2020-11-03,"Agriculture","Limuru Tea",20,360,8.64e+08,100
2020-11-05,"Agriculture","Limuru Tea",2,360,8.64e+08,100
2020-11-10,"Agriculture","Limuru Tea",3,360,8.64e+08,400
2020-12-07,"Agriculture","Limuru Tea",18,360,8.64e+08,300
2021-01-04,"Agriculture","Limuru Tea",18,360,8.64e+08,100
2021-01-11,"Agriculture","Limuru Tea",5,300,7.2e+08,100
2021-02-08,"Agriculture","Limuru Tea",20,304.75,731400000,19800
2021-03-01,"Agriculture","Limuru Tea",15,360,8.64e+08,100
2021-03-09,"Agriculture","Limuru Tea",6,320,7.68e+08,13200
2021-04-01,"Agriculture","Limuru Tea",17,360,8.64e+08,100
2021-04-07,"Agriculture","Limuru Tea",2,360,8.64e+08,100
2021-05-04,"Agriculture","Limuru Tea",18,340,8.16e+08,100
2021-06-07,"Agriculture","Limuru Tea",22,300,7.2e+08,1600
2021-07-06,"Agriculture","Limuru Tea",19,300,7.2e+08,1600
2021-07-09,"Agriculture","Limuru Tea",3,320,7.68e+08,200
2021-08-02,"Agriculture","Limuru Tea",14,304.75,731400000,19800
2021-08-04,"Agriculture","Limuru Tea",2,320,7.68e+08,37800
2021-08-06,"Agriculture","Limuru Tea",2,300,7.2e+08,100
2021-09-01,"Agriculture","Limuru Tea",18,320,7.68e+08,21400
2021-09-03,"Agriculture","Limuru Tea",2,320,7.68e+08,13200
2021-11-01,"Agriculture","Limuru Tea",37,300,7.2e+08,100
2021-11-09,"Agriculture","Limuru Tea",6,300,7.2e+08,100
2021-12-07,"Agriculture","Limuru Tea",20,300,7.2e+08,100
2022-02-03,"Agriculture","Limuru Tea",40,320,7.68e+08,800
2022-02-11,"Agriculture","Limuru Tea",6,320,7.68e+08,300
2022-03-02,"Agriculture","Limuru Tea",13,320,7.68e+08,800
2022-04-06,"Agriculture","Limuru Tea",25,320,7.68e+08,900
2022-06-06,"Agriculture","Limuru Tea",37,355,8.52e+08,1500
2022-07-12,"Agriculture","Limuru Tea",25,352,844800000,100
2022-07-26,"Agriculture","Limuru Tea",10,461.75,1108200000,300
2022-08-08,"Agriculture","Limuru Tea",9,507,1216800000,100
2022-11-02,"Agriculture","Limuru Tea",58,320,7.68e+08,300
2022-12-07,"Agriculture","Limuru Tea",25,352,844800000,100
2023-01-12,"Agriculture","Limuru Tea",22,420,1.008e+09,300
2023-02-06,"Agriculture","Limuru Tea",17,420,1.008e+09,1600
2023-03-08,"Agriculture","Limuru Tea",22,430,1.032e+09,100
2023-06-02,"Agriculture","Limuru Tea",57,420,1.008e+09,1600
2023-06-06,"Agriculture","Limuru Tea",2,420,1.008e+09,100
2023-06-12,"Agriculture","Limuru Tea",3,420,1.008e+09,25000
2023-07-06,"Agriculture","Limuru Tea",17,410,9.84e+08,100
2023-08-03,"Agriculture","Limuru Tea",20,430,1.032e+09,100
2023-08-11,"Agriculture","Limuru Tea",6,430,1.032e+09,100
2023-09-12,"Agriculture","Limuru Tea",22,380,9.12e+08,100
2023-10-11,"Agriculture","Limuru Tea",20,380,9.12e+08,600
2023-11-08,"Agriculture","Limuru Tea",19,430,1.032e+09,100
2023-11-10,"Agriculture","Limuru Tea",2,380,9.12e+08,600
2023-12-01,"Agriculture","Limuru Tea",14,420,1.008e+09,300
2023-12-06,"Agriculture","Limuru Tea",3,420,1.008e+09,25000
2024-01-03,"Agriculture","Limuru Tea",16,380,9.12e+08,100
2024-01-11,"Agriculture","Limuru Tea",6,380,9.12e+08,100
2024-02-08,"Agriculture","Limuru Tea",20,365,8.76e+08,100
2024-03-01,"Agriculture","Limuru Tea",16,380,9.12e+08,100
2024-03-12,"Agriculture","Limuru Tea",7,350,8.4e+08,100
2024-08-02,"Agriculture","Limuru Tea",97,365,8.76e+08,100
2024-12-03,"Agriculture","Limuru Tea",84,350,8.4e+08,100
2025-01-02,"Agriculture","Limuru Tea",18,350,8.4e+08,
2016-08-05,"Agriculture","Sasini",2,19,4333054500,700
2016-08-29,"Agriculture","Sasini",2,18.8,4287443400,100
2016-09-30,"Agriculture","Sasini",2,18.05,4116401775,400
2016-11-22,"Agriculture","Sasini",2,19.05,4344457275,1300
2017-01-20,"Agriculture","Sasini",2,17.7,4036582350,1500
2017-03-06,"Agriculture","Sasini",2,20.25,4618123875,30100
2017-04-25,"Agriculture","Sasini",2,26.75,6100484625,30900
2017-11-02,"Agriculture","Sasini",2,26,5929443000,2100
2017-11-10,"Agriculture","Sasini",2,26.5,6043470750,200
2017-11-27,"Agriculture","Sasini",3,26,5929443000,3100
2017-12-28,"Agriculture","Sasini",2,31.25,7126734375,700
2018-01-18,"Agriculture","Sasini",2,27.25,6214512375,8100
2018-04-13,"Agriculture","Sasini",2,25.25,5758401375,200
2018-05-07,"Agriculture","Sasini",3,24.5,5587359750,2300
2018-06-08,"Agriculture","Sasini",2,23,5245276500,3200
2018-08-03,"Agriculture","Sasini",2,21,4789165500,3921800
2018-08-14,"Agriculture","Sasini",2,22,5017221000,600
2018-08-29,"Agriculture","Sasini",2,21,4789165500,2300
2018-09-04,"Agriculture","Sasini",2,20.75,4732151625,7300
2018-09-10,"Agriculture","Sasini",2,20.75,4732151625,25300
2018-10-12,"Agriculture","Sasini",2,19.65,4481290575,2700
2018-11-12,"Agriculture","Sasini",2,22,5017221000,2100
2018-11-20,"Agriculture","Sasini",2,21.75,4960207125,9200
2018-11-29,"Agriculture","Sasini",2,21,4789165500,200
2018-12-18,"Agriculture","Sasini",2,19.9,4538304450,100
2019-01-09,"Agriculture","Sasini",2,19.15,4367262825,3600
2019-01-14,"Agriculture","Sasini",2,19.8,4515498900,900
2019-03-13,"Agriculture","Sasini",2,18.5,4219026750,100
2019-04-01,"Agriculture","Sasini",2,16.7,3808526850,500
2019-05-06,"Agriculture","Sasini",2,16.1,3671693550,1500
2019-05-21,"Agriculture","Sasini",2,14.5,3306804750,100
2019-07-08,"Agriculture","Sasini",2,18.85,4298846175,900
2019-07-23,"Agriculture","Sasini",2,18.1,4127804550,600
2019-09-03,"Agriculture","Sasini",2,17.5,3990971250,500
2019-09-27,"Agriculture","Sasini",2,16.2,3694499100,4000
2019-10-04,"Agriculture","Sasini",2,17.55,4002374025,400
2019-10-15,"Agriculture","Sasini",2,17.8,4059387900,400
2019-11-18,"Agriculture","Sasini",2,15.4,3512054700,9300
2019-11-20,"Agriculture","Sasini",2,16.9,3854137950,9800
2019-11-28,"Agriculture","Sasini",2,18,4104999000,100
2020-01-27,"Agriculture","Sasini",2,18,4104999000,4100
2020-01-30,"Agriculture","Sasini",2,18.4,4196221200,2300
2020-02-03,"Agriculture","Sasini",2,17.5,3990971250,6300
2020-02-27,"Agriculture","Sasini",2,17,3876943500,100
2020-03-19,"Agriculture","Sasini",2,16.5,3762915750,5000
2020-03-27,"Agriculture","Sasini",3,15.5,3534860250,100
2020-04-03,"Agriculture","Sasini",3,16.5,3762915750,100
2020-04-20,"Agriculture","Sasini",2,16.5,3762915750,24200
2020-04-23,"Agriculture","Sasini",3,17,3876943500,400
2020-05-05,"Agriculture","Sasini",2,16.5,3762915750,1000
2020-05-18,"Agriculture","Sasini",2,16,3648888000,9500
2020-05-28,"Agriculture","Sasini",2,16.7,3808526850,600
2020-06-05,"Agriculture","Sasini",2,16.9,3854137950,9000
2020-06-26,"Agriculture","Sasini",2,17.75,4047985125,2900
2020-07-03,"Agriculture","Sasini",3,17.65,4025179575,400
2020-07-07,"Agriculture","Sasini",2,17.1,3899749050,6100
2020-07-20,"Agriculture","Sasini",2,17.4,3968165700,400
2020-08-03,"Agriculture","Sasini",2,16.8,3831332400,3000
2020-08-05,"Agriculture","Sasini",2,16.9,3854137950,8100
2020-08-07,"Agriculture","Sasini",2,17,3876943500,1000
2020-08-20,"Agriculture","Sasini",2,19,4333054500,21600
2020-08-27,"Agriculture","Sasini",2,19.85,4526901675,10800
2020-09-02,"Agriculture","Sasini",2,20,4561110000,200
2020-09-04,"Agriculture","Sasini",2,20,4561110000,39200
2020-09-10,"Agriculture","Sasini",2,19.5,4447082250,6000
2020-09-21,"Agriculture","Sasini",2,19.5,4447082250,200
2020-09-30,"Agriculture","Sasini",4,20,4561110000,2300
2020-10-09,"Agriculture","Sasini",2,19,4333054500,100
2020-10-21,"Agriculture","Sasini",2,19,4333054500,100
2020-10-23,"Agriculture","Sasini",2,19,4333054500,1200
2020-11-04,"Agriculture","Sasini",3,18,4104999000,300
2020-11-06,"Agriculture","Sasini",2,18.2,4150610100,100
2020-11-24,"Agriculture","Sasini",2,17.1,3899749050,1000
2020-11-26,"Agriculture","Sasini",2,17.05,3888346275,22500
2020-11-30,"Agriculture","Sasini",2,17.25,3933957375,1200
2020-12-07,"Agriculture","Sasini",2,17.5,3990971250,300
2020-12-31,"Agriculture","Sasini",2,19.5,4447082250,5100
2021-01-05,"Agriculture","Sasini",2,19.5,4447082250,100
2021-01-08,"Agriculture","Sasini",2,19,4333054500,200
2021-01-21,"Agriculture","Sasini",2,17.35,3956762925,1200
2021-02-01,"Agriculture","Sasini",2,17,3876943500,2900
2021-02-08,"Agriculture","Sasini",2,17.1,3899749050,1300
2021-02-16,"Agriculture","Sasini",2,17.3,3945360150,10800
2021-03-03,"Agriculture","Sasini",2,18,4104999000,300
2021-03-08,"Agriculture","Sasini",3,18.15,4139207325,14700
2021-03-12,"Agriculture","Sasini",2,17.5,3990971250,7000
2021-03-23,"Agriculture","Sasini",2,17.05,3888346275,26600
2021-04-06,"Agriculture","Sasini",2,17.2,3922554600,2700
2021-04-08,"Agriculture","Sasini",2,17.2,3922554600,81900
2021-04-12,"Agriculture","Sasini",2,17.2,3922554600,1100
2021-04-14,"Agriculture","Sasini",2,17.3,3945360150,70700
2021-04-28,"Agriculture","Sasini",2,17.3,3945360150,500
2021-05-04,"Agriculture","Sasini",2,17.65,4025179575,900
2021-05-12,"Agriculture","Sasini",2,18.8,4287443400,300
2021-05-21,"Agriculture","Sasini",2,18.55,4230429525,1300
2021-05-26,"Agriculture","Sasini",2,18.35,4184818425,600
2021-05-31,"Agriculture","Sasini",2,18.5,4219026750,1500
2021-06-14,"Agriculture","Sasini",2,16.85,3842735175,400
2021-06-29,"Agriculture","Sasini",2,18,4104999000,8900
2021-07-08,"Agriculture","Sasini",2,18.95,4321651725,1900
2021-07-16,"Agriculture","Sasini",2,19,4333054500,2800
2021-09-03,"Agriculture","Sasini",2,18.7,4264637850,1000
2021-11-05,"Agriculture","Sasini",2,19.65,4481290575,700
2021-11-19,"Agriculture","Sasini",2,18.65,4253235075,300
2021-11-26,"Agriculture","Sasini",4,18.1,4127804550,500
2021-12-01,"Agriculture","Sasini",2,19,4333054500,54700
2021-12-09,"Agriculture","Sasini",2,18.85,4298846175,1300
2021-12-21,"Agriculture","Sasini",2,21.95,5005818225,3500
2022-01-05,"Agriculture","Sasini",4,19.95,4549707225,2100
2022-01-27,"Agriculture","Sasini",2,21.1,4811971050,1300
2022-02-01,"Agriculture","Sasini",2,21,4789165500,200
2022-03-17,"Agriculture","Sasini",2,18.45,4207623975,2200
2022-04-05,"Agriculture","Sasini",2,18.6,4241832300,23100
2022-04-13,"Agriculture","Sasini",3,19.65,4481290575,600
2022-04-25,"Agriculture","Sasini",2,20.5,4675137750,500
2022-04-28,"Agriculture","Sasini",2,21.1,4811971050,1300
2022-05-09,"Agriculture","Sasini",2,19.25,4390068375,2000
2022-05-11,"Agriculture","Sasini",2,20.25,4618123875,300
2022-06-06,"Agriculture","Sasini",2,20.05,4572512775,3000
2022-06-10,"Agriculture","Sasini",3,21.05,4800568275,200
2022-06-30,"Agriculture","Sasini",4,19,4333054500,600
2022-07-04,"Agriculture","Sasini",2,19,4333054500,200
2022-07-06,"Agriculture","Sasini",2,19,4333054500,200
2022-07-27,"Agriculture","Sasini",3,20.5,4675137750,300
2022-08-11,"Agriculture","Sasini",2,20.8,4743554400,600
2022-08-15,"Agriculture","Sasini",2,20.95,4777762725,600
2022-08-19,"Agriculture","Sasini",2,22.25,5074234875,6300
2022-09-01,"Agriculture","Sasini",2,22.1,5040026550,500
2022-10-13,"Agriculture","Sasini",2,21.55,4914596025,800
2022-10-25,"Agriculture","Sasini",2,20.3,4629526650,1500
2022-10-28,"Agriculture","Sasini",2,21,4789165500,1000
2022-11-02,"Agriculture","Sasini",2,21.2,4834776600,700
2022-12-02,"Agriculture","Sasini",3,21.95,5005818225,3400
2022-12-14,"Agriculture","Sasini",2,21.8,4971609900,1700
2022-12-23,"Agriculture","Sasini",2,22.5,5131248750,1000
2023-01-20,"Agriculture","Sasini",2,21.45,4891790475,400
2023-01-26,"Agriculture","Sasini",2,21,4789165500,100
2023-01-30,"Agriculture","Sasini",2,21.05,4800568275,8500
2023-02-28,"Agriculture","Sasini",2,22.25,5074234875,400
2023-03-06,"Agriculture","Sasini",2,22.55,5142651525,1300
2023-03-14,"Agriculture","Sasini",2,25.45,5804012475,5500
2023-05-03,"Agriculture","Sasini",3,28.9,6590803950,600
2023-07-05,"Agriculture","Sasini",2,29.85,6807456675,300
2023-07-28,"Agriculture","Sasini",3,25.3,5769804150,500
2023-08-09,"Agriculture","Sasini",2,26.5,6043470750,100
2023-08-18,"Agriculture","Sasini",3,26,5929443000,600
2023-08-23,"Agriculture","Sasini",3,26.2,5975054100,11500
2023-09-11,"Agriculture","Sasini",2,22.75,5188262625,2400
2023-09-13,"Agriculture","Sasini",2,23.05,5256679275,3700
2023-09-21,"Agriculture","Sasini",2,23.8,5427720900,6900
2023-09-27,"Agriculture","Sasini",2,25,5701387500,400
2023-10-16,"Agriculture","Sasini",2,22.45,5119845975,400
2023-10-30,"Agriculture","Sasini",2,21.8,4971609900,100
2023-11-02,"Agriculture","Sasini",2,22,5017221000,100
2023-11-17,"Agriculture","Sasini",2,18.45,4207623975,300
2023-12-11,"Agriculture","Sasini",2,19.5,4447082250,7900
2023-12-15,"Agriculture","Sasini",2,20,4561110000,2700
2024-01-19,"Agriculture","Sasini",2,21,4789165500,2200
2024-01-31,"Agriculture","Sasini",2,21,4789165500,1506000
2024-02-07,"Agriculture","Sasini",2,21.95,5005818225,280500
2024-02-21,"Agriculture","Sasini",2,21.4,4880387700,500
2024-03-01,"Agriculture","Sasini",3,19.95,4549707225,4700
2024-03-26,"Agriculture","Sasini",2,19.85,4526901675,200
2024-04-24,"Agriculture","Sasini",2,20.4,4652332200,300
2024-08-12,"Agriculture","Sasini",4,17.85,4070790675,3600
2024-09-16,"Agriculture","Sasini",2,17.2,3922554600,600
2024-09-18,"Agriculture","Sasini",2,16.95,3865540725,4100
2016-08-12,"Agriculture","Williamson Tea Kenya",3,183,3204813120,400
2016-08-23,"Agriculture","Williamson Tea Kenya",2,183,3204813120,1100
2016-08-26,"Agriculture","Williamson Tea Kenya",2,177,3099737280,400
2016-09-13,"Agriculture","Williamson Tea Kenya",2,175,3064712000,100
2016-09-15,"Agriculture","Williamson Tea Kenya",2,175,3064712000,22900
2016-09-21,"Agriculture","Williamson Tea Kenya",3,179,3134762560,1400
2016-09-26,"Agriculture","Williamson Tea Kenya",3,180,3152275200,500
2016-09-29,"Agriculture","Williamson Tea Kenya",2,180,3152275200,600
2016-10-10,"Agriculture","Williamson Tea Kenya",2,181,3169787840,100
2016-10-12,"Agriculture","Williamson Tea Kenya",2,181,3169787840,2500
2016-11-01,"Agriculture","Williamson Tea Kenya",3,182,3187300480,6500
2016-11-08,"Agriculture","Williamson Tea Kenya",5,182,3187300480,100
2016-11-14,"Agriculture","Williamson Tea Kenya",3,180,3152275200,4900
2016-11-23,"Agriculture","Williamson Tea Kenya",2,180,3152275200,500
2016-11-25,"Agriculture","Williamson Tea Kenya",2,171,2994661440,3900
2016-12-09,"Agriculture","Williamson Tea Kenya",4,179,3134762560,1600
2016-12-16,"Agriculture","Williamson Tea Kenya",2,179,3134762560,2300
2016-12-21,"Agriculture","Williamson Tea Kenya",3,170,2977148800,300
2016-12-29,"Agriculture","Williamson Tea Kenya",3,178,3117249920,1200
2017-01-04,"Agriculture","Williamson Tea Kenya",3,178,3117249920,500
2017-01-13,"Agriculture","Williamson Tea Kenya",2,163,2854560320,500
2017-01-19,"Agriculture","Williamson Tea Kenya",2,161,2819535040,900
2017-01-25,"Agriculture","Williamson Tea Kenya",2,160,2802022400,500
2017-02-08,"Agriculture","Williamson Tea Kenya",2,160,2802022400,1000
2017-02-20,"Agriculture","Williamson Tea Kenya",2,164,2872072960,500
2017-03-01,"Agriculture","Williamson Tea Kenya",4,180,3152275200,700
2017-03-03,"Agriculture","Williamson Tea Kenya",2,180,3152275200,500
2017-03-07,"Agriculture","Williamson Tea Kenya",2,171,2994661440,300
2017-03-10,"Agriculture","Williamson Tea Kenya",3,179,3134762560,200
2017-03-17,"Agriculture","Williamson Tea Kenya",3,170,2977148800,500
2017-03-21,"Agriculture","Williamson Tea Kenya",2,180,3152275200,100
2017-03-23,"Agriculture","Williamson Tea Kenya",2,175,3064712000,1600
2017-04-10,"Agriculture","Williamson Tea Kenya",7,162,2837047680,500
2017-04-20,"Agriculture","Williamson Tea Kenya",3,177,3099737280,700
2017-04-25,"Agriculture","Williamson Tea Kenya",3,177,3099737280,100
2017-05-02,"Agriculture","Williamson Tea Kenya",2,180,3152275200,100
2017-05-11,"Agriculture","Williamson Tea Kenya",4,173,3029686720,1700
2017-05-15,"Agriculture","Williamson Tea Kenya",2,180,3152275200,600
2017-05-22,"Agriculture","Williamson Tea Kenya",4,178,3117249920,500
2017-06-02,"Agriculture","Williamson Tea Kenya",2,184,3222325760,200
2017-06-06,"Agriculture","Williamson Tea Kenya",2,184,3222325760,2800
2017-06-08,"Agriculture","Williamson Tea Kenya",2,184,3222325760,300
2017-06-15,"Agriculture","Williamson Tea Kenya",2,190,3327401600,1700
2017-06-19,"Agriculture","Williamson Tea Kenya",2,189,3309888960,1700
2017-06-22,"Agriculture","Williamson Tea Kenya",3,189,3309888960,600
2017-06-29,"Agriculture","Williamson Tea Kenya",3,190,3327401600,900
2017-07-05,"Agriculture","Williamson Tea Kenya",2,190,3327401600,3200
2017-07-11,"Agriculture","Williamson Tea Kenya",2,186,3257351040,300
2017-07-24,"Agriculture","Williamson Tea Kenya",2,180,3152275200,13300
2017-07-27,"Agriculture","Williamson Tea Kenya",2,180,3152275200,16200
2017-08-03,"Agriculture","Williamson Tea Kenya",2,180,3152275200,8000
2017-08-16,"Agriculture","Williamson Tea Kenya",2,179,3134762560,21700
2017-08-25,"Agriculture","Williamson Tea Kenya",3,166,2907098240,2400
2017-09-01,"Agriculture","Williamson Tea Kenya",3,174,3047199360,200
2017-09-05,"Agriculture","Williamson Tea Kenya",2,171,2994661440,200
2017-09-11,"Agriculture","Williamson Tea Kenya",3,174,3047199360,400
2017-09-15,"Agriculture","Williamson Tea Kenya",4,175,3064712000,100
2017-09-19,"Agriculture","Williamson Tea Kenya",2,170,2977148800,1000
2017-09-21,"Agriculture","Williamson Tea Kenya",2,170,2977148800,900
2017-09-26,"Agriculture","Williamson Tea Kenya",2,170,2977148800,1400
2017-10-03,"Agriculture","Williamson Tea Kenya",3,168,2942123520,7600
2017-10-09,"Agriculture","Williamson Tea Kenya",4,177,3099737280,1700
2017-10-18,"Agriculture","Williamson Tea Kenya",4,160,2802022400,3100
2017-10-24,"Agriculture","Williamson Tea Kenya",2,166,2907098240,1600
2017-11-03,"Agriculture","Williamson Tea Kenya",2,165,2889585600,700
2017-11-08,"Agriculture","Williamson Tea Kenya",2,164,2872072960,2000
2017-11-14,"Agriculture","Williamson Tea Kenya",2,165,2889585600,500
2017-11-29,"Agriculture","Williamson Tea Kenya",2,168,2942123520,100
2017-12-11,"Agriculture","Williamson Tea Kenya",2,165,2889585600,2200
2018-01-05,"Agriculture","Williamson Tea Kenya",3,159,2784509760,1100
2018-01-22,"Agriculture","Williamson Tea Kenya",2,153,2679433920,100
2018-01-31,"Agriculture","Williamson Tea Kenya",2,150,2626896000,2400
2018-02-13,"Agriculture","Williamson Tea Kenya",2,149,2609383360,1300
2018-02-19,"Agriculture","Williamson Tea Kenya",3,152,2661921280,200
2018-03-01,"Agriculture","Williamson Tea Kenya",3,158,2766997120,600
2018-03-14,"Agriculture","Williamson Tea Kenya",2,150,2626896000,2100
2018-03-16,"Agriculture","Williamson Tea Kenya",2,150,2626896000,9000
2018-03-21,"Agriculture","Williamson Tea Kenya",2,150,2626896000,300
2018-04-03,"Agriculture","Williamson Tea Kenya",2,150,2626896000,900
2018-04-06,"Agriculture","Williamson Tea Kenya",2,155,2714459200,3500
2018-04-10,"Agriculture","Williamson Tea Kenya",2,156,2731971840,1600
2018-04-25,"Agriculture","Williamson Tea Kenya",2,153,2679433920,600
2018-05-03,"Agriculture","Williamson Tea Kenya",2,155,2714459200,1200
2018-05-08,"Agriculture","Williamson Tea Kenya",2,159,2784509760,1000
2018-05-10,"Agriculture","Williamson Tea Kenya",2,159,2784509760,100
2018-05-17,"Agriculture","Williamson Tea Kenya",2,150,2626896000,6000
2018-05-22,"Agriculture","Williamson Tea Kenya",2,150,2626896000,900
2018-05-24,"Agriculture","Williamson Tea Kenya",2,150,2626896000,5600
2018-05-28,"Agriculture","Williamson Tea Kenya",2,141,2469282240,2000
2018-05-30,"Agriculture","Williamson Tea Kenya",2,141,2469282240,200
2018-06-04,"Agriculture","Williamson Tea Kenya",2,145,2539332800,200
2018-06-11,"Agriculture","Williamson Tea Kenya",2,142,2486794880,1000
2018-06-18,"Agriculture","Williamson Tea Kenya",2,142,2486794880,1400
2018-06-21,"Agriculture","Williamson Tea Kenya",2,139,2434256960,900
2018-07-05,"Agriculture","Williamson Tea Kenya",2,140,2451769600,900
2018-07-12,"Agriculture","Williamson Tea Kenya",2,138,2416744320,6900
2018-07-27,"Agriculture","Williamson Tea Kenya",2,138,2416744320,1800
2018-07-31,"Agriculture","Williamson Tea Kenya",2,135,2364206400,1100
2018-08-02,"Agriculture","Williamson Tea Kenya",2,169,2959636160,200700
2018-10-01,"Agriculture","Williamson Tea Kenya",2,144,2521820160,300
2018-10-11,"Agriculture","Williamson Tea Kenya",2,140,2451769600,500
2018-10-26,"Agriculture","Williamson Tea Kenya",2,142,2486794880,100
2018-11-15,"Agriculture","Williamson Tea Kenya",2,156,2731971840,2600
2018-11-27,"Agriculture","Williamson Tea Kenya",2,159.75,2797644240,1100
2018-11-30,"Agriculture","Williamson Tea Kenya",2,144.5,2530576480,3500
2018-12-04,"Agriculture","Williamson Tea Kenya",2,141.75,2482416720,3000
2018-12-10,"Agriculture","Williamson Tea Kenya",2,140.5,2460525920,1000
2018-12-14,"Agriculture","Williamson Tea Kenya",3,142.25,2491173040,1100
2018-12-18,"Agriculture","Williamson Tea Kenya",2,145,2539332800,900
2018-12-20,"Agriculture","Williamson Tea Kenya",2,153.75,2692568400,2000
2018-12-31,"Agriculture","Williamson Tea Kenya",2,150,2626896000,100
2019-01-11,"Agriculture","Williamson Tea Kenya",2,146.25,2561223600,900
2019-01-16,"Agriculture","Williamson Tea Kenya",2,147,2574358080,400
2019-01-21,"Agriculture","Williamson Tea Kenya",2,147,2574358080,900
2019-01-28,"Agriculture","Williamson Tea Kenya",2,148,2591870720,700
2019-02-06,"Agriculture","Williamson Tea Kenya",2,146,2556845440,2200
2019-02-08,"Agriculture","Williamson Tea Kenya",2,140,2451769600,3600
2019-02-26,"Agriculture","Williamson Tea Kenya",2,150,2626896000,1100
2019-03-07,"Agriculture","Williamson Tea Kenya",2,147.25,2578736240,300
2019-03-21,"Agriculture","Williamson Tea Kenya",3,150,2626896000,4000
2019-04-12,"Agriculture","Williamson Tea Kenya",2,139.75,2447391440,2600
2019-04-16,"Agriculture","Williamson Tea Kenya",2,145,2539332800,100
2019-04-18,"Agriculture","Williamson Tea Kenya",2,143.5,2513063840,300
2019-05-15,"Agriculture","Williamson Tea Kenya",2,142,2486794880,900
2019-05-17,"Agriculture","Williamson Tea Kenya",2,140,2451769600,600
2019-05-30,"Agriculture","Williamson Tea Kenya",2,140,2451769600,300
2019-06-12,"Agriculture","Williamson Tea Kenya",2,138,2416744320,400
2019-06-28,"Agriculture","Williamson Tea Kenya",2,141.5,2478038560,26200
2019-09-11,"Agriculture","Williamson Tea Kenya",3,142,2486794880,200
2019-09-16,"Agriculture","Williamson Tea Kenya",2,136.25,2386097200,1100
2019-10-25,"Agriculture","Williamson Tea Kenya",2,134.5,2355450080,3800
2019-11-14,"Agriculture","Williamson Tea Kenya",2,128,2241617920,2000
2019-11-27,"Agriculture","Williamson Tea Kenya",3,135,2364206400,200
2019-11-29,"Agriculture","Williamson Tea Kenya",2,133.75,2342315600,3300
2019-12-11,"Agriculture","Williamson Tea Kenya",2,133.75,2342315600,1400
2019-12-27,"Agriculture","Williamson Tea Kenya",2,133.5,2337937440,1300
2020-01-10,"Agriculture","Williamson Tea Kenya",2,133.75,2342315600,8000
2020-01-14,"Agriculture","Williamson Tea Kenya",2,134,2346693760,100
2020-01-16,"Agriculture","Williamson Tea Kenya",2,134,2346693760,300
2020-02-14,"Agriculture","Williamson Tea Kenya",2,130,2276643200,700
2020-02-28,"Agriculture","Williamson Tea Kenya",2,123.25,2158432880,1500
2020-04-20,"Agriculture","Williamson Tea Kenya",2,115,2013953600,4000
2020-04-22,"Agriculture","Williamson Tea Kenya",2,115,2013953600,800
2020-05-05,"Agriculture","Williamson Tea Kenya",2,115,2013953600,600
2020-05-12,"Agriculture","Williamson Tea Kenya",3,115,2013953600,2000
2020-06-02,"Agriculture","Williamson Tea Kenya",3,124,2171567360,200
2020-06-11,"Agriculture","Williamson Tea Kenya",2,120,2101516800,6400
2020-06-16,"Agriculture","Williamson Tea Kenya",2,132,2311668480,300
2020-06-24,"Agriculture","Williamson Tea Kenya",2,130,2276643200,200
2020-06-26,"Agriculture","Williamson Tea Kenya",2,131.5,2302912160,2000
2020-07-14,"Agriculture","Williamson Tea Kenya",3,130,2276643200,100
2020-07-17,"Agriculture","Williamson Tea Kenya",2,137,2399231680,2300
2020-07-27,"Agriculture","Williamson Tea Kenya",2,144.75,2534954640,2500
2020-08-07,"Agriculture","Williamson Tea Kenya",2,143,2504307520,1300
2020-08-12,"Agriculture","Williamson Tea Kenya",2,144,2521820160,7000
2020-08-21,"Agriculture","Williamson Tea Kenya",2,128.25,2245996080,300
2020-09-07,"Agriculture","Williamson Tea Kenya",2,125,2189080000,1300
2020-09-10,"Agriculture","Williamson Tea Kenya",2,120.25,2105894960,9000
2020-09-22,"Agriculture","Williamson Tea Kenya",2,126.75,2219727120,700
2020-10-07,"Agriculture","Williamson Tea Kenya",2,138.5,2425500640,3200
2020-10-12,"Agriculture","Williamson Tea Kenya",3,140,2451769600,2600
2020-10-19,"Agriculture","Williamson Tea Kenya",3,139,2434256960,400
2020-10-23,"Agriculture","Williamson Tea Kenya",2,137,2399231680,100
2020-10-27,"Agriculture","Williamson Tea Kenya",2,139,2434256960,700
2020-11-02,"Agriculture","Williamson Tea Kenya",2,136.25,2386097200,1700
2020-11-17,"Agriculture","Williamson Tea Kenya",2,129.5,2267886880,3600
2020-11-30,"Agriculture","Williamson Tea Kenya",4,130.25,2281021360,1000
2020-12-03,"Agriculture","Williamson Tea Kenya",3,131,2294155840,4500
2020-12-14,"Agriculture","Williamson Tea Kenya",2,130.75,2289777680,1400
2021-01-11,"Agriculture","Williamson Tea Kenya",2,130,2276643200,2200
2021-01-15,"Agriculture","Williamson Tea Kenya",2,133,2329181120,500
2021-01-20,"Agriculture","Williamson Tea Kenya",2,130.5,2285399520,100
2021-01-22,"Agriculture","Williamson Tea Kenya",2,132,2311668480,1000
2021-01-29,"Agriculture","Williamson Tea Kenya",3,137,2399231680,700
2021-02-17,"Agriculture","Williamson Tea Kenya",3,135,2364206400,1100
2021-02-24,"Agriculture","Williamson Tea Kenya",2,135,2364206400,600
2021-03-05,"Agriculture","Williamson Tea Kenya",2,133,2329181120,600
2021-03-23,"Agriculture","Williamson Tea Kenya",2,135.5,2372962720,100
2021-03-26,"Agriculture","Williamson Tea Kenya",2,147.5,2583114400,900
2021-04-14,"Agriculture","Williamson Tea Kenya",3,143,2504307520,39500
2021-05-04,"Agriculture","Williamson Tea Kenya",2,149.75,2622517840,100
2021-05-06,"Agriculture","Williamson Tea Kenya",2,149.5,2618139680,1200
2021-05-11,"Agriculture","Williamson Tea Kenya",2,149,2609383360,100
2021-05-24,"Agriculture","Williamson Tea Kenya",3,145,2539332800,1800
2021-06-08,"Agriculture","Williamson Tea Kenya",2,140,2451769600,1200
2021-06-15,"Agriculture","Williamson Tea Kenya",2,146,2556845440,400
2021-06-21,"Agriculture","Williamson Tea Kenya",2,134,2346693760,200
2021-06-24,"Agriculture","Williamson Tea Kenya",3,147,2574358080,200
2021-07-02,"Agriculture","Williamson Tea Kenya",3,149,2609383360,1300
2021-07-06,"Agriculture","Williamson Tea Kenya",2,147.25,2578736240,1300
2021-07-15,"Agriculture","Williamson Tea Kenya",3,139.25,2438635120,6600
2021-07-21,"Agriculture","Williamson Tea Kenya",2,143.5,2513063840,1000
2021-07-26,"Agriculture","Williamson Tea Kenya",2,135,2364206400,300
2021-07-29,"Agriculture","Williamson Tea Kenya",2,135,2364206400,100
2021-08-12,"Agriculture","Williamson Tea Kenya",2,137,2399231680,1000
2021-08-23,"Agriculture","Williamson Tea Kenya",3,132.5,2320424800,400
2021-08-30,"Agriculture","Williamson Tea Kenya",3,137,2399231680,1000
2021-09-01,"Agriculture","Williamson Tea Kenya",2,135,2364206400,300
2021-09-06,"Agriculture","Williamson Tea Kenya",2,142.25,2491173040,1400
2021-09-09,"Agriculture","Williamson Tea Kenya",2,134,2346693760,100
2021-09-13,"Agriculture","Williamson Tea Kenya",2,141.25,2473660400,600
2021-09-16,"Agriculture","Williamson Tea Kenya",2,140,2451769600,100
2021-09-21,"Agriculture","Williamson Tea Kenya",3,134,2346693760,100
2021-09-23,"Agriculture","Williamson Tea Kenya",2,138,2416744320,400
2021-09-27,"Agriculture","Williamson Tea Kenya",2,140,2451769600,200
2021-09-30,"Agriculture","Williamson Tea Kenya",2,139,2434256960,300
2021-10-21,"Agriculture","Williamson Tea Kenya",3,131,2294155840,1800
2021-10-27,"Agriculture","Williamson Tea Kenya",3,132,2311668480,100
2021-11-02,"Agriculture","Williamson Tea Kenya",2,138,2416744320,200
2021-11-08,"Agriculture","Williamson Tea Kenya",2,138,2416744320,400
2021-11-11,"Agriculture","Williamson Tea Kenya",2,134,2346693760,300
2021-11-18,"Agriculture","Williamson Tea Kenya",2,137.5,2407988000,100
2021-11-23,"Agriculture","Williamson Tea Kenya",2,130.5,2285399520,400
2021-11-26,"Agriculture","Williamson Tea Kenya",2,131,2294155840,2400
2021-11-30,"Agriculture","Williamson Tea Kenya",2,130.25,2281021360,700
2021-12-06,"Agriculture","Williamson Tea Kenya",2,127,2224105280,400
2021-12-20,"Agriculture","Williamson Tea Kenya",8,138.5,2425500640,600
2022-01-03,"Agriculture","Williamson Tea Kenya",4,132,2311668480,15000
2022-01-05,"Agriculture","Williamson Tea Kenya",2,130.75,2289777680,1900
2022-01-07,"Agriculture","Williamson Tea Kenya",2,132,2311668480,100
2022-01-17,"Agriculture","Williamson Tea Kenya",2,130.25,2281021360,700
2022-01-21,"Agriculture","Williamson Tea Kenya",2,135,2364206400,300
2022-01-26,"Agriculture","Williamson Tea Kenya",2,137,2399231680,200
2022-02-03,"Agriculture","Williamson Tea Kenya",4,130.25,2281021360,6600
2022-02-07,"Agriculture","Williamson Tea Kenya",2,135,2364206400,2500
2022-02-17,"Agriculture","Williamson Tea Kenya",2,136,2381719040,1200
2022-02-23,"Agriculture","Williamson Tea Kenya",4,134.25,2351071920,300
2022-03-01,"Agriculture","Williamson Tea Kenya",2,131,2294155840,100
2022-03-03,"Agriculture","Williamson Tea Kenya",2,131,2294155840,1200
2022-03-08,"Agriculture","Williamson Tea Kenya",2,130,2276643200,127100
2022-03-17,"Agriculture","Williamson Tea Kenya",6,135,2364206400,200
2022-03-24,"Agriculture","Williamson Tea Kenya",2,135,2364206400,400
2022-03-31,"Agriculture","Williamson Tea Kenya",2,135,2364206400,500
2022-04-04,"Agriculture","Williamson Tea Kenya",2,132.25,2316046640,2100
2022-04-11,"Agriculture","Williamson Tea Kenya",3,134,2346693760,100
2022-04-14,"Agriculture","Williamson Tea Kenya",3,133.5,2337937440,200
2022-04-20,"Agriculture","Williamson Tea Kenya",2,133.25,2333559280,68500
2022-05-09,"Agriculture","Williamson Tea Kenya",3,126.25,2210970800,1200
2022-05-13,"Agriculture","Williamson Tea Kenya",3,126.75,2219727120,300
2022-05-17,"Agriculture","Williamson Tea Kenya",2,126.75,2219727120,300
2022-06-06,"Agriculture","Williamson Tea Kenya",2,127.5,2232861600,200
2022-06-13,"Agriculture","Williamson Tea Kenya",2,129.5,2267886880,300
2022-06-20,"Agriculture","Williamson Tea Kenya",2,125,2189080000,300
2022-06-22,"Agriculture","Williamson Tea Kenya",2,129.5,2267886880,2200
2022-06-27,"Agriculture","Williamson Tea Kenya",3,124.75,2184701840,300
2022-06-29,"Agriculture","Williamson Tea Kenya",2,129.5,2267886880,400
2022-08-31,"Agriculture","Williamson Tea Kenya",2,156.5,2740728160,200
2022-09-02,"Agriculture","Williamson Tea Kenya",2,154.75,2710081040,900
2022-09-29,"Agriculture","Williamson Tea Kenya",2,162,2837047680,100
2022-10-03,"Agriculture","Williamson Tea Kenya",2,159,2784509760,1600
2022-10-14,"Agriculture","Williamson Tea Kenya",2,167,2924610880,100
2022-10-24,"Agriculture","Williamson Tea Kenya",2,165,2889585600,800
2022-10-26,"Agriculture","Williamson Tea Kenya",2,165,2889585600,800
2022-11-01,"Agriculture","Williamson Tea Kenya",2,164.75,2885207440,400
2022-11-07,"Agriculture","Williamson Tea Kenya",2,164,2872072960,800
2022-11-15,"Agriculture","Williamson Tea Kenya",2,151,2644408640,100
2022-11-22,"Agriculture","Williamson Tea Kenya",2,150,2626896000,200
2022-11-24,"Agriculture","Williamson Tea Kenya",2,139,2434256960,100
2022-11-29,"Agriculture","Williamson Tea Kenya",3,145,2539332800,600
2022-12-01,"Agriculture","Williamson Tea Kenya",2,150,2626896000,100
2022-12-07,"Agriculture","Williamson Tea Kenya",4,150,2626896000,200
2022-12-14,"Agriculture","Williamson Tea Kenya",2,160,2802022400,1200
2022-12-20,"Agriculture","Williamson Tea Kenya",2,155,2714459200,200
2022-12-23,"Agriculture","Williamson Tea Kenya",2,152.5,2670677600,200
2023-01-05,"Agriculture","Williamson Tea Kenya",3,154.75,2710081040,700
2023-01-13,"Agriculture","Williamson Tea Kenya",3,156,2731971840,100
2023-02-03,"Agriculture","Williamson Tea Kenya",2,165,2889585600,200
2023-02-20,"Agriculture","Williamson Tea Kenya",2,175,3064712000,1500
2023-03-01,"Agriculture","Williamson Tea Kenya",4,175,3064712000,200
2023-03-08,"Agriculture","Williamson Tea Kenya",2,176.25,3086602800,2300
2023-03-10,"Agriculture","Williamson Tea Kenya",2,175,3064712000,200
2023-03-14,"Agriculture","Williamson Tea Kenya",2,160,2802022400,1300
2023-03-24,"Agriculture","Williamson Tea Kenya",2,160,2802022400,600
2023-03-31,"Agriculture","Williamson Tea Kenya",5,165,2889585600,100
2023-04-04,"Agriculture","Williamson Tea Kenya",2,170,2977148800,2200
2023-04-12,"Agriculture","Williamson Tea Kenya",2,170,2977148800,200
2023-04-14,"Agriculture","Williamson Tea Kenya",2,170,2977148800,1500
2023-05-02,"Agriculture","Williamson Tea Kenya",9,185,3239838400,200
2023-05-22,"Agriculture","Williamson Tea Kenya",4,170.5,2985905120,4000
2023-05-26,"Agriculture","Williamson Tea Kenya",2,172,3012174080,100
2023-06-09,"Agriculture","Williamson Tea Kenya",2,186,3257351040,400
2023-06-26,"Agriculture","Williamson Tea Kenya",2,210,3677654400,6700
2023-08-15,"Agriculture","Williamson Tea Kenya",2,265,4640849600,33300
2023-09-12,"Agriculture","Williamson Tea Kenya",2,202.5,3546309600,200
2023-09-25,"Agriculture","Williamson Tea Kenya",2,200,3502528000,36000
2023-10-03,"Agriculture","Williamson Tea Kenya",2,212,3712679680,400
2023-10-23,"Agriculture","Williamson Tea Kenya",2,222.5,3896562400,800
2023-11-07,"Agriculture","Williamson Tea Kenya",2,215,3765217600,600
2023-11-14,"Agriculture","Williamson Tea Kenya",2,206,3607603840,1000
2023-11-17,"Agriculture","Williamson Tea Kenya",2,223,3905318720,1300
2023-11-24,"Agriculture","Williamson Tea Kenya",2,233,4080445120,700
2023-11-30,"Agriculture","Williamson Tea Kenya",2,231.25,4049798000,2600
2023-12-19,"Agriculture","Williamson Tea Kenya",3,199.5,3493771680,10000
2023-12-21,"Agriculture","Williamson Tea Kenya",2,203,3555065920,600
2024-01-02,"Agriculture","Williamson Tea Kenya",3,228,3992881920,100
2024-01-04,"Agriculture","Williamson Tea Kenya",2,237,4150495680,700
2024-01-18,"Agriculture","Williamson Tea Kenya",2,240,4203033600,300
2024-01-23,"Agriculture","Williamson Tea Kenya",2,240,4203033600,300
2024-01-29,"Agriculture","Williamson Tea Kenya",2,234,4097957760,2300
2024-02-02,"Agriculture","Williamson Tea Kenya",2,234,4097957760,500
2024-02-12,"Agriculture","Williamson Tea Kenya",2,230,4027907200,1100
2024-02-22,"Agriculture","Williamson Tea Kenya",2,225,3940344000,200
2024-02-26,"Agriculture","Williamson Tea Kenya",2,234.75,4111092240,200
2024-02-29,"Agriculture","Williamson Tea Kenya",2,225,3940344000,400
2024-03-05,"Agriculture","Williamson Tea Kenya",2,225,3940344000,200
2024-03-18,"Agriculture","Williamson Tea Kenya",2,230,4027907200,100
2024-03-20,"Agriculture","Williamson Tea Kenya",2,228.5,4001638240,2100
2024-03-22,"Agriculture","Williamson Tea Kenya",2,234.25,4102335920,1300
2024-04-25,"Agriculture","Williamson Tea Kenya",3,232,4062932480,100
2024-05-02,"Agriculture","Williamson Tea Kenya",3,244.75,4286218640,200
2024-05-07,"Agriculture","Williamson Tea Kenya",3,240,4203033600,2000
2024-05-09,"Agriculture","Williamson Tea Kenya",2,247,4325622080,300
2024-05-17,"Agriculture","Williamson Tea Kenya",3,237.5,4159252000,200
2024-05-22,"Agriculture","Williamson Tea Kenya",3,250,4378160000,1100
2024-05-28,"Agriculture","Williamson Tea Kenya",2,249.5,4369403680,200
2024-06-07,"Agriculture","Williamson Tea Kenya",2,260,4553286400,200
2024-06-28,"Agriculture","Williamson Tea Kenya",2,271,4745925440,9300
2024-07-04,"Agriculture","Williamson Tea Kenya",3,269.75,4724034640,300
2024-07-10,"Agriculture","Williamson Tea Kenya",2,250,4378160000,100
2024-07-15,"Agriculture","Williamson Tea Kenya",2,250,4378160000,400
2024-07-24,"Agriculture","Williamson Tea Kenya",2,263.75,4618958800,1100
2024-08-05,"Agriculture","Williamson Tea Kenya",2,244.25,4277462320,600
2024-08-14,"Agriculture","Williamson Tea Kenya",3,245,4290596800,600
2024-08-20,"Agriculture","Williamson Tea Kenya",3,231.5,4054176160,500
2024-08-29,"Agriculture","Williamson Tea Kenya",2,222,3887806080,1600
2024-09-05,"Agriculture","Williamson Tea Kenya",3,219.25,3839646320,1000
2024-09-12,"Agriculture","Williamson Tea Kenya",3,220,3852780800,800
2024-10-23,"Agriculture","Williamson Tea Kenya",2,238.5,4176764640,200
2024-10-25,"Agriculture","Williamson Tea Kenya",2,239.25,4189899120,1100
2024-10-29,"Agriculture","Williamson Tea Kenya",2,237.5,4159252000,2700
2024-10-31,"Agriculture","Williamson Tea Kenya",2,245,4290596800,200
2024-11-22,"Agriculture","Williamson Tea Kenya",2,212.25,3717057840,6400
2024-11-29,"Agriculture","Williamson Tea Kenya",2,220,3852780800,400
2024-12-19,"Agriculture","Williamson Tea Kenya",2,210,3677654400,3100
2024-12-30,"Agriculture","Williamson Tea Kenya",3,227.75,3988503760,800
2016-08-18,"Automobiles and Accessories","Car and General (Kenya)",6,17,681756236,2000
2016-08-24,"Automobiles and Accessories","Car and General (Kenya)",4,17.5,701807890,200
2016-08-30,"Automobiles and Accessories","Car and General (Kenya)",4,15.75,631627101,10600
2016-09-15,"Automobiles and Accessories","Car and General (Kenya)",11,14.5,581497966,200
2016-09-22,"Automobiles and Accessories","Car and General (Kenya)",4,13.5,541394658,21000
2016-09-26,"Automobiles and Accessories","Car and General (Kenya)",2,13.25,531368831,3600
2016-10-10,"Automobiles and Accessories","Car and General (Kenya)",9,14.13,566659742,800
2016-10-24,"Automobiles and Accessories","Car and General (Kenya)",7,13.5,541394658,1000
2016-11-16,"Automobiles and Accessories","Car and General (Kenya)",17,13.5,541394658,200
2016-12-13,"Automobiles and Accessories","Car and General (Kenya)",18,13.5,541394658,400
2017-01-06,"Automobiles and Accessories","Car and General (Kenya)",15,13.5,541394658,1000
2017-01-11,"Automobiles and Accessories","Car and General (Kenya)",3,13.5,541394658,400
2017-01-16,"Automobiles and Accessories","Car and General (Kenya)",2,12.75,511317177,200
2017-01-20,"Automobiles and Accessories","Car and General (Kenya)",4,12.5,501291350,200
2017-01-24,"Automobiles and Accessories","Car and General (Kenya)",2,12.38,496478953,21000
2017-02-08,"Automobiles and Accessories","Car and General (Kenya)",11,11.5,461188042,1000
2017-02-15,"Automobiles and Accessories","Car and General (Kenya)",3,10.63,426298164,400
2017-02-22,"Automobiles and Accessories","Car and General (Kenya)",4,10,401033080,200
2017-03-03,"Automobiles and Accessories","Car and General (Kenya)",7,9,360929772,400
2017-03-29,"Automobiles and Accessories","Car and General (Kenya)",17,9.45,378976261,1600
2017-03-31,"Automobiles and Accessories","Car and General (Kenya)",2,9,360929772,12000
2017-04-04,"Automobiles and Accessories","Car and General (Kenya)",2,9,360929772,32200
2017-04-06,"Automobiles and Accessories","Car and General (Kenya)",2,9,360929772,200
2017-04-10,"Automobiles and Accessories","Car and General (Kenya)",2,9,360929772,2400
2017-05-12,"Automobiles and Accessories","Car and General (Kenya)",21,8.5,340878118,6600
2017-05-22,"Automobiles and Accessories","Car and General (Kenya)",6,8.5,340878118,8000
2017-05-29,"Automobiles and Accessories","Car and General (Kenya)",3,8.95,358924607,1400
2017-06-07,"Automobiles and Accessories","Car and General (Kenya)",5,10,401033080,1000
2017-06-15,"Automobiles and Accessories","Car and General (Kenya)",5,10,401033080,1000
2017-06-19,"Automobiles and Accessories","Car and General (Kenya)",2,10.5,421084734,400
2017-07-10,"Automobiles and Accessories","Car and General (Kenya)",14,10,401033080,200
2017-07-20,"Automobiles and Accessories","Car and General (Kenya)",8,10,401033080,2000
2017-09-01,"Automobiles and Accessories","Car and General (Kenya)",29,10.75,431110561,600
2017-10-03,"Automobiles and Accessories","Car and General (Kenya)",22,9.75,391007253,2600
2017-10-06,"Automobiles and Accessories","Car and General (Kenya)",3,8.88,356117375,7600
2017-10-10,"Automobiles and Accessories","Car and General (Kenya)",2,8,320826464,11200
2017-10-13,"Automobiles and Accessories","Car and General (Kenya)",2,9.68,388200021,200
2017-10-23,"Automobiles and Accessories","Car and General (Kenya)",4,11,441136388,200
2017-11-01,"Automobiles and Accessories","Car and General (Kenya)",5,12,481239696,200
2017-11-09,"Automobiles and Accessories","Car and General (Kenya)",5,11.5,461188042,200
2017-11-15,"Automobiles and Accessories","Car and General (Kenya)",3,12.63,506504780,200
2017-11-21,"Automobiles and Accessories","Car and General (Kenya)",2,11.5,461188042,1000
2017-11-24,"Automobiles and Accessories","Car and General (Kenya)",3,11.5,461188042,200
2017-11-30,"Automobiles and Accessories","Car and General (Kenya)",3,11.5,461188042,7200
2017-12-06,"Automobiles and Accessories","Car and General (Kenya)",4,11.5,461188042,1000
2017-12-14,"Automobiles and Accessories","Car and General (Kenya)",5,10.5,421084734,200
2017-12-29,"Automobiles and Accessories","Car and General (Kenya)",9,10.5,421084734,600
2018-01-08,"Automobiles and Accessories","Car and General (Kenya)",5,10.5,421084734,2400
2018-01-11,"Automobiles and Accessories","Car and General (Kenya)",3,10.5,421084734,200
2018-01-17,"Automobiles and Accessories","Car and General (Kenya)",4,9.75,391007253,20000
2018-01-19,"Automobiles and Accessories","Car and General (Kenya)",2,9.75,391007253,200
2018-01-24,"Automobiles and Accessories","Car and General (Kenya)",2,9.5,380981426,200
2018-02-02,"Automobiles and Accessories","Car and General (Kenya)",7,10.38,416272337,200
2018-02-06,"Automobiles and Accessories","Car and General (Kenya)",2,9.5,380981426,1200
2018-02-14,"Automobiles and Accessories","Car and General (Kenya)",2,12.25,491265523,1400
2018-02-19,"Automobiles and Accessories","Car and General (Kenya)",3,12.25,491265523,400
2018-03-08,"Automobiles and Accessories","Car and General (Kenya)",10,12.75,511317177,400
2018-03-16,"Automobiles and Accessories","Car and General (Kenya)",5,12.63,506504780,200
2018-03-21,"Automobiles and Accessories","Car and General (Kenya)",2,12.5,501291350,400
2018-04-11,"Automobiles and Accessories","Car and General (Kenya)",13,13,521343004,400
2018-04-13,"Automobiles and Accessories","Car and General (Kenya)",2,13,521343004,200
2018-04-19,"Automobiles and Accessories","Car and General (Kenya)",2,13.25,531368831,200
2018-04-23,"Automobiles and Accessories","Car and General (Kenya)",2,13.63,546608088,1200
2018-04-25,"Automobiles and Accessories","Car and General (Kenya)",2,13.75,551420485,2000
2018-05-24,"Automobiles and Accessories","Car and General (Kenya)",19,13,521343004,200
2018-05-30,"Automobiles and Accessories","Car and General (Kenya)",2,10.63,426298164,3400
2018-06-11,"Automobiles and Accessories","Car and General (Kenya)",7,10,401033080,6400
2018-06-13,"Automobiles and Accessories","Car and General (Kenya)",2,9.35,374965930,27200
2018-06-19,"Automobiles and Accessories","Car and General (Kenya)",3,9.5,380981426,4400
2018-06-26,"Automobiles and Accessories","Car and General (Kenya)",4,9.5,380981426,200
2018-07-02,"Automobiles and Accessories","Car and General (Kenya)",4,8.55,342883283,1800
2018-07-04,"Automobiles and Accessories","Car and General (Kenya)",2,8.55,342883283,1800
2018-07-10,"Automobiles and Accessories","Car and General (Kenya)",4,8.55,342883283,209000
2018-07-24,"Automobiles and Accessories","Car and General (Kenya)",8,9.35,374965930,3000
2018-07-27,"Automobiles and Accessories","Car and General (Kenya)",3,8.95,358924607,20000
2018-08-02,"Automobiles and Accessories","Car and General (Kenya)",4,9,360929772,10800
2018-08-10,"Automobiles and Accessories","Car and General (Kenya)",6,8.8,352909110,200
2018-08-14,"Automobiles and Accessories","Car and General (Kenya)",2,9,360929772,200
2018-08-23,"Automobiles and Accessories","Car and General (Kenya)",6,9.6,384991757,2000
2018-08-27,"Automobiles and Accessories","Car and General (Kenya)",2,9.75,391007253,8000
2018-09-11,"Automobiles and Accessories","Car and General (Kenya)",7,9.5,380981426,200
2018-09-20,"Automobiles and Accessories","Car and General (Kenya)",7,9.25,370955599,2000
2018-10-02,"Automobiles and Accessories","Car and General (Kenya)",8,9,360929772,800
2018-10-08,"Automobiles and Accessories","Car and General (Kenya)",3,9.48,380179360,128400
2018-10-17,"Automobiles and Accessories","Car and General (Kenya)",6,9.45,378976261,400
2018-10-30,"Automobiles and Accessories","Car and General (Kenya)",9,9.5,380981426,200
2018-11-02,"Automobiles and Accessories","Car and General (Kenya)",3,9.55,382986591,4000
2018-11-13,"Automobiles and Accessories","Car and General (Kenya)",4,9.55,382986591,4600
2018-11-19,"Automobiles and Accessories","Car and General (Kenya)",3,9.55,382986591,2600
2018-11-22,"Automobiles and Accessories","Car and General (Kenya)",3,9.5,380981426,15200
2018-11-27,"Automobiles and Accessories","Car and General (Kenya)",3,9.55,382986591,200
2018-11-29,"Automobiles and Accessories","Car and General (Kenya)",2,9.45,378976261,5400
2018-12-07,"Automobiles and Accessories","Car and General (Kenya)",5,9.45,378976261,9200
2018-12-17,"Automobiles and Accessories","Car and General (Kenya)",4,9.45,378976261,530400
2018-12-21,"Automobiles and Accessories","Car and General (Kenya)",3,9.25,370955599,4200
2018-12-27,"Automobiles and Accessories","Car and General (Kenya)",2,9.5,380981426,14800
2019-01-10,"Automobiles and Accessories","Car and General (Kenya)",3,11.95,479234531,3200
2019-01-21,"Automobiles and Accessories","Car and General (Kenya)",3,12.73,510515111,400
2019-01-25,"Automobiles and Accessories","Car and General (Kenya)",2,11.08,444344653,200
2019-02-04,"Automobiles and Accessories","Car and General (Kenya)",3,11.5,461188042,1400
2019-02-07,"Automobiles and Accessories","Car and General (Kenya)",3,12.5,501291350,2200
2019-02-11,"Automobiles and Accessories","Car and General (Kenya)",2,12.5,501291350,400
2019-02-27,"Automobiles and Accessories","Car and General (Kenya)",3,12,481239696,200
2019-03-07,"Automobiles and Accessories","Car and General (Kenya)",2,12.5,501291350,400
2019-03-11,"Automobiles and Accessories","Car and General (Kenya)",2,12.5,501291350,600
2019-03-19,"Automobiles and Accessories","Car and General (Kenya)",2,12.5,501291350,800
2019-03-21,"Automobiles and Accessories","Car and General (Kenya)",2,12.48,500489284,200
2019-03-27,"Automobiles and Accessories","Car and General (Kenya)",3,11.25,451162215,23800
2019-04-03,"Automobiles and Accessories","Car and General (Kenya)",4,11.48,460385976,1000
2019-04-09,"Automobiles and Accessories","Car and General (Kenya)",2,12.35,495275854,400
2019-04-12,"Automobiles and Accessories","Car and General (Kenya)",2,12.5,501291350,200
2019-04-18,"Automobiles and Accessories","Car and General (Kenya)",3,12.4,497281019,2200
2019-04-26,"Automobiles and Accessories","Car and General (Kenya)",4,11.38,456375645,4400
2019-05-07,"Automobiles and Accessories","Car and General (Kenya)",6,11.6,465198373,2600
2019-05-09,"Automobiles and Accessories","Car and General (Kenya)",2,11.5,461188042,15800
2019-05-14,"Automobiles and Accessories","Car and General (Kenya)",2,11.5,461188042,400
2019-05-16,"Automobiles and Accessories","Car and General (Kenya)",2,11.5,461188042,12400
2019-05-21,"Automobiles and Accessories","Car and General (Kenya)",3,10.58,424292999,11000
2019-05-24,"Automobiles and Accessories","Car and General (Kenya)",2,10.5,421084734,200
2019-05-29,"Automobiles and Accessories","Car and General (Kenya)",3,11.55,463193207,1000
2019-06-07,"Automobiles and Accessories","Car and General (Kenya)",4,12.65,507306846,200
2019-06-13,"Automobiles and Accessories","Car and General (Kenya)",3,12.5,501291350,200
2019-06-19,"Automobiles and Accessories","Car and General (Kenya)",3,11.5,461188042,8000
2019-06-26,"Automobiles and Accessories","Car and General (Kenya)",4,12.25,491265523,400
2019-07-01,"Automobiles and Accessories","Car and General (Kenya)",3,11.88,476427299,800
2019-07-03,"Automobiles and Accessories","Car and General (Kenya)",2,11.5,461188042,13200
2019-07-05,"Automobiles and Accessories","Car and General (Kenya)",2,12.5,501291350,200
2019-07-17,"Automobiles and Accessories","Car and General (Kenya)",6,11.5,461188042,200
2019-07-19,"Automobiles and Accessories","Car and General (Kenya)",2,10.5,421084734,800
2019-08-01,"Automobiles and Accessories","Car and General (Kenya)",7,11.55,463193207,200
2019-08-07,"Automobiles and Accessories","Car and General (Kenya)",3,10.7,429105396,10800
2019-08-15,"Automobiles and Accessories","Car and General (Kenya)",5,10.75,431110561,20000
2019-08-20,"Automobiles and Accessories","Car and General (Kenya)",3,10.73,430308495,40000
2019-08-22,"Automobiles and Accessories","Car and General (Kenya)",2,10.73,430308495,1200
2019-09-13,"Automobiles and Accessories","Car and General (Kenya)",16,10.73,430308495,13600
2019-09-17,"Automobiles and Accessories","Car and General (Kenya)",2,10,401033080,15200
2019-09-25,"Automobiles and Accessories","Car and General (Kenya)",6,10.03,402236179,3600
2019-09-27,"Automobiles and Accessories","Car and General (Kenya)",2,11,441136388,1800
2019-10-01,"Automobiles and Accessories","Car and General (Kenya)",2,11.5,461188042,200
2019-10-07,"Automobiles and Accessories","Car and General (Kenya)",3,10.8,433115726,200
2019-10-15,"Automobiles and Accessories","Car and General (Kenya)",5,10,401033080,1600
2019-10-18,"Automobiles and Accessories","Car and General (Kenya)",3,11,441136388,2200
2019-10-30,"Automobiles and Accessories","Car and General (Kenya)",6,11,441136388,2000
2019-11-04,"Automobiles and Accessories","Car and General (Kenya)",3,11.5,461188042,400
2019-11-19,"Automobiles and Accessories","Car and General (Kenya)",10,10.53,422287833,2000
2019-11-26,"Automobiles and Accessories","Car and General (Kenya)",4,10.58,424292999,200
2019-12-02,"Automobiles and Accessories","Car and General (Kenya)",4,10.53,422287833,4800
2019-12-05,"Automobiles and Accessories","Car and General (Kenya)",2,11.53,462391141,200
2019-12-09,"Automobiles and Accessories","Car and General (Kenya)",2,11,441136388,200
2019-12-20,"Automobiles and Accessories","Car and General (Kenya)",8,11,441136388,200
2019-12-27,"Automobiles and Accessories","Car and General (Kenya)",2,13,521343004,400
2019-12-31,"Automobiles and Accessories","Car and General (Kenya)",2,13,521343004,200
2020-01-06,"Automobiles and Accessories","Car and General (Kenya)",3,12,481239696,200
2020-01-08,"Automobiles and Accessories","Car and General (Kenya)",2,12,481239696,200
2020-01-17,"Automobiles and Accessories","Car and General (Kenya)",5,13,521343004,200
2020-01-22,"Automobiles and Accessories","Car and General (Kenya)",3,12,481239696,200
2020-01-28,"Automobiles and Accessories","Car and General (Kenya)",4,13,521343004,200
2020-02-03,"Automobiles and Accessories","Car and General (Kenya)",2,11,441136388,200
2020-02-07,"Automobiles and Accessories","Car and General (Kenya)",2,11,441136388,1200
2020-02-21,"Automobiles and Accessories","Car and General (Kenya)",8,12,481239696,200
2020-02-28,"Automobiles and Accessories","Car and General (Kenya)",4,13,521343004,200
2020-03-06,"Automobiles and Accessories","Car and General (Kenya)",5,11.7,469208704,400
2020-03-11,"Automobiles and Accessories","Car and General (Kenya)",3,12,481239696,60400
2020-03-24,"Automobiles and Accessories","Car and General (Kenya)",8,12,481239696,200
2020-04-03,"Automobiles and Accessories","Car and General (Kenya)",8,11.2,449157050,200
2020-04-15,"Automobiles and Accessories","Car and General (Kenya)",6,11,441136388,400
2020-04-21,"Automobiles and Accessories","Car and General (Kenya)",4,11.75,471213869,200
2020-04-27,"Automobiles and Accessories","Car and General (Kenya)",3,11.75,471213869,400
2020-05-05,"Automobiles and Accessories","Car and General (Kenya)",5,11.75,471213869,200
2020-05-18,"Automobiles and Accessories","Car and General (Kenya)",8,11.75,471213869,600
2020-05-29,"Automobiles and Accessories","Car and General (Kenya)",7,10.58,424292999,200
2020-06-03,"Automobiles and Accessories","Car and General (Kenya)",2,10,401033080,200
2020-06-09,"Automobiles and Accessories","Car and General (Kenya)",3,11.35,455172546,200
2020-06-11,"Automobiles and Accessories","Car and General (Kenya)",2,11.35,455172546,200
2020-06-17,"Automobiles and Accessories","Car and General (Kenya)",2,11.35,455172546,1000
2020-06-23,"Automobiles and Accessories","Car and General (Kenya)",4,11.35,455172546,200
2020-07-01,"Automobiles and Accessories","Car and General (Kenya)",5,11.38,456375645,13200
2020-07-03,"Automobiles and Accessories","Car and General (Kenya)",2,12.5,501291350,10400
2020-07-15,"Automobiles and Accessories","Car and General (Kenya)",3,11.35,455172546,3000
2020-07-28,"Automobiles and Accessories","Car and General (Kenya)",7,11.25,451162215,200
2020-08-05,"Automobiles and Accessories","Car and General (Kenya)",4,11.25,451162215,1400
2020-08-13,"Automobiles and Accessories","Car and General (Kenya)",4,10.5,421084734,2000
2020-08-24,"Automobiles and Accessories","Car and General (Kenya)",5,11.55,463193207,3000
2020-08-26,"Automobiles and Accessories","Car and General (Kenya)",2,11.55,463193207,2000
2020-09-04,"Automobiles and Accessories","Car and General (Kenya)",5,11.68,468406637,4400
2020-09-11,"Automobiles and Accessories","Car and General (Kenya)",3,11.73,470411803,14000
2020-09-17,"Automobiles and Accessories","Car and General (Kenya)",3,11.18,448354983,4200
2020-09-23,"Automobiles and Accessories","Car and General (Kenya)",4,11.2,449157050,4000
2020-09-29,"Automobiles and Accessories","Car and General (Kenya)",4,11.18,448354983,200
2020-10-07,"Automobiles and Accessories","Car and General (Kenya)",5,11.25,451162215,200
2020-10-13,"Automobiles and Accessories","Car and General (Kenya)",4,12,481239696,200
2020-10-21,"Automobiles and Accessories","Car and General (Kenya)",5,12.5,501291350,200
2020-10-27,"Automobiles and Accessories","Car and General (Kenya)",4,12.5,501291350,5400
2020-11-02,"Automobiles and Accessories","Car and General (Kenya)",3,12.5,501291350,200
2020-11-04,"Automobiles and Accessories","Car and General (Kenya)",2,11.25,451162215,400
2020-11-10,"Automobiles and Accessories","Car and General (Kenya)",4,11.5,461188042,200
2020-11-23,"Automobiles and Accessories","Car and General (Kenya)",5,10.8,433115726,117200
2020-11-26,"Automobiles and Accessories","Car and General (Kenya)",3,11.25,451162215,200
2020-12-02,"Automobiles and Accessories","Car and General (Kenya)",2,11.25,451162215,600
2020-12-11,"Automobiles and Accessories","Car and General (Kenya)",6,11.5,461188042,200
2020-12-18,"Automobiles and Accessories","Car and General (Kenya)",5,12.5,501291350,200
2020-12-22,"Automobiles and Accessories","Car and General (Kenya)",2,11.25,451162215,200
2021-01-05,"Automobiles and Accessories","Car and General (Kenya)",7,11.25,451162215,200
2021-01-08,"Automobiles and Accessories","Car and General (Kenya)",2,12,481239696,400
2021-01-19,"Automobiles and Accessories","Car and General (Kenya)",7,11.5,461188042,400
2021-01-21,"Automobiles and Accessories","Car and General (Kenya)",2,12,481239696,1000
2021-01-27,"Automobiles and Accessories","Car and General (Kenya)",4,12,481239696,400
2021-02-12,"Automobiles and Accessories","Car and General (Kenya)",11,12,481239696,4400
2021-02-23,"Automobiles and Accessories","Car and General (Kenya)",7,12,481239696,200
2021-03-04,"Automobiles and Accessories","Car and General (Kenya)",7,13,521343004,200
2021-03-08,"Automobiles and Accessories","Car and General (Kenya)",2,11.7,469208704,200
2021-03-31,"Automobiles and Accessories","Car and General (Kenya)",16,11.08,444344653,3000
2021-04-07,"Automobiles and Accessories","Car and General (Kenya)",3,12,481239696,200
2021-04-13,"Automobiles and Accessories","Car and General (Kenya)",4,12,481239696,1200
2021-04-15,"Automobiles and Accessories","Car and General (Kenya)",2,10.8,433115726,77200
2021-04-30,"Automobiles and Accessories","Car and General (Kenya)",11,10.8,433115726,2000
2021-05-04,"Automobiles and Accessories","Car and General (Kenya)",2,10,401033080,400
2021-05-07,"Automobiles and Accessories","Car and General (Kenya)",3,10.13,406246510,400
2021-05-11,"Automobiles and Accessories","Car and General (Kenya)",2,10.25,411058907,800
2021-05-17,"Automobiles and Accessories","Car and General (Kenya)",3,11,441136388,800
2021-05-19,"Automobiles and Accessories","Car and General (Kenya)",2,11,441136388,400
2021-05-24,"Automobiles and Accessories","Car and General (Kenya)",3,12.1,485250027,200
2021-06-04,"Automobiles and Accessories","Car and General (Kenya)",8,12.1,485250027,200
2021-06-14,"Automobiles and Accessories","Car and General (Kenya)",5,12.25,491265523,400
2021-06-17,"Automobiles and Accessories","Car and General (Kenya)",3,12.15,487255192,1600
2021-06-23,"Automobiles and Accessories","Car and General (Kenya)",2,12.73,510515111,400
2021-06-25,"Automobiles and Accessories","Car and General (Kenya)",2,12.9,517332673,600
2021-07-02,"Automobiles and Accessories","Car and General (Kenya)",4,13.25,531368831,200
2021-07-06,"Automobiles and Accessories","Car and General (Kenya)",2,14.38,576685569,200
2021-07-08,"Automobiles and Accessories","Car and General (Kenya)",2,14,561446312,200
2021-07-13,"Automobiles and Accessories","Car and General (Kenya)",3,14,561446312,26000
2021-07-15,"Automobiles and Accessories","Car and General (Kenya)",2,13.75,551420485,200
2021-07-23,"Automobiles and Accessories","Car and General (Kenya)",3,16,641652928,400
2021-07-29,"Automobiles and Accessories","Car and General (Kenya)",3,17.7,709828552,2200
2021-08-11,"Automobiles and Accessories","Car and General (Kenya)",5,17.5,701807890,3200
2021-08-16,"Automobiles and Accessories","Car and General (Kenya)",2,17.25,691782063,200
2021-08-18,"Automobiles and Accessories","Car and General (Kenya)",2,17.5,701807890,400
2021-08-23,"Automobiles and Accessories","Car and General (Kenya)",3,17.5,701807890,3400
2021-08-27,"Automobiles and Accessories","Car and General (Kenya)",3,17.5,701807890,4600
2021-08-31,"Automobiles and Accessories","Car and General (Kenya)",2,16.75,671730409,5800
2021-09-02,"Automobiles and Accessories","Car and General (Kenya)",2,17.5,701807890,4400
2021-09-07,"Automobiles and Accessories","Car and General (Kenya)",3,17.5,701807890,600
2021-09-13,"Automobiles and Accessories","Car and General (Kenya)",2,16.3,653683920,48000
2021-09-20,"Automobiles and Accessories","Car and General (Kenya)",5,15.5,621601274,400
2021-09-28,"Automobiles and Accessories","Car and General (Kenya)",4,17,681756236,200
2021-10-01,"Automobiles and Accessories","Car and General (Kenya)",3,17.5,701807890,200
2021-10-18,"Automobiles and Accessories","Car and General (Kenya)",9,18,721859544,400
2021-10-26,"Automobiles and Accessories","Car and General (Kenya)",4,17.5,701807890,1600
2021-10-28,"Automobiles and Accessories","Car and General (Kenya)",2,18,721859544,800
2021-11-03,"Automobiles and Accessories","Car and General (Kenya)",4,18,721859544,200
2021-11-10,"Automobiles and Accessories","Car and General (Kenya)",4,18,721859544,600
2021-11-19,"Automobiles and Accessories","Car and General (Kenya)",3,17.75,711833717,200
2021-11-26,"Automobiles and Accessories","Car and General (Kenya)",5,17.75,711833717,800
2021-12-01,"Automobiles and Accessories","Car and General (Kenya)",2,17.75,711833717,200
2021-12-09,"Automobiles and Accessories","Car and General (Kenya)",4,15.75,631627101,3000
2021-12-21,"Automobiles and Accessories","Car and General (Kenya)",6,16.95,679751071,800
2021-12-28,"Automobiles and Accessories","Car and General (Kenya)",4,16.98,680954170,1000
2022-01-05,"Automobiles and Accessories","Car and General (Kenya)",4,15.3,613580612,400
2022-03-01,"Automobiles and Accessories","Car and General (Kenya)",2,29.5,1183047586,2000
2022-03-24,"Automobiles and Accessories","Car and General (Kenya)",2,37.5,1503874050,200
2022-04-01,"Automobiles and Accessories","Car and General (Kenya)",4,67,5373843272,100
2022-04-07,"Automobiles and Accessories","Car and General (Kenya)",3,56,4491570496,200
2022-05-05,"Automobiles and Accessories","Car and General (Kenya)",2,30,2406198480,300
2022-05-13,"Automobiles and Accessories","Car and General (Kenya)",2,32,2566611712,1200
2022-06-13,"Automobiles and Accessories","Car and General (Kenya)",2,46.3,3713566321,700
2022-06-20,"Automobiles and Accessories","Car and General (Kenya)",2,42,3368677872,200
2022-06-28,"Automobiles and Accessories","Car and General (Kenya)",2,41.5,3328574564,2800
2022-07-04,"Automobiles and Accessories","Car and General (Kenya)",2,44.25,3549142758,1400
2022-07-25,"Automobiles and Accessories","Car and General (Kenya)",4,47.8,3833876245,300
2022-07-27,"Automobiles and Accessories","Car and General (Kenya)",2,44.15,3541122096,400
2022-08-08,"Automobiles and Accessories","Car and General (Kenya)",4,44,3529091104,100
2022-08-12,"Automobiles and Accessories","Car and General (Kenya)",2,44,3529091104,200
2022-08-17,"Automobiles and Accessories","Car and General (Kenya)",2,44,3529091104,200
2022-08-22,"Automobiles and Accessories","Car and General (Kenya)",2,43,3448884488,2600
2022-08-29,"Automobiles and Accessories","Car and General (Kenya)",3,40.05,3212274971,4700
2022-09-12,"Automobiles and Accessories","Car and General (Kenya)",3,43.7,3505029119,700
2022-10-07,"Automobiles and Accessories","Car and General (Kenya)",3,43.05,3452894819,200
2022-10-17,"Automobiles and Accessories","Car and General (Kenya)",3,39,3128058024,200
2022-10-21,"Automobiles and Accessories","Car and General (Kenya)",2,35.35,2835303876,4700
2022-11-14,"Automobiles and Accessories","Car and General (Kenya)",2,39,3128058024,100
2022-11-16,"Automobiles and Accessories","Car and General (Kenya)",2,39,3128058024,2100
2022-11-21,"Automobiles and Accessories","Car and General (Kenya)",3,39,3128058024,300
2022-11-25,"Automobiles and Accessories","Car and General (Kenya)",3,40,3208264640,2000
2022-11-30,"Automobiles and Accessories","Car and General (Kenya)",2,39,3128058024,100
2022-12-05,"Automobiles and Accessories","Car and General (Kenya)",2,40,3208264640,600
2022-12-13,"Automobiles and Accessories","Car and General (Kenya)",3,40,3208264640,500
2022-12-19,"Automobiles and Accessories","Car and General (Kenya)",2,40.65,3260398940,2100
2022-12-23,"Automobiles and Accessories","Car and General (Kenya)",2,43.75,3509039450,1e+05
2023-01-18,"Automobiles and Accessories","Car and General (Kenya)",2,45,3609297720,300
2023-01-23,"Automobiles and Accessories","Car and General (Kenya)",2,45,3609297720,200
2023-01-25,"Automobiles and Accessories","Car and General (Kenya)",2,44.35,3557163420,300
2023-02-17,"Automobiles and Accessories","Car and General (Kenya)",2,36,2887438176,700
2023-03-06,"Automobiles and Accessories","Car and General (Kenya)",6,34,2727024944,100
2023-03-15,"Automobiles and Accessories","Car and General (Kenya)",2,30,2406198480,1600
2023-03-21,"Automobiles and Accessories","Car and General (Kenya)",3,30,2406198480,200
2023-03-27,"Automobiles and Accessories","Car and General (Kenya)",2,30.5,2446301788,2100
2023-04-12,"Automobiles and Accessories","Car and General (Kenya)",3,30,2406198480,1000
2023-04-17,"Automobiles and Accessories","Car and General (Kenya)",3,30,2406198480,500
2023-04-19,"Automobiles and Accessories","Car and General (Kenya)",2,31,2486405096,500
2023-04-25,"Automobiles and Accessories","Car and General (Kenya)",3,30.85,2474374104,1000
2023-04-27,"Automobiles and Accessories","Car and General (Kenya)",2,29.8,2390157157,4500
2023-05-03,"Automobiles and Accessories","Car and General (Kenya)",2,28.05,2249795579,2000
2023-05-15,"Automobiles and Accessories","Car and General (Kenya)",3,28.45,2281878225,400
2023-05-18,"Automobiles and Accessories","Car and General (Kenya)",2,27.65,2217712932,5800
2023-05-25,"Automobiles and Accessories","Car and General (Kenya)",3,27,2165578632,1500
2023-05-29,"Automobiles and Accessories","Car and General (Kenya)",2,26.45,2121464993,700
2023-06-02,"Automobiles and Accessories","Car and General (Kenya)",3,26.45,2121464993,500
2023-06-08,"Automobiles and Accessories","Car and General (Kenya)",2,25,2005165400,1000
2023-06-13,"Automobiles and Accessories","Car and General (Kenya)",3,27.4,2197661278,100
2023-06-16,"Automobiles and Accessories","Car and General (Kenya)",3,25,2005165400,100
2023-06-22,"Automobiles and Accessories","Car and General (Kenya)",3,26.65,2137506316,300
2023-06-27,"Automobiles and Accessories","Car and General (Kenya)",3,26.15,2097403008,3000
2023-07-05,"Automobiles and Accessories","Car and General (Kenya)",2,30,2406198480,300
2023-07-20,"Automobiles and Accessories","Car and General (Kenya)",2,30,2406198480,300
2023-07-24,"Automobiles and Accessories","Car and General (Kenya)",2,30,2406198480,100
2023-07-27,"Automobiles and Accessories","Car and General (Kenya)",2,28.15,2257816240,100
2023-08-11,"Automobiles and Accessories","Car and General (Kenya)",2,33.9,2719004282,400
2023-08-17,"Automobiles and Accessories","Car and General (Kenya)",3,36.95,2963634461,200
2023-08-22,"Automobiles and Accessories","Car and General (Kenya)",2,41.5,3328574564,1400
2023-08-31,"Automobiles and Accessories","Car and General (Kenya)",7,38.95,3124047693,100
2023-09-05,"Automobiles and Accessories","Car and General (Kenya)",2,37,2967644792,100
2023-09-11,"Automobiles and Accessories","Car and General (Kenya)",3,38,3047851408,5000
2023-09-19,"Automobiles and Accessories","Car and General (Kenya)",5,34.2,2743066267,700
2023-09-25,"Automobiles and Accessories","Car and General (Kenya)",2,32.35,2594684028,300
2023-10-09,"Automobiles and Accessories","Car and General (Kenya)",6,26.75,2145526978,400
2023-10-13,"Automobiles and Accessories","Car and General (Kenya)",2,27,2165578632,500
2023-10-24,"Automobiles and Accessories","Car and General (Kenya)",4,26.1,2093392678,500
2023-10-30,"Automobiles and Accessories","Car and General (Kenya)",3,27.4,2197661278,600
2023-11-03,"Automobiles and Accessories","Car and General (Kenya)",4,27.4,2197661278,100
2023-11-08,"Automobiles and Accessories","Car and General (Kenya)",2,25.1,2013186062,700
2023-11-10,"Automobiles and Accessories","Car and General (Kenya)",2,25.1,2013186062,200
2023-11-16,"Automobiles and Accessories","Car and General (Kenya)",3,23.65,1896886468,1100
2023-11-20,"Automobiles and Accessories","Car and General (Kenya)",2,21.3,1708400921,100
2023-11-28,"Automobiles and Accessories","Car and General (Kenya)",2,25.05,2009175731,100
2023-12-06,"Automobiles and Accessories","Car and General (Kenya)",6,25.1,2013186062,500
2023-12-15,"Automobiles and Accessories","Car and General (Kenya)",4,25,2005165400,300
2024-01-03,"Automobiles and Accessories","Car and General (Kenya)",10,25.1,2013186062,600
2024-01-09,"Automobiles and Accessories","Car and General (Kenya)",3,25,2005165400,200
2024-01-15,"Automobiles and Accessories","Car and General (Kenya)",4,27,2165578632,1400
2024-01-23,"Automobiles and Accessories","Car and General (Kenya)",3,27,2165578632,200
2024-01-25,"Automobiles and Accessories","Car and General (Kenya)",2,27,2165578632,1100
2024-01-31,"Automobiles and Accessories","Car and General (Kenya)",2,27,2165578632,300
2024-02-19,"Automobiles and Accessories","Car and General (Kenya)",13,26,2085372016,1000
2024-02-22,"Automobiles and Accessories","Car and General (Kenya)",3,26,2085372016,100
2024-02-26,"Automobiles and Accessories","Car and General (Kenya)",2,28.6,2293909218,200
2024-03-06,"Automobiles and Accessories","Car and General (Kenya)",6,28.5,2285888556,100
2024-03-08,"Automobiles and Accessories","Car and General (Kenya)",2,28,2245785248,100
2024-03-13,"Automobiles and Accessories","Car and General (Kenya)",3,27.95,2241774917,100
2024-03-19,"Automobiles and Accessories","Car and General (Kenya)",3,28,2245785248,300
2024-03-22,"Automobiles and Accessories","Car and General (Kenya)",2,28.5,2285888556,100
2024-03-27,"Automobiles and Accessories","Car and General (Kenya)",3,29,2325991864,3100
2024-04-02,"Automobiles and Accessories","Car and General (Kenya)",2,30.4,2438281126,200
2024-04-05,"Automobiles and Accessories","Car and General (Kenya)",2,29,2325991864,400
2024-04-09,"Automobiles and Accessories","Car and General (Kenya)",2,29,2325991864,100
2024-04-12,"Automobiles and Accessories","Car and General (Kenya)",2,26.1,2093392678,500
2024-04-18,"Automobiles and Accessories","Car and General (Kenya)",2,28.5,2285888556,100
2024-04-26,"Automobiles and Accessories","Car and General (Kenya)",6,27,2165578632,100
2024-04-30,"Automobiles and Accessories","Car and General (Kenya)",2,27,2165578632,100
2024-05-16,"Automobiles and Accessories","Car and General (Kenya)",2,23.1,1852772830,3400
2024-05-27,"Automobiles and Accessories","Car and General (Kenya)",4,23.95,1920948453,200
2024-05-30,"Automobiles and Accessories","Car and General (Kenya)",3,23.95,1920948453,2000
2024-06-06,"Automobiles and Accessories","Car and General (Kenya)",4,24.5,1965062092,2100
2024-06-28,"Automobiles and Accessories","Car and General (Kenya)",3,22.55,1808659191,100
2024-07-02,"Automobiles and Accessories","Car and General (Kenya)",2,22.55,1808659191,100
2024-07-04,"Automobiles and Accessories","Car and General (Kenya)",2,20.5,1644235628,200
2024-07-10,"Automobiles and Accessories","Car and General (Kenya)",3,21.95,1760535221,100
2024-07-18,"Automobiles and Accessories","Car and General (Kenya)",4,20.5,1644235628,500
2024-07-23,"Automobiles and Accessories","Car and General (Kenya)",2,20,1604132320,500
2024-07-29,"Automobiles and Accessories","Car and General (Kenya)",2,21,1684338936,100
2024-08-07,"Automobiles and Accessories","Car and General (Kenya)",2,22.25,1784597206,200
2024-08-09,"Automobiles and Accessories","Car and General (Kenya)",2,22.25,1784597206,100
2024-08-16,"Automobiles and Accessories","Car and General (Kenya)",5,22.25,1784597206,1000
2024-08-21,"Automobiles and Accessories","Car and General (Kenya)",3,22.25,1784597206,1000
2024-08-27,"Automobiles and Accessories","Car and General (Kenya)",3,21,1684338936,300
2024-09-09,"Automobiles and Accessories","Car and General (Kenya)",9,21,1684338936,200
2024-09-11,"Automobiles and Accessories","Car and General (Kenya)",2,20.85,1672307944,1400
2024-09-23,"Automobiles and Accessories","Car and General (Kenya)",2,19.15,1535956696,1800
2024-09-26,"Automobiles and Accessories","Car and General (Kenya)",2,23.1,1852772830,2000
2024-10-14,"Automobiles and Accessories","Car and General (Kenya)",2,20.6,1652256290,900
2024-10-18,"Automobiles and Accessories","Car and General (Kenya)",2,22.6,1812669522,700
2024-10-31,"Automobiles and Accessories","Car and General (Kenya)",4,23,1844752168,1100
2024-11-12,"Automobiles and Accessories","Car and General (Kenya)",4,21.05,1688349267,300
2024-11-14,"Automobiles and Accessories","Car and General (Kenya)",2,22.55,1808659191,700
2024-11-22,"Automobiles and Accessories","Car and General (Kenya)",2,21.05,1688349267,100
2024-12-03,"Automobiles and Accessories","Car and General (Kenya)",5,20,1604132320,1200
2024-12-06,"Automobiles and Accessories","Car and General (Kenya)",2,20.35,1632204636,800
2024-12-16,"Automobiles and Accessories","Car and General (Kenya)",5,20.35,1632204636,200
2024-12-31,"Automobiles and Accessories","Car and General (Kenya)",2,22.75,1824700514,100
2020-02-12,"Banking","Absa Bank Kenya",3,13.3,72239428800,10808200
2016-08-09,"Banking","Diamond Trust Bank",2,160,44736355200,2400
2016-09-14,"Banking","Diamond Trust Bank",2,140,39144310800,273400
2016-09-28,"Banking","Diamond Trust Bank",2,135,37746299700,5400
2016-10-24,"Banking","Diamond Trust Bank",2,135,37746299700,5900
2016-10-28,"Banking","Diamond Trust Bank",3,135,37746299700,8000
2016-11-15,"Banking","Diamond Trust Bank",2,131,36627890820,42400
2016-11-22,"Banking","Diamond Trust Bank",2,133,37187095260,35600
2016-11-25,"Banking","Diamond Trust Bank",3,129,36068686380,17900
2016-12-13,"Banking","Diamond Trust Bank",2,125,34950277500,3900
2016-12-23,"Banking","Diamond Trust Bank",2,118,32993061960,400
2017-01-03,"Banking","Diamond Trust Bank",4,118,32993061960,800
2017-01-27,"Banking","Diamond Trust Bank",2,110,30756244200,100
2017-01-31,"Banking","Diamond Trust Bank",2,107,29917437540,179500
2017-02-20,"Banking","Diamond Trust Bank",4,107,29917437540,1600
2017-03-20,"Banking","Diamond Trust Bank",2,103,28799028660,486200
2017-04-25,"Banking","Diamond Trust Bank",2,125,34950277500,285800
2017-05-10,"Banking","Diamond Trust Bank",2,125,34950277500,218900
2017-07-07,"Banking","Diamond Trust Bank",2,164,45854764080,56700
2017-07-11,"Banking","Diamond Trust Bank",2,165,46134366300,3700
2017-07-20,"Banking","Diamond Trust Bank",2,179,50048797380,200
2017-09-21,"Banking","Diamond Trust Bank",2,182,50887604040,8100
2017-09-28,"Banking","Diamond Trust Bank",2,183,51167206260,800
2017-10-06,"Banking","Diamond Trust Bank",2,185,51726410700,90200
2017-10-27,"Banking","Diamond Trust Bank",2,178,49769195160,7000
2017-11-29,"Banking","Diamond Trust Bank",3,190,53124421800,500
2017-12-05,"Banking","Diamond Trust Bank",3,190,53124421800,8900
2017-12-27,"Banking","Diamond Trust Bank",2,192,53683626240,12500
2018-01-02,"Banking","Diamond Trust Bank",3,192,53683626240,1000
2018-04-04,"Banking","Diamond Trust Bank",2,213,59555272860,21600
2018-04-19,"Banking","Diamond Trust Bank",2,212,59275670640,21200
2018-04-25,"Banking","Diamond Trust Bank",2,215,60114477300,52800
2018-05-03,"Banking","Diamond Trust Bank",2,211,58996068420,44900
2018-05-14,"Banking","Diamond Trust Bank",2,205,57318455100,1600
2018-05-16,"Banking","Diamond Trust Bank",2,205,57318455100,6000
2018-06-12,"Banking","Diamond Trust Bank",2,194,54242830680,6900
2018-06-25,"Banking","Diamond Trust Bank",3,196,54802035120,11800
2018-07-10,"Banking","Diamond Trust Bank",4,195,54522432900,1400
2018-07-13,"Banking","Diamond Trust Bank",2,195,54522432900,1400
2018-07-23,"Banking","Diamond Trust Bank",2,197,55081637340,13600
2018-07-30,"Banking","Diamond Trust Bank",2,197,55081637340,2200
2018-08-23,"Banking","Diamond Trust Bank",4,186,52006012920,1500
2018-09-12,"Banking","Diamond Trust Bank",2,180,50328399600,8000
2018-09-17,"Banking","Diamond Trust Bank",2,180,50328399600,9400
2018-09-27,"Banking","Diamond Trust Bank",2,175,48930388500,15900
2018-10-04,"Banking","Diamond Trust Bank",3,170,47532377400,200
2018-10-25,"Banking","Diamond Trust Bank",2,158,44177150760,152300
2018-10-29,"Banking","Diamond Trust Bank",2,158,44177150760,3000
2018-10-31,"Banking","Diamond Trust Bank",2,155,43338344100,149400
2018-11-12,"Banking","Diamond Trust Bank",3,156,43617946320,600
2018-11-27,"Banking","Diamond Trust Bank",2,146,40821924120,35700
2018-12-03,"Banking","Diamond Trust Bank",2,140.25,39214211355,1800
2018-12-07,"Banking","Diamond Trust Bank",2,148,41381128560,23500
2018-12-13,"Banking","Diamond Trust Bank",3,148.25,41451029115,105700
2018-12-31,"Banking","Diamond Trust Bank",2,156.5,43757747430,500
2019-01-09,"Banking","Diamond Trust Bank",2,156.5,43757747430,3100
2019-01-14,"Banking","Diamond Trust Bank",2,154.75,43268443545,1000
2019-01-24,"Banking","Diamond Trust Bank",2,150.75,42150034665,168400
2019-01-30,"Banking","Diamond Trust Bank",2,150.5,42080134110,500
2019-03-28,"Banking","Diamond Trust Bank",2,130,36348288600,37500
2019-04-05,"Banking","Diamond Trust Bank",2,127.5,35649283050,12300
2019-07-09,"Banking","Diamond Trust Bank",2,119,33272664180,100
2019-07-23,"Banking","Diamond Trust Bank",2,115.25,32224155855,31000
2019-07-25,"Banking","Diamond Trust Bank",2,114,31874653080,308600
2019-08-02,"Banking","Diamond Trust Bank",2,114,31874653080,1500
2019-08-06,"Banking","Diamond Trust Bank",2,114,31874653080,3300
2019-08-09,"Banking","Diamond Trust Bank",2,113.25,31664951415,7200
2019-08-16,"Banking","Diamond Trust Bank",4,119,33272664180,100
2019-08-20,"Banking","Diamond Trust Bank",2,119,33272664180,1200
2019-08-22,"Banking","Diamond Trust Bank",2,119,33272664180,200
2019-08-27,"Banking","Diamond Trust Bank",2,113.25,31664951415,200
2019-09-10,"Banking","Diamond Trust Bank",2,114,31874653080,12500
2019-09-24,"Banking","Diamond Trust Bank",2,113,31595050860,49200
2019-09-26,"Banking","Diamond Trust Bank",2,112.25,31385349195,5200
2019-10-11,"Banking","Diamond Trust Bank",2,114.75,32084354745,2400
2019-11-15,"Banking","Diamond Trust Bank",2,115.25,32224155855,6800
2019-12-10,"Banking","Diamond Trust Bank",2,111,31035846420,24000
2020-01-02,"Banking","Diamond Trust Bank",2,111,31035846420,100
2020-04-22,"Banking","Diamond Trust Bank",2,87.25,24395293695,1600
2020-08-03,"Banking","Diamond Trust Bank",2,65,18174144300,200
2020-08-20,"Banking","Diamond Trust Bank",2,66,18453746520,100
2020-08-24,"Banking","Diamond Trust Bank",2,67.5,18873149850,3300
2020-08-27,"Banking","Diamond Trust Bank",2,67.25,18803249295,2800
2020-11-09,"Banking","Diamond Trust Bank",2,61.5,17195536530,1000
2020-12-02,"Banking","Diamond Trust Bank",2,65.75,18383845965,17100
2020-12-11,"Banking","Diamond Trust Bank",2,69.25,19362453735,1400
2021-02-03,"Banking","Diamond Trust Bank",2,70,19572155400,6800
2021-03-08,"Banking","Diamond Trust Bank",2,74.75,20900265945,17500
2021-04-30,"Banking","Diamond Trust Bank",2,65.25,18244044855,5500
2021-06-18,"Banking","Diamond Trust Bank",2,59,16496530980,131300
2021-10-01,"Banking","Diamond Trust Bank",2,63.5,17754740970,100
2021-12-20,"Banking","Diamond Trust Bank",2,57.25,16007227095,4000
2021-12-24,"Banking","Diamond Trust Bank",2,59.5,16636332090,22500
2022-07-08,"Banking","Diamond Trust Bank",2,50.5,14119912110,6900
2022-07-27,"Banking","Diamond Trust Bank",2,49.35,13798369557,20500
2022-10-07,"Banking","Diamond Trust Bank",2,49.4,13812349668,2900
2022-12-01,"Banking","Diamond Trust Bank",3,48,13420906560,1666300
2022-12-14,"Banking","Diamond Trust Bank",2,48.5,13560707670,3700
2022-12-19,"Banking","Diamond Trust Bank",2,48.75,13630608225,24700
2023-01-18,"Banking","Diamond Trust Bank",2,54.5,15238320990,500
2023-02-22,"Banking","Diamond Trust Bank",3,49.7,13896230334,18200
2023-03-07,"Banking","Diamond Trust Bank",2,49.75,13910210445,197800
2023-03-20,"Banking","Diamond Trust Bank",2,45.95,12847722009,18700
2023-03-23,"Banking","Diamond Trust Bank",2,47.75,13351006005,11100
2023-04-26,"Banking","Diamond Trust Bank",2,54,15098519880,19100
2023-08-17,"Banking","Diamond Trust Bank",2,46.85,13099364007,18500
2023-09-22,"Banking","Diamond Trust Bank",2,48,13420906560,25300
2023-09-28,"Banking","Diamond Trust Bank",2,47.25,13211204895,3800
2023-11-20,"Banking","Diamond Trust Bank",2,46,12861702120,5100
2023-11-22,"Banking","Diamond Trust Bank",2,45.55,12735881121,4100
2017-08-02,"Banking","Equity Group",2,40.75,1.54e+11,2677200
2017-07-31,"Banking","HF Group",2,8.99,16942638713,50910.85401
2019-01-24,"Banking","HF Group",2,5.87,11062657313,1902.024616
2019-07-08,"Banking","HF Group",2,3.79,7142669713,16167.20923
2019-07-12,"Banking","HF Group",2,4.06,7651514257,47867.61949
2020-03-17,"Banking","HF Group",2,3.8,7161515807,116340.5057
2020-03-24,"Banking","HF Group",2,4.02,7576129880,11517.81573
2020-06-09,"Banking","HF Group",2,3.61,6803440017,97003.2554
2020-10-23,"Banking","HF Group",2,3.75,7067285336,9510.123078
2020-12-16,"Banking","HF Group",2,2.97,5597289986,13314.17231
2022-05-18,"Banking","HF Group",2,2.84,5352290761,3909.717265
2022-07-27,"Banking","HF Group",2,3.23,6087288436,4015.3853
2023-08-22,"Banking","HF Group",2,4.73,8914202571,209117.0397
2016-08-09,"Banking","I&M Bank",3,26.25,10851890936,1600
2016-08-11,"Banking","I&M Bank",2,25.5,10541836910,12000
2016-08-15,"Banking","I&M Bank",2,25.75,10645188252,9600
2016-08-17,"Banking","I&M Bank",2,25.5,10541836910,10400
2016-08-19,"Banking","I&M Bank",2,25.5,10541836910,8000
2016-09-09,"Banking","I&M Bank",2,21.63,8941958131,104800
2016-09-16,"Banking","I&M Bank",2,21.88,9045309474,1e+05
2016-09-23,"Banking","I&M Bank",2,21.75,8991566776,1200
2016-10-12,"Banking","I&M Bank",3,22.25,9198269460,325200
2016-10-17,"Banking","I&M Bank",2,22.5,9301620803,10000
2016-10-19,"Banking","I&M Bank",2,22.5,9301620803,336800
2016-10-24,"Banking","I&M Bank",2,22.5,9301620803,2000
2016-11-04,"Banking","I&M Bank",5,24.38,10078822896,1200
2016-11-14,"Banking","I&M Bank",3,24.5,10128431541,1600
2016-11-16,"Banking","I&M Bank",2,24.25,10025080198,400
2016-11-21,"Banking","I&M Bank",2,23.75,9818377514,4000
2016-11-23,"Banking","I&M Bank",2,23.75,9818377514,800
2016-12-14,"Banking","I&M Bank",2,22.5,9301620803,394800
2016-12-16,"Banking","I&M Bank",2,23.75,9818377514,1600
2017-01-06,"Banking","I&M Bank",2,22.63,9355363500,58000
2017-01-17,"Banking","I&M Bank",4,21.5,8888215434,4000
2017-01-19,"Banking","I&M Bank",2,20.25,8371458722,333600
2017-01-24,"Banking","I&M Bank",2,20,8268107380,82800
2017-01-27,"Banking","I&M Bank",2,19.88,8218498736,78000
2017-02-07,"Banking","I&M Bank",2,19,7854702011,36800
2017-02-10,"Banking","I&M Bank",2,18.63,7701742024,1354000
2017-02-14,"Banking","I&M Bank",2,19.88,8218498736,400
2017-02-17,"Banking","I&M Bank",2,19.88,8218498736,400
2017-02-23,"Banking","I&M Bank",3,19.25,7958053353,5600
2017-03-07,"Banking","I&M Bank",2,20,8268107380,44800
2017-03-09,"Banking","I&M Bank",2,22,9094918118,400
2017-03-20,"Banking","I&M Bank",2,21.25,8784864091,1600
2017-03-23,"Banking","I&M Bank",2,23.38,9665417527,4000
2017-03-28,"Banking","I&M Bank",3,23.13,9562066185,246800
2017-03-31,"Banking","I&M Bank",2,21.75,8991566776,1600
2017-04-07,"Banking","I&M Bank",3,23.25,9611674829,400
2017-04-24,"Banking","I&M Bank",2,23.25,9611674829,14000
2017-05-08,"Banking","I&M Bank",6,22.5,9301620803,4000
2017-05-11,"Banking","I&M Bank",3,22.75,9404972145,208800
2017-05-16,"Banking","I&M Bank",3,22.75,9404972145,12000
2017-05-29,"Banking","I&M Bank",4,23,9508323487,28000
2017-05-31,"Banking","I&M Bank",2,23.13,9562066185,12000
2017-06-06,"Banking","I&M Bank",2,23.5,9715026172,51600
2017-06-13,"Banking","I&M Bank",4,25,10335134225,400
2017-07-06,"Banking","I&M Bank",3,26,10748539594,24000
2017-07-11,"Banking","I&M Bank",2,26,10748539594,87200
2017-07-20,"Banking","I&M Bank",2,27,11161944963,36000
2017-07-25,"Banking","I&M Bank",2,26.75,11058593621,6000
2017-07-27,"Banking","I&M Bank",2,27.25,11265296305,110000
2017-08-04,"Banking","I&M Bank",2,28.75,11885404359,32400
2017-08-10,"Banking","I&M Bank",2,28.75,11885404359,5600
2017-08-14,"Banking","I&M Bank",2,30,12402161070,1600
2017-09-06,"Banking","I&M Bank",3,30,12402161070,94400
2017-09-12,"Banking","I&M Bank",2,31.25,12918917781,32000
2017-09-14,"Banking","I&M Bank",2,31.5,13022269124,488800
2017-09-21,"Banking","I&M Bank",4,32,13228971808,446000
2017-10-10,"Banking","I&M Bank",5,31.25,12918917781,400
2017-10-18,"Banking","I&M Bank",2,31,12815566439,400
2017-11-01,"Banking","I&M Bank",7,31,12815566439,14000
2017-11-07,"Banking","I&M Bank",3,30,12402161070,800
2017-11-10,"Banking","I&M Bank",3,30,12402161070,26800
2017-11-14,"Banking","I&M Bank",2,30,12402161070,20000
2017-11-21,"Banking","I&M Bank",3,31,12815566439,101600
2017-11-24,"Banking","I&M Bank",2,31.5,13022269124,14000
2017-12-01,"Banking","I&M Bank",3,30.75,12712215097,400
2017-12-05,"Banking","I&M Bank",2,30.5,12608863755,94400
2017-12-11,"Banking","I&M Bank",2,30.5,12608863755,800
2017-12-14,"Banking","I&M Bank",2,31,12815566439,20000
2018-01-02,"Banking","I&M Bank",7,30,12402161070,1200
2018-01-04,"Banking","I&M Bank",2,30,12402161070,21600
2018-01-10,"Banking","I&M Bank",3,28.75,11885404359,36400
2018-01-12,"Banking","I&M Bank",2,29.75,12298809728,1200
2018-01-19,"Banking","I&M Bank",4,29,11988755701,28800
2018-02-01,"Banking","I&M Bank",5,29.25,12092107043,17200
2018-02-06,"Banking","I&M Bank",2,29.75,12298809728,185600
2018-03-12,"Banking","I&M Bank",2,30,12402161070,1038800
2018-03-19,"Banking","I&M Bank",2,31,12815566439,63200
2018-04-03,"Banking","I&M Bank",3,31.25,12918917781,87200
2018-04-11,"Banking","I&M Bank",4,30.25,12505512412,5200
2018-04-19,"Banking","I&M Bank",2,31,12815566439,400
2018-04-30,"Banking","I&M Bank",2,31.25,12918917781,14400
2018-05-24,"Banking","I&M Bank",6,28,11575350332,800
2018-06-05,"Banking","I&M Bank",5,27.5,11368647648,400
2018-06-07,"Banking","I&M Bank",2,28.75,11885404359,18800
2018-06-20,"Banking","I&M Bank",7,29.25,12092107043,4800
2018-07-05,"Banking","I&M Bank",3,28.75,11885404359,1200
2018-07-11,"Banking","I&M Bank",2,26.5,10955242279,400
2018-07-13,"Banking","I&M Bank",2,27.5,11368647648,32000
2018-07-23,"Banking","I&M Bank",4,28.5,11782053017,800
2018-07-31,"Banking","I&M Bank",3,27.5,11368647648,4000
2018-08-06,"Banking","I&M Bank",3,27.5,11368647648,27600
2018-08-09,"Banking","I&M Bank",3,28.75,11885404359,84400
2018-08-13,"Banking","I&M Bank",2,29,11988755701,800
2018-08-20,"Banking","I&M Bank",5,26.5,10955242279,152400
2018-08-24,"Banking","I&M Bank",2,26.25,10851890936,800
2018-09-04,"Banking","I&M Bank",2,25.5,10541836910,2000
2018-09-11,"Banking","I&M Bank",3,26,10748539594,12000
2018-09-18,"Banking","I&M Bank",2,25,10335134225,28800
2018-10-05,"Banking","I&M Bank",2,22.75,9404972145,1200
2018-10-15,"Banking","I&M Bank",3,22.75,9404972145,23200
2018-10-24,"Banking","I&M Bank",3,23.25,9611674829,4000
2018-10-26,"Banking","I&M Bank",2,22.5,9301620803,14000
2018-11-01,"Banking","I&M Bank",2,22.5,9301620803,40000
2018-11-15,"Banking","I&M Bank",3,22.5,9301620803,400
2018-11-19,"Banking","I&M Bank",2,21.38,8838606789,85200
2018-11-22,"Banking","I&M Bank",2,21.25,8784864091,130400
2018-11-26,"Banking","I&M Bank",2,21.19,8760059769,1957200
2018-11-28,"Banking","I&M Bank",2,21.25,8784864091,65600
2018-12-11,"Banking","I&M Bank",2,21.25,8784864091,45600
2018-12-24,"Banking","I&M Bank",4,21.25,8784864091,5600
2019-01-03,"Banking","I&M Bank",5,22.63,9355363500,48000
2019-01-07,"Banking","I&M Bank",2,22.75,9404972145,8000
2019-01-15,"Banking","I&M Bank",6,24.13,9975471554,800
2019-01-22,"Banking","I&M Bank",2,23.56,9739830494,4800
2019-01-24,"Banking","I&M Bank",2,25,10335134225,2400
2019-01-30,"Banking","I&M Bank",2,23.75,9818377514,24000
2019-02-04,"Banking","I&M Bank",2,23.44,9690221849,52400
2019-02-06,"Banking","I&M Bank",2,23.75,9818377514,5200
2019-02-12,"Banking","I&M Bank",2,23.75,9818377514,81200
2019-02-15,"Banking","I&M Bank",2,23.88,9872120212,18400
2019-03-06,"Banking","I&M Bank",4,22.5,9301620803,212400
2019-03-26,"Banking","I&M Bank",4,23.5,9715026172,4000
2019-04-30,"Banking","I&M Bank",2,29.06,12013560023,134800
2019-07-17,"Banking","I&M Bank",2,26.5,21910484557,11600
2019-08-22,"Banking","I&M Bank",2,24.5,20256863081,6800
2019-08-28,"Banking","I&M Bank",2,24,19843457712,5600
2019-09-10,"Banking","I&M Bank",2,22.58,18669386464,183400
2019-10-01,"Banking","I&M Bank",3,22.5,18603241605,1122200
2019-10-15,"Banking","I&M Bank",2,22.45,18561901068,10000
2019-10-30,"Banking","I&M Bank",2,24.5,20256863081,121400
2019-12-09,"Banking","I&M Bank",2,25,20670268450,10000
2019-12-19,"Banking","I&M Bank",2,25.25,20876971135,30000
2020-01-22,"Banking","I&M Bank",2,28.63,23671591429,15000
2020-02-06,"Banking","I&M Bank",2,27.5,22737295295,2000
2020-02-18,"Banking","I&M Bank",2,27.25,22530592611,1000
2020-02-25,"Banking","I&M Bank",2,27.25,22530592611,400
2020-03-11,"Banking","I&M Bank",2,25,20670268450,219800
2020-03-13,"Banking","I&M Bank",2,23.15,19140668585,20200
2020-03-31,"Banking","I&M Bank",3,25.38,20984456530,15800
2020-05-05,"Banking","I&M Bank",2,25.75,21290376504,11800
2020-05-22,"Banking","I&M Bank",2,24.7,20422225229,6000
2020-05-27,"Banking","I&M Bank",2,24.5,20256863081,4800
2020-06-08,"Banking","I&M Bank",3,23.5,19430052343,12600
2020-06-11,"Banking","I&M Bank",2,24.5,20256863081,3400
2020-06-23,"Banking","I&M Bank",2,24.5,20256863081,53600
2020-07-06,"Banking","I&M Bank",2,25.5,21083673819,400
2020-08-05,"Banking","I&M Bank",2,23.38,19330835054,8200
2020-08-14,"Banking","I&M Bank",2,22.33,18462683780,15200
2020-10-09,"Banking","I&M Bank",4,21.8,18024474088,3000
2020-10-23,"Banking","I&M Bank",3,22.5,18603241605,1200
2020-10-29,"Banking","I&M Bank",2,22,18189836236,16000
2020-11-02,"Banking","I&M Bank",2,21.98,18173300021,200
2020-11-11,"Banking","I&M Bank",4,21.6,17859111941,3200
2020-11-17,"Banking","I&M Bank",3,21.65,17900452478,200
2020-11-26,"Banking","I&M Bank",2,21.8,18024474088,3600
2020-12-02,"Banking","I&M Bank",2,22.83,18876089149,63800
2020-12-14,"Banking","I&M Bank",2,23,19016646974,604600
2020-12-29,"Banking","I&M Bank",2,22.5,18603241605,200
2021-01-15,"Banking","I&M Bank",2,22.93,18958770222,3400
2021-01-19,"Banking","I&M Bank",2,22,18189836236,200
2021-02-03,"Banking","I&M Bank",2,22.28,18421343243,2400
2021-03-11,"Banking","I&M Bank",2,21.58,17842575726,3200
2021-03-16,"Banking","I&M Bank",2,21.5,17776430867,1139000
2016-10-24,"Banking","NCBA Bank",2,22.31,15704902114,22021.99579
2017-09-04,"Banking","NCBA Bank",2,31.4,22103717005,1844402.647
2019-10-15,"Banking","NCBA Bank",2,26.68,39959837400,659.9999369
2022-07-27,"Banking","NCBA Bank",2,24.8,40858484394,43600
2016-09-29,"Banking","Stanbic Holdings",2,71.5,28265497117,2300
2016-10-06,"Banking","Stanbic Holdings",2,76,30044444488,3400
2016-10-24,"Banking","Stanbic Holdings",2,73,28858479574,1000
2016-10-26,"Banking","Stanbic Holdings",2,72,28463157936,1800
2016-10-28,"Banking","Stanbic Holdings",2,73,28858479574,300
2016-12-08,"Banking","Stanbic Holdings",2,74,29253801212,3000
2016-12-16,"Banking","Stanbic Holdings",2,69.5,27474853841,600
2016-12-30,"Banking","Stanbic Holdings",3,70.5,27870175479,100
2017-01-04,"Banking","Stanbic Holdings",2,69.5,27474853841,9400
2017-06-22,"Banking","Stanbic Holdings",2,72,28463157936,1000
2017-08-24,"Banking","Stanbic Holdings",2,82,32416374316,134100
2017-09-21,"Banking","Stanbic Holdings",2,78.5,31032748583,27800
2017-10-12,"Banking","Stanbic Holdings",2,79.5,31428070221,131700
2017-10-16,"Banking","Stanbic Holdings",2,79,31230409402,11800
2017-10-30,"Banking","Stanbic Holdings",2,77,30439766126,5200
2017-11-20,"Banking","Stanbic Holdings",2,79.5,31428070221,700
2017-11-22,"Banking","Stanbic Holdings",2,79.5,31428070221,100
2017-11-24,"Banking","Stanbic Holdings",2,81.5,32218713497,94000
2017-12-04,"Banking","Stanbic Holdings",2,84.5,33404678411,2400
2018-02-05,"Banking","Stanbic Holdings",2,81.5,32218713497,900
2018-04-04,"Banking","Stanbic Holdings",2,91,35974269058,1200
2018-04-06,"Banking","Stanbic Holdings",2,91,35974269058,6100
2018-04-11,"Banking","Stanbic Holdings",2,91.5,36171929877,2300
2018-04-23,"Banking","Stanbic Holdings",2,88.5,34985964963,4100
2018-05-18,"Banking","Stanbic Holdings",2,92,36369590696,216700
2018-07-11,"Banking","Stanbic Holdings",6,90,35578947420,3100
2018-08-06,"Banking","Stanbic Holdings",2,91,35974269058,67300
2018-09-03,"Banking","Stanbic Holdings",2,100,39532163800,6200
2018-09-07,"Banking","Stanbic Holdings",2,96,37950877248,300
2018-10-02,"Banking","Stanbic Holdings",2,89.5,35381286601,4300
2018-10-12,"Banking","Stanbic Holdings",3,91,35974269058,200
2018-10-29,"Banking","Stanbic Holdings",2,91,35974269058,600
2018-12-06,"Banking","Stanbic Holdings",2,91.5,36171929877,11000
2018-12-19,"Banking","Stanbic Holdings",3,90,35578947420,500
2018-12-21,"Banking","Stanbic Holdings",2,88.5,34985964963,400
2019-01-07,"Banking","Stanbic Holdings",2,90,35578947420,3100
2019-01-09,"Banking","Stanbic Holdings",2,87.5,34590643325,2500
2019-01-14,"Banking","Stanbic Holdings",2,90,35578947420,18000
2019-01-18,"Banking","Stanbic Holdings",2,95,37555555610,200
2019-01-22,"Banking","Stanbic Holdings",2,91.25,36073099468,1400
2019-01-30,"Banking","Stanbic Holdings",2,92,36369590696,100
2019-02-22,"Banking","Stanbic Holdings",2,91.75,36270760287,8400
2019-03-28,"Banking","Stanbic Holdings",3,100,39532163800,11900
2019-04-03,"Banking","Stanbic Holdings",3,100,39532163800,110100
2019-04-11,"Banking","Stanbic Holdings",2,98,38741520524,300
2019-05-16,"Banking","Stanbic Holdings",2,97.25,38445029296,1300
2019-05-24,"Banking","Stanbic Holdings",2,98.25,38840350934,1300
2019-05-28,"Banking","Stanbic Holdings",2,98.25,38840350934,100
2019-06-07,"Banking","Stanbic Holdings",2,98.25,38840350934,8100
2019-06-25,"Banking","Stanbic Holdings",2,99,39136842162,1700
2019-07-01,"Banking","Stanbic Holdings",2,101.5,40125146257,18300
2019-07-08,"Banking","Stanbic Holdings",2,100,39532163800,1027900
2019-07-15,"Banking","Stanbic Holdings",2,100,39532163800,100
2019-07-24,"Banking","Stanbic Holdings",2,96,37950877248,7800
2019-07-30,"Banking","Stanbic Holdings",2,98.5,38939181343,100
2019-08-02,"Banking","Stanbic Holdings",2,98.5,38939181343,100
2019-08-06,"Banking","Stanbic Holdings",2,98.5,38939181343,100
2019-08-08,"Banking","Stanbic Holdings",2,100,39532163800,200
2019-08-16,"Banking","Stanbic Holdings",2,98.5,38939181343,300
2019-08-21,"Banking","Stanbic Holdings",2,97.5,38543859705,500
2019-09-04,"Banking","Stanbic Holdings",3,97.5,38543859705,46900
2019-09-11,"Banking","Stanbic Holdings",3,96,37950877248,2000
2019-09-27,"Banking","Stanbic Holdings",2,96,37950877248,9100
2019-10-01,"Banking","Stanbic Holdings",2,96,37950877248,800
2019-10-08,"Banking","Stanbic Holdings",2,96,37950877248,5800
2019-10-11,"Banking","Stanbic Holdings",2,96,37950877248,2200
2019-10-16,"Banking","Stanbic Holdings",3,96,37950877248,100
2019-10-23,"Banking","Stanbic Holdings",2,99.5,39334502981,1100
2019-10-30,"Banking","Stanbic Holdings",2,101.75,40223976667,200
2019-11-21,"Banking","Stanbic Holdings",2,108,42694736904,11500
2019-12-19,"Banking","Stanbic Holdings",2,100.25,39630994210,15400
2019-12-27,"Banking","Stanbic Holdings",2,111,43880701818,100
2020-01-03,"Banking","Stanbic Holdings",2,103.75,41014619943,1500
2020-01-09,"Banking","Stanbic Holdings",2,107.75,42595906495,1000
2020-01-13,"Banking","Stanbic Holdings",2,113.25,44770175504,245500
2020-02-04,"Banking","Stanbic Holdings",2,113.75,44967836323,7500
2020-02-07,"Banking","Stanbic Holdings",2,105.25,41607602400,1900
2020-02-14,"Banking","Stanbic Holdings",4,105.25,41607602400,100
2020-03-02,"Banking","Stanbic Holdings",2,112,44276023456,1332600
2020-03-24,"Banking","Stanbic Holdings",2,95,37555555610,100
2020-04-01,"Banking","Stanbic Holdings",2,95,37555555610,900
2020-04-03,"Banking","Stanbic Holdings",2,96,37950877248,27200
2020-04-08,"Banking","Stanbic Holdings",2,95,37555555610,900
2020-04-15,"Banking","Stanbic Holdings",2,95,37555555610,500
2020-05-05,"Banking","Stanbic Holdings",3,101.5,40125146257,100
2020-05-26,"Banking","Stanbic Holdings",2,85.5,33800000049,178400
2020-06-05,"Banking","Stanbic Holdings",2,78.5,31032748583,2200
2020-06-09,"Banking","Stanbic Holdings",2,77.75,30736257355,15800
2020-06-18,"Banking","Stanbic Holdings",2,82.75,32712865545,200
2020-07-06,"Banking","Stanbic Holdings",2,80.5,31823391859,7100
2020-07-09,"Banking","Stanbic Holdings",2,79,31230409402,281400
2020-07-14,"Banking","Stanbic Holdings",2,79,31230409402,900
2020-07-21,"Banking","Stanbic Holdings",2,78.5,31032748583,200
2020-07-24,"Banking","Stanbic Holdings",2,79,31230409402,1000
2020-08-13,"Banking","Stanbic Holdings",2,73.5,29056140393,1000
2020-08-17,"Banking","Stanbic Holdings",2,74.5,29451462031,1500
2020-08-21,"Banking","Stanbic Holdings",4,74.5,29451462031,1700
2020-09-04,"Banking","Stanbic Holdings",2,85.5,33800000049,800
2020-09-25,"Banking","Stanbic Holdings",2,76,30044444488,46200
2020-10-15,"Banking","Stanbic Holdings",2,80,31625731040,3000
2020-10-23,"Banking","Stanbic Holdings",3,81.25,32119883088,1400
2020-10-30,"Banking","Stanbic Holdings",3,77,30439766126,12300
2020-11-03,"Banking","Stanbic Holdings",2,81,32021052678,1000
2020-11-05,"Banking","Stanbic Holdings",2,75.5,29846783669,10700
2020-11-16,"Banking","Stanbic Holdings",2,77.25,30538596536,1300
2020-11-19,"Banking","Stanbic Holdings",2,83,32811695954,1316800
2020-11-26,"Banking","Stanbic Holdings",4,83,32811695954,538500
2020-12-03,"Banking","Stanbic Holdings",2,79.25,31329239812,90700
2020-12-07,"Banking","Stanbic Holdings",2,78.5,31032748583,3500
2020-12-14,"Banking","Stanbic Holdings",2,82.5,32614035135,200
2020-12-18,"Banking","Stanbic Holdings",2,82,32416374316,8100
2020-12-24,"Banking","Stanbic Holdings",3,79,31230409402,1500
2021-01-06,"Banking","Stanbic Holdings",4,80.25,31724561450,1600
2021-01-12,"Banking","Stanbic Holdings",4,79.25,31329239812,1500
2021-01-14,"Banking","Stanbic Holdings",2,87,34392982506,100
2021-01-29,"Banking","Stanbic Holdings",3,80,31625731040,11400
2021-02-02,"Banking","Stanbic Holdings",2,79,31230409402,360000
2021-02-10,"Banking","Stanbic Holdings",2,85,33602339230,1800
2021-02-16,"Banking","Stanbic Holdings",3,82,32416374316,100
2021-02-22,"Banking","Stanbic Holdings",2,80,31625731040,1500
2021-02-25,"Banking","Stanbic Holdings",2,84,33207017592,100
2021-03-02,"Banking","Stanbic Holdings",2,82,32416374316,100
2021-03-11,"Banking","Stanbic Holdings",2,83,32811695954,250400
2021-03-15,"Banking","Stanbic Holdings",2,83,32811695954,2e+05
2021-03-22,"Banking","Stanbic Holdings",2,82.5,32614035135,22100
2021-04-14,"Banking","Stanbic Holdings",2,83,32811695954,3000
2021-04-16,"Banking","Stanbic Holdings",2,83.75,33108187183,1100
2021-05-03,"Banking","Stanbic Holdings",2,81,32021052678,21700
2021-05-10,"Banking","Stanbic Holdings",3,83,32811695954,100
2021-06-02,"Banking","Stanbic Holdings",2,81,32021052678,2300
2021-06-07,"Banking","Stanbic Holdings",2,80,31625731040,400
2021-06-22,"Banking","Stanbic Holdings",4,83.25,32910526364,2900
2021-06-24,"Banking","Stanbic Holdings",2,83.25,32910526364,100
2021-07-02,"Banking","Stanbic Holdings",3,83,32811695954,100
2021-07-06,"Banking","Stanbic Holdings",2,80.5,31823391859,3000
2021-07-12,"Banking","Stanbic Holdings",3,80.25,31724561450,2300
2021-07-15,"Banking","Stanbic Holdings",2,81,32021052678,2200
2021-07-21,"Banking","Stanbic Holdings",2,84.75,33503508821,3700
2021-07-26,"Banking","Stanbic Holdings",2,87.5,34590643325,200
2021-08-06,"Banking","Stanbic Holdings",2,92.5,36567251515,43900
2021-08-17,"Banking","Stanbic Holdings",3,94,37160233972,800
2021-08-26,"Banking","Stanbic Holdings",2,95,37555555610,1600
2021-09-06,"Banking","Stanbic Holdings",2,91,35974269058,14500
2021-09-17,"Banking","Stanbic Holdings",3,91,35974269058,200
2021-09-22,"Banking","Stanbic Holdings",3,91,35974269058,72700
2021-09-29,"Banking","Stanbic Holdings",2,92,36369590696,203100
2021-10-14,"Banking","Stanbic Holdings",3,86.25,34096491278,1000
2021-10-22,"Banking","Stanbic Holdings",2,90,35578947420,5300
2021-10-26,"Banking","Stanbic Holdings",2,90,35578947420,300
2021-11-10,"Banking","Stanbic Holdings",2,87.25,34491812916,11000
2021-11-17,"Banking","Stanbic Holdings",4,90.5,35776608239,2519100
2021-11-25,"Banking","Stanbic Holdings",3,93,36764912334,200
2021-12-08,"Banking","Stanbic Holdings",2,87.25,34491812916,2500
2021-12-17,"Banking","Stanbic Holdings",2,92.5,36567251515,210600
2021-12-24,"Banking","Stanbic Holdings",2,92,36369590696,100
2021-12-30,"Banking","Stanbic Holdings",2,88,34788304144,100
2022-01-05,"Banking","Stanbic Holdings",2,87,34392982506,2700
2022-01-10,"Banking","Stanbic Holdings",2,87.5,34590643325,110000
2022-01-13,"Banking","Stanbic Holdings",3,88.5,34985964963,1400
2022-01-20,"Banking","Stanbic Holdings",3,87,34392982506,100
2022-01-26,"Banking","Stanbic Holdings",2,89,35183625782,100
2022-01-31,"Banking","Stanbic Holdings",2,90,35578947420,800
2022-02-08,"Banking","Stanbic Holdings",2,87.75,34689473735,1100
2022-02-15,"Banking","Stanbic Holdings",2,94.5,37357894791,530000
2022-02-28,"Banking","Stanbic Holdings",2,95,37555555610,5600
2022-03-02,"Banking","Stanbic Holdings",2,95.25,37654386020,3000
2022-03-08,"Banking","Stanbic Holdings",2,98,38741520524,13400
2022-03-15,"Banking","Stanbic Holdings",2,99.5,39334502981,220100
2022-03-21,"Banking","Stanbic Holdings",2,100,39532163800,4e+05
2022-04-11,"Banking","Stanbic Holdings",4,104,41113450352,200
2022-04-13,"Banking","Stanbic Holdings",2,104.25,41212280762,6400
2022-04-19,"Banking","Stanbic Holdings",2,104.5,41311111171,2300
2022-05-04,"Banking","Stanbic Holdings",2,105.5,41706432809,49100
2022-05-31,"Banking","Stanbic Holdings",5,104.75,41409941581,300
2022-06-03,"Banking","Stanbic Holdings",2,104,41113450352,9000
2022-06-09,"Banking","Stanbic Holdings",2,94.5,37357894791,1700
2022-06-16,"Banking","Stanbic Holdings",2,100.25,39630994210,100
2022-06-20,"Banking","Stanbic Holdings",2,100,39532163800,300
2022-07-01,"Banking","Stanbic Holdings",2,99,39136842162,100
2022-07-07,"Banking","Stanbic Holdings",4,99,39136842162,100
2022-07-12,"Banking","Stanbic Holdings",2,100,39532163800,100
2022-07-15,"Banking","Stanbic Holdings",3,90,35578947420,400
2022-07-21,"Banking","Stanbic Holdings",2,104,41113450352,100
2022-07-27,"Banking","Stanbic Holdings",2,99.25,39235672572,400
2022-08-11,"Banking","Stanbic Holdings",3,96,37950877248,100
2022-08-16,"Banking","Stanbic Holdings",2,99,39136842162,200
2022-08-31,"Banking","Stanbic Holdings",2,99.75,39433333391,200
2022-09-05,"Banking","Stanbic Holdings",2,96,37950877248,100
2022-09-14,"Banking","Stanbic Holdings",2,93.5,36962573153,353500
2022-10-03,"Banking","Stanbic Holdings",2,96.5,38148538067,200
2022-10-05,"Banking","Stanbic Holdings",2,96.5,38148538067,300
2022-10-26,"Banking","Stanbic Holdings",2,96.75,38247368477,2100
2022-11-08,"Banking","Stanbic Holdings",3,96.25,38049707658,100
2022-11-17,"Banking","Stanbic Holdings",2,99.75,39433333391,1100
2022-11-23,"Banking","Stanbic Holdings",3,96.25,38049707658,900
2022-12-14,"Banking","Stanbic Holdings",2,92.75,36666081925,1100
2022-12-19,"Banking","Stanbic Holdings",3,97.5,38543859705,200
2022-12-29,"Banking","Stanbic Holdings",2,98,38741520524,1200
2023-01-05,"Banking","Stanbic Holdings",2,102.25,40421637486,1200
2023-01-09,"Banking","Stanbic Holdings",2,107.5,42497076085,500
2023-01-25,"Banking","Stanbic Holdings",2,114,45066666732,3500
2023-01-31,"Banking","Stanbic Holdings",2,110,43485380180,100
2023-02-06,"Banking","Stanbic Holdings",3,110.75,43781871409,1000
2023-02-14,"Banking","Stanbic Holdings",2,111.75,44177193047,1100
2023-02-22,"Banking","Stanbic Holdings",2,111,43880701818,300
2023-02-24,"Banking","Stanbic Holdings",2,109,43090058542,5200
2023-03-23,"Banking","Stanbic Holdings",2,110,43485380180,1300
2023-04-13,"Banking","Stanbic Holdings",2,110.25,43584210590,3200
2023-04-18,"Banking","Stanbic Holdings",2,111.5,44078362637,1800
2023-05-31,"Banking","Stanbic Holdings",2,103,40718128714,37600
2023-07-20,"Banking","Stanbic Holdings",2,121,47833918198,900
2023-07-25,"Banking","Stanbic Holdings",2,119,47043274922,400
2023-08-07,"Banking","Stanbic Holdings",2,116.75,46153801237,2400
2023-10-17,"Banking","Stanbic Holdings",4,113.5,44869005913,2300
2023-12-15,"Banking","Stanbic Holdings",2,105,41508771990,5000
2023-12-21,"Banking","Stanbic Holdings",2,105,41508771990,55000
2024-01-16,"Banking","Stanbic Holdings",2,111.75,44177193047,300
2024-02-06,"Banking","Stanbic Holdings",2,110,43485380180,179600
2024-02-22,"Banking","Stanbic Holdings",2,115,45461988370,8500
2024-11-22,"Banking","Stanbic Holdings",2,127.75,50502339255,1700
2024-11-26,"Banking","Stanbic Holdings",2,127.25,50304678436,226100
2017-02-07,"Banking","Standard Chartered Bank",2,156.36,59082444310,38939.99628
2017-10-09,"Banking","Standard Chartered Bank",2,205.45,77631671678,439.9999579
2017-11-30,"Banking","Standard Chartered Bank",2,199.09,75228471718,4289.99959
2018-07-31,"Banking","Standard Chartered Bank",2,184.55,69734363632,2639.999748
2018-12-28,"Banking","Standard Chartered Bank",2,176.36,66639676890,219.999979
2019-10-16,"Banking","Standard Chartered Bank",2,178.18,67327385055,1649.999842
2019-11-19,"Banking","Standard Chartered Bank",2,180.68,68272039128,5719.999453
2019-12-30,"Banking","Standard Chartered Bank",2,181.82,68702801385,109.9999895
2020-10-02,"Banking","Standard Chartered Bank",2,161,60835722269,5500
2022-07-27,"Banking","Standard Chartered Bank",2,133,50255596657,93900
2023-02-16,"Banking","Standard Chartered Bank",2,161.25,60930187676,9900
2024-07-26,"Banking","Standard Chartered Bank",2,190.25,71888174917,12400
2017-04-28,"Commercial and Services","Eveready",2,2.65,556500000,3700
2017-09-28,"Commercial and Services","Eveready",2,2.4,5.04e+08,2400
2018-12-17,"Commercial and Services","Eveready",2,1,2.1e+08,294500
2019-01-22,"Commercial and Services","Eveready",3,0.97,203700000,700
2019-04-02,"Commercial and Services","Eveready",2,1.01,212100000,21900
2019-05-21,"Commercial and Services","Eveready",2,1,2.1e+08,200
2019-08-06,"Commercial and Services","Eveready",2,1.02,214200000,14500
2019-10-18,"Commercial and Services","Eveready",2,1.14,239400000,2100
2021-02-11,"Commercial and Services","Eveready",2,1.1,2.31e+08,6500
2021-03-24,"Commercial and Services","Eveready",2,1.04,218400000,2800
2021-05-24,"Commercial and Services","Eveready",2,1.03,216300000,700
2021-07-08,"Commercial and Services","Eveready",2,0.96,201600000,8000
2022-05-12,"Commercial and Services","Eveready",2,0.81,170100000,2800
2022-05-25,"Commercial and Services","Eveready",2,0.85,178500000,2000
2022-07-27,"Commercial and Services","Eveready",2,0.75,157500000,5300
2022-08-11,"Commercial and Services","Eveready",2,0.8,1.68e+08,100
2022-08-16,"Commercial and Services","Eveready",2,0.83,174300000,200
2022-12-22,"Commercial and Services","Eveready",2,0.7,1.47e+08,1000
2022-12-28,"Commercial and Services","Eveready",2,0.7,1.47e+08,400
2023-11-29,"Commercial and Services","Eveready",2,1.35,283500000,700
2023-12-19,"Commercial and Services","Eveready",3,1.11,233100000,5200
2024-02-22,"Commercial and Services","Eveready",2,1.33,279300000,600
2024-03-13,"Commercial and Services","Eveready",2,1.21,254100000,1900
2024-10-25,"Commercial and Services","Eveready",2,1.03,216300000,9300
2016-08-04,"Commercial and Services","Express Kenya",2,3.4,162219035,100
2016-08-08,"Commercial and Services","Express Kenya",2,3.4,162219035,500
2016-08-16,"Commercial and Services","Express Kenya",3,3.85,183689202,200
2016-08-18,"Commercial and Services","Express Kenya",2,3.85,183689202,1500
2016-08-26,"Commercial and Services","Express Kenya",3,3.35,159833461,2100
2016-09-01,"Commercial and Services","Express Kenya",2,3.5,166990184,300
2016-09-08,"Commercial and Services","Express Kenya",3,3.1,147905591,1000
2016-09-13,"Commercial and Services","Express Kenya",2,3.4,162219035,100
2016-09-16,"Commercial and Services","Express Kenya",3,3.1,147905591,10100
2016-09-21,"Commercial and Services","Express Kenya",2,3.3,157447887,100
2016-10-05,"Commercial and Services","Express Kenya",2,3,143134443,24100
2016-10-19,"Commercial and Services","Express Kenya",3,3.3,157447887,4800
2016-10-24,"Commercial and Services","Express Kenya",2,3.25,155062313,6800
2016-11-16,"Commercial and Services","Express Kenya",2,3.25,155062313,9700
2016-11-22,"Commercial and Services","Express Kenya",3,3.25,155062313,200
2016-11-29,"Commercial and Services","Express Kenya",4,3.35,159833461,100
2016-12-05,"Commercial and Services","Express Kenya",3,3.45,164604610,28100
2016-12-07,"Commercial and Services","Express Kenya",2,3.35,159833461,500
2016-12-13,"Commercial and Services","Express Kenya",2,3.4,162219035,300
2016-12-19,"Commercial and Services","Express Kenya",4,3.35,159833461,2500
2016-12-28,"Commercial and Services","Express Kenya",4,3.25,155062313,1100
2017-01-04,"Commercial and Services","Express Kenya",3,3.4,162219035,800
2017-01-10,"Commercial and Services","Express Kenya",3,3.1,147905591,1100
2017-01-17,"Commercial and Services","Express Kenya",3,3.05,145520017,500
2017-01-20,"Commercial and Services","Express Kenya",3,3.15,150291165,200
2017-01-26,"Commercial and Services","Express Kenya",4,3.05,145520017,100
2017-02-02,"Commercial and Services","Express Kenya",5,3.05,145520017,1100
2017-02-08,"Commercial and Services","Express Kenya",4,2.8,133592147,2000
2017-02-10,"Commercial and Services","Express Kenya",2,2.8,133592147,8700
2017-02-20,"Commercial and Services","Express Kenya",2,3.4,162219035,1800
2017-02-22,"Commercial and Services","Express Kenya",2,3.25,155062313,1000
2017-03-02,"Commercial and Services","Express Kenya",5,3.25,155062313,200
2017-03-07,"Commercial and Services","Express Kenya",3,3.25,155062313,400
2017-03-13,"Commercial and Services","Express Kenya",4,3.25,155062313,1000
2017-03-15,"Commercial and Services","Express Kenya",2,3,143134443,300
2017-03-24,"Commercial and Services","Express Kenya",3,2.65,126435425,400
2017-03-29,"Commercial and Services","Express Kenya",2,3.1,147905591,100
2017-04-03,"Commercial and Services","Express Kenya",2,3.1,147905591,100
2017-04-06,"Commercial and Services","Express Kenya",3,3.1,147905591,3500
2017-04-11,"Commercial and Services","Express Kenya",2,3.2,152676739,2100
2017-04-13,"Commercial and Services","Express Kenya",2,3.3,157447887,1000
2017-04-20,"Commercial and Services","Express Kenya",2,3.25,155062313,200
2017-05-05,"Commercial and Services","Express Kenya",9,3.1,147905591,14700
2017-05-11,"Commercial and Services","Express Kenya",3,3.15,150291165,500
2017-05-17,"Commercial and Services","Express Kenya",3,3,143134443,14400
2017-05-24,"Commercial and Services","Express Kenya",3,2.75,131206573,100
2017-05-26,"Commercial and Services","Express Kenya",2,3,143134443,1200
2017-06-05,"Commercial and Services","Express Kenya",2,3.3,157447887,100
2017-06-15,"Commercial and Services","Express Kenya",2,3.25,155062313,1500
2017-06-19,"Commercial and Services","Express Kenya",2,3.25,155062313,700
2017-06-21,"Commercial and Services","Express Kenya",2,3.4,162219035,100
2017-07-06,"Commercial and Services","Express Kenya",2,3.5,166990184,2000
2017-07-18,"Commercial and Services","Express Kenya",4,3.6,171761332,300
2017-07-27,"Commercial and Services","Express Kenya",3,4,190845924,100
2017-08-03,"Commercial and Services","Express Kenya",2,4,190845924,100
2017-08-11,"Commercial and Services","Express Kenya",5,4,190845924,100
2017-08-15,"Commercial and Services","Express Kenya",2,3.6,171761332,400
2017-08-23,"Commercial and Services","Express Kenya",2,3.6,171761332,800
2017-08-25,"Commercial and Services","Express Kenya",2,3.9,186074776,1100
2017-09-05,"Commercial and Services","Express Kenya",2,3.65,174146906,1000
2017-09-07,"Commercial and Services","Express Kenya",2,3.6,171761332,2000
2017-09-11,"Commercial and Services","Express Kenya",2,3.6,171761332,6800
2017-09-13,"Commercial and Services","Express Kenya",2,3.6,171761332,200
2017-09-18,"Commercial and Services","Express Kenya",2,3.3,157447887,400
2017-09-21,"Commercial and Services","Express Kenya",3,3.3,157447887,400
2017-10-03,"Commercial and Services","Express Kenya",7,3.05,145520017,1600
2017-10-05,"Commercial and Services","Express Kenya",2,3.1,147905591,600
2017-10-11,"Commercial and Services","Express Kenya",2,3.45,164604610,2100
2017-10-23,"Commercial and Services","Express Kenya",2,3.3,157447887,300
2017-10-27,"Commercial and Services","Express Kenya",2,3.25,155062313,5600
2017-11-03,"Commercial and Services","Express Kenya",5,3.25,155062313,100
2017-11-09,"Commercial and Services","Express Kenya",4,3.25,155062313,300
2017-11-13,"Commercial and Services","Express Kenya",2,3.25,155062313,100
2017-11-15,"Commercial and Services","Express Kenya",2,3.25,155062313,400
2017-11-21,"Commercial and Services","Express Kenya",4,3.25,155062313,1200
2018-03-05,"Commercial and Services","Express Kenya",62,4.1,195617072,100
2018-03-23,"Commercial and Services","Express Kenya",2,4.8,229015109,1000
2018-04-04,"Commercial and Services","Express Kenya",2,4.85,231400683,100
2018-04-25,"Commercial and Services","Express Kenya",2,4.8,229015109,4800
2018-05-03,"Commercial and Services","Express Kenya",2,4.5,214701665,1000
2018-05-10,"Commercial and Services","Express Kenya",2,4.5,214701665,300
2018-05-17,"Commercial and Services","Express Kenya",2,4.95,236171831,5500
2018-05-24,"Commercial and Services","Express Kenya",4,4.75,226629535,800
2018-07-17,"Commercial and Services","Express Kenya",14,6,286268886,154900
2018-07-23,"Commercial and Services","Express Kenya",3,5.65,269569868,600
2018-08-03,"Commercial and Services","Express Kenya",7,5.4,257641997,11000
2018-08-07,"Commercial and Services","Express Kenya",2,5.5,262413146,100
2018-08-13,"Commercial and Services","Express Kenya",3,5,238557405,33500
2018-08-17,"Commercial and Services","Express Kenya",2,5,238557405,3300
2018-08-24,"Commercial and Services","Express Kenya",4,5,238557405,100
2018-08-28,"Commercial and Services","Express Kenya",2,5,238557405,400
2018-09-03,"Commercial and Services","Express Kenya",3,5,238557405,2200
2018-09-12,"Commercial and Services","Express Kenya",5,5,238557405,100
2018-09-14,"Commercial and Services","Express Kenya",2,5,238557405,1200
2018-09-18,"Commercial and Services","Express Kenya",2,4.5,214701665,8000
2018-09-21,"Commercial and Services","Express Kenya",2,4.5,214701665,4600
2018-09-27,"Commercial and Services","Express Kenya",2,4.15,198002646,300
2018-10-02,"Commercial and Services","Express Kenya",2,4.55,217087239,2200
2018-10-09,"Commercial and Services","Express Kenya",2,4.8,229015109,400
2018-10-15,"Commercial and Services","Express Kenya",3,4.95,236171831,5800
2018-10-17,"Commercial and Services","Express Kenya",2,5.05,240942979,5500
2018-10-22,"Commercial and Services","Express Kenya",3,5,238557405,700
2018-10-25,"Commercial and Services","Express Kenya",2,4.85,231400683,2000
2018-11-02,"Commercial and Services","Express Kenya",5,5,238557405,4500
2018-11-07,"Commercial and Services","Express Kenya",3,5,238557405,6100
2018-11-12,"Commercial and Services","Express Kenya",2,4.6,219472813,600
2018-11-14,"Commercial and Services","Express Kenya",2,5,238557405,100
2018-11-22,"Commercial and Services","Express Kenya",2,5.3,252870849,21500
2018-11-27,"Commercial and Services","Express Kenya",2,5.36,255733538,1500
2018-12-06,"Commercial and Services","Express Kenya",3,4.5,214701665,6400
2018-12-13,"Commercial and Services","Express Kenya",3,4.47,213270320,100
2018-12-21,"Commercial and Services","Express Kenya",2,5.54,264321605,800
2018-12-31,"Commercial and Services","Express Kenya",4,5,238557405,1000
2019-01-04,"Commercial and Services","Express Kenya",2,5.3,252870849,1000
2019-01-09,"Commercial and Services","Express Kenya",3,5.5,262413146,500
2019-01-15,"Commercial and Services","Express Kenya",3,6.6,314895775,200
2019-01-17,"Commercial and Services","Express Kenya",2,6.6,314895775,200
2019-01-25,"Commercial and Services","Express Kenya",3,7.26,346385352,100
2019-01-30,"Commercial and Services","Express Kenya",3,6.9,329209219,1000
2019-02-07,"Commercial and Services","Express Kenya",4,8,381691848,100
2019-02-14,"Commercial and Services","Express Kenya",4,8,381691848,100
2019-02-19,"Commercial and Services","Express Kenya",2,7.94,378829159,100
2019-03-13,"Commercial and Services","Express Kenya",16,7.5,357836108,100
2019-04-15,"Commercial and Services","Express Kenya",23,7,333980367,7100
2019-04-17,"Commercial and Services","Express Kenya",2,6.3,300582330,200
2019-04-24,"Commercial and Services","Express Kenya",2,6,286268886,100
2019-04-29,"Commercial and Services","Express Kenya",2,6,286268886,12400
2019-05-06,"Commercial and Services","Express Kenya",3,6.58,313941545,100
2019-05-14,"Commercial and Services","Express Kenya",6,5.94,283406197,600
2019-05-16,"Commercial and Services","Express Kenya",2,5.74,273863901,300
2019-05-27,"Commercial and Services","Express Kenya",5,5.68,271001212,500
2019-05-30,"Commercial and Services","Express Kenya",2,6.2,295811182,100
2019-06-04,"Commercial and Services","Express Kenya",2,6.16,293902723,100
2019-06-07,"Commercial and Services","Express Kenya",2,5.62,268138523,700
2019-06-12,"Commercial and Services","Express Kenya",2,5.56,265275834,2400
2019-06-17,"Commercial and Services","Express Kenya",2,5.8,276726590,51100
2019-06-24,"Commercial and Services","Express Kenya",2,6,286268886,500
2019-06-27,"Commercial and Services","Express Kenya",2,6.1,291040034,300
2019-07-08,"Commercial and Services","Express Kenya",4,6.2,295811182,100
2019-07-10,"Commercial and Services","Express Kenya",2,5.8,276726590,200
2019-07-22,"Commercial and Services","Express Kenya",2,6.18,294856953,1000
2019-07-30,"Commercial and Services","Express Kenya",2,7,333980367,2100
2019-08-02,"Commercial and Services","Express Kenya",2,6.5,310124627,35000
2019-08-06,"Commercial and Services","Express Kenya",2,6.5,310124627,100
2019-08-08,"Commercial and Services","Express Kenya",2,6.5,310124627,17100
2019-08-14,"Commercial and Services","Express Kenya",3,7,333980367,200
2019-08-20,"Commercial and Services","Express Kenya",2,6.62,315850004,300
2019-08-23,"Commercial and Services","Express Kenya",2,6.5,310124627,13100
2019-08-30,"Commercial and Services","Express Kenya",5,6.5,310124627,4000
2019-09-03,"Commercial and Services","Express Kenya",2,6.5,310124627,1600
2019-09-16,"Commercial and Services","Express Kenya",6,7.1,338751515,100
2019-09-20,"Commercial and Services","Express Kenya",2,7.1,338751515,100
2019-09-26,"Commercial and Services","Express Kenya",4,6.5,310124627,60000
2019-10-04,"Commercial and Services","Express Kenya",5,6.8,324438071,200
2019-10-08,"Commercial and Services","Express Kenya",2,6.5,310124627,200
2019-10-14,"Commercial and Services","Express Kenya",3,7.1,338751515,400
2019-10-16,"Commercial and Services","Express Kenya",2,7.1,338751515,200
2019-10-22,"Commercial and Services","Express Kenya",2,7.34,350202271,100
2019-10-28,"Commercial and Services","Express Kenya",4,7.32,349248041,400
2019-10-31,"Commercial and Services","Express Kenya",3,7.28,347339582,200
2019-11-04,"Commercial and Services","Express Kenya",2,7.26,346385352,200
2019-11-06,"Commercial and Services","Express Kenya",2,7.1,338751515,1000
2019-11-18,"Commercial and Services","Express Kenya",6,7.16,341614204,1200
2019-11-20,"Commercial and Services","Express Kenya",2,7,333980367,500
2019-11-22,"Commercial and Services","Express Kenya",2,7,333980367,300
2019-12-18,"Commercial and Services","Express Kenya",17,6.8,324438071,100
2019-12-23,"Commercial and Services","Express Kenya",3,6.84,326346530,500
2020-01-09,"Commercial and Services","Express Kenya",10,6.16,293902723,100
2020-01-14,"Commercial and Services","Express Kenya",3,6.28,299628101,500
2020-01-20,"Commercial and Services","Express Kenya",4,6,286268886,100
2020-01-30,"Commercial and Services","Express Kenya",6,5.72,272909671,1200
2020-02-12,"Commercial and Services","Express Kenya",3,5.82,277680819,1100
2020-02-14,"Commercial and Services","Express Kenya",2,5.62,268138523,300
2020-02-20,"Commercial and Services","Express Kenya",2,6,286268886,100
2020-02-27,"Commercial and Services","Express Kenya",5,6,286268886,100
2020-03-04,"Commercial and Services","Express Kenya",3,6,286268886,200
2020-03-06,"Commercial and Services","Express Kenya",2,6.5,310124627,200
2020-03-11,"Commercial and Services","Express Kenya",2,6,286268886,800
2020-03-13,"Commercial and Services","Express Kenya",2,5.98,285314656,100
2020-03-20,"Commercial and Services","Express Kenya",5,5.82,277680819,300
2020-03-31,"Commercial and Services","Express Kenya",7,5.5,262413146,400
2020-04-03,"Commercial and Services","Express Kenya",3,5.5,262413146,700
2020-04-16,"Commercial and Services","Express Kenya",7,5.48,261458916,400
2020-04-21,"Commercial and Services","Express Kenya",3,5.48,261458916,100
2020-04-24,"Commercial and Services","Express Kenya",2,5.8,276726590,100
2020-04-30,"Commercial and Services","Express Kenya",4,6,286268886,200
2020-05-06,"Commercial and Services","Express Kenya",3,5.7,271955442,800
2020-05-11,"Commercial and Services","Express Kenya",3,5.8,276726590,100
2020-05-20,"Commercial and Services","Express Kenya",6,5.64,269092753,1400
2020-06-02,"Commercial and Services","Express Kenya",7,5.8,276726590,100
2020-06-04,"Commercial and Services","Express Kenya",2,5.8,276726590,100
2020-06-12,"Commercial and Services","Express Kenya",5,5.5,262413146,10200
2020-06-16,"Commercial and Services","Express Kenya",2,5.1,243328553,100
2020-06-19,"Commercial and Services","Express Kenya",3,5.6,267184294,300
2020-06-24,"Commercial and Services","Express Kenya",2,5.8,276726590,1100
2020-07-03,"Commercial and Services","Express Kenya",5,5.98,285314656,300
2020-07-28,"Commercial and Services","Express Kenya",2,3.9,186074776,2000
2020-08-11,"Commercial and Services","Express Kenya",3,3.8,181303628,300
2020-08-20,"Commercial and Services","Express Kenya",2,4.17,198956876,700
2020-08-27,"Commercial and Services","Express Kenya",3,4.5,214701665,1100
2020-09-02,"Commercial and Services","Express Kenya",4,4.66,222335502,900
2020-09-07,"Commercial and Services","Express Kenya",2,4.55,217087239,200
2020-09-14,"Commercial and Services","Express Kenya",4,4.43,211361861,200
2020-09-16,"Commercial and Services","Express Kenya",2,4.84,230923568,200
2020-09-21,"Commercial and Services","Express Kenya",2,4.8,229015109,100
2020-10-07,"Commercial and Services","Express Kenya",8,4.3,205159368,10000
2020-10-13,"Commercial and Services","Express Kenya",2,4.5,214701665,6700
2020-10-19,"Commercial and Services","Express Kenya",3,4.5,214701665,100
2020-10-26,"Commercial and Services","Express Kenya",4,4.5,214701665,100
2020-10-28,"Commercial and Services","Express Kenya",2,4.1,195617072,6000
2020-11-03,"Commercial and Services","Express Kenya",2,3.91,186551891,5000
2020-11-05,"Commercial and Services","Express Kenya",2,3.6,171761332,20100
2020-11-10,"Commercial and Services","Express Kenya",2,3.91,186551891,4700
2020-11-16,"Commercial and Services","Express Kenya",4,3.58,170807102,70200
2020-11-25,"Commercial and Services","Express Kenya",2,2.92,139317525,11000
2020-12-02,"Commercial and Services","Express Kenya",2,3,143134443,1100
2020-12-08,"Commercial and Services","Express Kenya",2,2.7,128820999,100
2020-12-18,"Commercial and Services","Express Kenya",2,2.83,135023491,2700
2020-12-22,"Commercial and Services","Express Kenya",2,2.93,139794639,500
2021-01-06,"Commercial and Services","Express Kenya",2,3.51,167467298,1900
2021-01-15,"Commercial and Services","Express Kenya",2,3.31,157925002,1500
2021-01-25,"Commercial and Services","Express Kenya",4,3.75,178918054,100
2021-01-28,"Commercial and Services","Express Kenya",3,3.71,177009595,5200
2021-02-11,"Commercial and Services","Express Kenya",2,4,190845924,100
2021-02-17,"Commercial and Services","Express Kenya",3,3.77,179872283,3200
2021-02-23,"Commercial and Services","Express Kenya",2,3.7,176532480,100
2021-03-01,"Commercial and Services","Express Kenya",4,4,190845924,24400
2021-03-04,"Commercial and Services","Express Kenya",3,4.05,193231498,200
2021-03-15,"Commercial and Services","Express Kenya",5,4.28,204205139,100
2021-03-18,"Commercial and Services","Express Kenya",3,4,190845924,100
2021-03-29,"Commercial and Services","Express Kenya",6,3.99,190368809,1100
2021-04-01,"Commercial and Services","Express Kenya",2,3.99,190368809,100
2021-04-13,"Commercial and Services","Express Kenya",2,4,190845924,5600
2021-04-15,"Commercial and Services","Express Kenya",2,4,190845924,300
2021-04-23,"Commercial and Services","Express Kenya",5,4.14,197525531,200
2021-04-27,"Commercial and Services","Express Kenya",2,4.28,204205139,1000
2021-04-29,"Commercial and Services","Express Kenya",2,4.3,205159368,2300
2021-05-04,"Commercial and Services","Express Kenya",3,4.5,214701665,100
2021-05-06,"Commercial and Services","Express Kenya",2,4.37,208499172,1400
2021-05-12,"Commercial and Services","Express Kenya",4,4.05,193231498,100
2021-05-17,"Commercial and Services","Express Kenya",2,4.18,199433991,100
2021-05-24,"Commercial and Services","Express Kenya",2,4.05,193231498,200
2021-05-28,"Commercial and Services","Express Kenya",4,4.45,212316091,400
2021-06-03,"Commercial and Services","Express Kenya",3,4.45,212316091,100
2021-06-09,"Commercial and Services","Express Kenya",2,4.05,193231498,9700
2021-06-22,"Commercial and Services","Express Kenya",8,4.02,191800154,12200
2021-06-24,"Commercial and Services","Express Kenya",2,4,190845924,1200
2021-06-30,"Commercial and Services","Express Kenya",4,4,190845924,600
2021-07-02,"Commercial and Services","Express Kenya",2,4,190845924,100
2021-07-13,"Commercial and Services","Express Kenya",7,4.4,209930516,400
2021-07-22,"Commercial and Services","Express Kenya",6,4.14,197525531,1200
2021-07-29,"Commercial and Services","Express Kenya",4,4.14,197525531,200
2021-08-06,"Commercial and Services","Express Kenya",6,4.5,214701665,500
2021-08-10,"Commercial and Services","Express Kenya",2,4.5,214701665,1000
2021-08-19,"Commercial and Services","Express Kenya",3,4.14,197525531,100
2021-08-26,"Commercial and Services","Express Kenya",5,3.81,181780743,3500
2021-09-01,"Commercial and Services","Express Kenya",2,4.55,217087239,100
2021-09-06,"Commercial and Services","Express Kenya",2,4,190845924,200
2021-09-10,"Commercial and Services","Express Kenya",4,4.4,209930516,100
2021-09-15,"Commercial and Services","Express Kenya",2,4.4,209930516,1100
2021-09-21,"Commercial and Services","Express Kenya",2,4.61,219949927,500
2021-09-23,"Commercial and Services","Express Kenya",2,4.5,214701665,3000
2021-09-30,"Commercial and Services","Express Kenya",5,4.45,212316091,100
2021-10-05,"Commercial and Services","Express Kenya",2,4.21,200865335,2200
2021-10-13,"Commercial and Services","Express Kenya",2,4.4,209930516,1100
2021-10-18,"Commercial and Services","Express Kenya",3,4.4,209930516,100
2021-10-26,"Commercial and Services","Express Kenya",2,3.5,166990184,2000
2021-11-04,"Commercial and Services","Express Kenya",3,4.22,201342450,800
2021-11-08,"Commercial and Services","Express Kenya",2,3.8,181303628,2800
2021-11-10,"Commercial and Services","Express Kenya",2,3.8,181303628,2100
2021-11-18,"Commercial and Services","Express Kenya",2,3.8,181303628,100
2021-11-22,"Commercial and Services","Express Kenya",2,3.8,181303628,100
2021-11-24,"Commercial and Services","Express Kenya",2,4.05,193231498,300
2021-11-29,"Commercial and Services","Express Kenya",2,3.8,181303628,100
2021-12-02,"Commercial and Services","Express Kenya",3,3.8,181303628,4500
2021-12-08,"Commercial and Services","Express Kenya",2,4.17,198956876,6200
2021-12-16,"Commercial and Services","Express Kenya",5,4.15,198002646,100
2021-12-22,"Commercial and Services","Express Kenya",4,3.85,183689202,500
2021-12-31,"Commercial and Services","Express Kenya",2,4.1,195617072,200
2022-01-05,"Commercial and Services","Express Kenya",3,4.1,195617072,200
2022-01-07,"Commercial and Services","Express Kenya",2,3.9,186074776,200
2022-01-13,"Commercial and Services","Express Kenya",2,3.37,160787691,4400
2022-01-25,"Commercial and Services","Express Kenya",2,3.73,177963824,1500
2022-01-27,"Commercial and Services","Express Kenya",2,3.87,184643432,400
2022-02-01,"Commercial and Services","Express Kenya",2,3.87,184643432,4900
2022-02-04,"Commercial and Services","Express Kenya",3,3.87,184643432,1100
2022-02-08,"Commercial and Services","Express Kenya",2,3.8,181303628,500
2022-02-10,"Commercial and Services","Express Kenya",2,3.95,188460350,100
2022-02-15,"Commercial and Services","Express Kenya",3,3.95,188460350,100
2022-02-18,"Commercial and Services","Express Kenya",3,3.95,188460350,100
2022-02-24,"Commercial and Services","Express Kenya",4,4.02,191800154,3800
2022-02-28,"Commercial and Services","Express Kenya",2,4,190845924,2100
2022-03-14,"Commercial and Services","Express Kenya",7,3.95,188460350,100
2022-03-17,"Commercial and Services","Express Kenya",3,3.92,187029006,4800
2022-03-21,"Commercial and Services","Express Kenya",2,3.92,187029006,400
2022-03-30,"Commercial and Services","Express Kenya",5,3.9,186074776,100
2022-04-06,"Commercial and Services","Express Kenya",4,3.95,188460350,200
2022-04-12,"Commercial and Services","Express Kenya",2,3.9,186074776,3900
2022-04-14,"Commercial and Services","Express Kenya",2,3.9,186074776,100
2022-05-04,"Commercial and Services","Express Kenya",9,3.9,186074776,100
2022-05-06,"Commercial and Services","Express Kenya",2,3.9,186074776,400
2022-05-11,"Commercial and Services","Express Kenya",2,3.48,166035954,1100
2022-05-20,"Commercial and Services","Express Kenya",5,3.91,186551891,1200
2022-05-25,"Commercial and Services","Express Kenya",2,3.83,182734972,100
2022-05-31,"Commercial and Services","Express Kenya",4,3.83,182734972,100
2022-06-07,"Commercial and Services","Express Kenya",2,3.8,181303628,100
2022-06-09,"Commercial and Services","Express Kenya",2,3.42,163173265,1100
2022-06-13,"Commercial and Services","Express Kenya",2,3.26,155539428,100
2022-06-21,"Commercial and Services","Express Kenya",4,2.7,128820999,9900
2022-06-23,"Commercial and Services","Express Kenya",2,2.72,129775228,100
2022-06-29,"Commercial and Services","Express Kenya",3,2.96,141225984,500
2022-07-06,"Commercial and Services","Express Kenya",2,3.28,156493658,100
2022-07-20,"Commercial and Services","Express Kenya",7,3.24,154585198,1000
2022-07-28,"Commercial and Services","Express Kenya",6,3.24,154585198,15900
2022-08-04,"Commercial and Services","Express Kenya",3,3.5,166990184,900
2022-08-11,"Commercial and Services","Express Kenya",4,3.65,174146906,100
2022-08-22,"Commercial and Services","Express Kenya",3,3.4,162219035,2000
2022-08-26,"Commercial and Services","Express Kenya",4,3.68,175578250,100
2022-09-02,"Commercial and Services","Express Kenya",3,3.8,181303628,100
2022-09-07,"Commercial and Services","Express Kenya",2,3.8,181303628,1500
2022-09-19,"Commercial and Services","Express Kenya",2,3.5,166990184,300
2022-09-22,"Commercial and Services","Express Kenya",2,3.5,166990184,3200
2022-09-27,"Commercial and Services","Express Kenya",3,3.17,151245395,100
2022-10-03,"Commercial and Services","Express Kenya",4,3.2,152676739,10000
2022-10-05,"Commercial and Services","Express Kenya",2,2.92,139317525,100
2022-10-17,"Commercial and Services","Express Kenya",7,2.94,140271754,1200
2022-10-31,"Commercial and Services","Express Kenya",9,3,143134443,100
2022-11-04,"Commercial and Services","Express Kenya",4,3.28,156493658,31500
2022-11-11,"Commercial and Services","Express Kenya",5,3.28,156493658,100
2022-11-21,"Commercial and Services","Express Kenya",6,3.28,156493658,100
2022-11-24,"Commercial and Services","Express Kenya",3,3,143134443,100
2022-11-28,"Commercial and Services","Express Kenya",2,3,143134443,200
2022-12-06,"Commercial and Services","Express Kenya",2,3,143134443,3400
2023-01-03,"Commercial and Services","Express Kenya",2,4.63,220904157,600
2023-01-17,"Commercial and Services","Express Kenya",4,5,238557405,200
2023-01-20,"Commercial and Services","Express Kenya",3,4.91,234263372,12800
2023-02-03,"Commercial and Services","Express Kenya",5,4.4,209930516,300
2023-02-09,"Commercial and Services","Express Kenya",3,4.4,209930516,100
2023-02-17,"Commercial and Services","Express Kenya",3,4.51,215178779,4200
2023-02-28,"Commercial and Services","Express Kenya",2,4.4,209930516,100
2023-03-03,"Commercial and Services","Express Kenya",2,4.4,209930516,100
2023-03-07,"Commercial and Services","Express Kenya",2,4.4,209930516,200
2023-03-17,"Commercial and Services","Express Kenya",6,4.5,214701665,1800
2023-03-22,"Commercial and Services","Express Kenya",3,4.8,229015109,256200
2023-03-28,"Commercial and Services","Express Kenya",2,5.18,247145472,100
2023-04-03,"Commercial and Services","Express Kenya",4,5.4,257641997,100
2023-04-12,"Commercial and Services","Express Kenya",4,5.28,251916620,100
2023-04-18,"Commercial and Services","Express Kenya",4,5.02,239511635,200
2023-04-28,"Commercial and Services","Express Kenya",6,4.8,229015109,200
2023-05-04,"Commercial and Services","Express Kenya",2,4.65,221858387,100
2023-05-11,"Commercial and Services","Express Kenya",5,4.7,224243961,20000
2023-05-16,"Commercial and Services","Express Kenya",2,4.33,206590713,600
2023-05-24,"Commercial and Services","Express Kenya",6,4.33,206590713,100
2023-05-26,"Commercial and Services","Express Kenya",2,3.95,188460350,3000
2023-06-07,"Commercial and Services","Express Kenya",5,3.28,156493658,200
2023-06-09,"Commercial and Services","Express Kenya",2,3.4,162219035,200
2023-06-19,"Commercial and Services","Express Kenya",6,3.29,156970773,5200
2023-06-29,"Commercial and Services","Express Kenya",2,3.6,171761332,300
2023-07-10,"Commercial and Services","Express Kenya",7,3.69,176055365,400
2023-07-12,"Commercial and Services","Express Kenya",2,3.69,176055365,1600
2023-07-17,"Commercial and Services","Express Kenya",3,3.81,181780743,700
2023-07-21,"Commercial and Services","Express Kenya",3,4,190845924,100
2023-08-03,"Commercial and Services","Express Kenya",7,3.83,182734972,300
2023-08-10,"Commercial and Services","Express Kenya",5,3.83,182734972,200
2023-08-15,"Commercial and Services","Express Kenya",3,4,190845924,3200
2023-08-17,"Commercial and Services","Express Kenya",2,3.96,188937465,1800
2023-08-22,"Commercial and Services","Express Kenya",3,4.16,198479761,1900
2023-08-24,"Commercial and Services","Express Kenya",2,4.16,198479761,600
2023-08-29,"Commercial and Services","Express Kenya",3,4.2,200388220,100
2023-09-04,"Commercial and Services","Express Kenya",2,4.16,198479761,100
2023-09-11,"Commercial and Services","Express Kenya",5,4.57,218041468,100
2023-09-20,"Commercial and Services","Express Kenya",6,4.85,231400683,600
2023-09-27,"Commercial and Services","Express Kenya",5,4.6,219472813,200
2023-10-04,"Commercial and Services","Express Kenya",3,3.93,187506120,500
2023-10-06,"Commercial and Services","Express Kenya",2,4,190845924,300
2023-10-16,"Commercial and Services","Express Kenya",2,4,190845924,100
2023-10-24,"Commercial and Services","Express Kenya",3,3.54,168898643,1100
2023-10-30,"Commercial and Services","Express Kenya",3,3.36,160310576,100
2023-11-03,"Commercial and Services","Express Kenya",3,3.36,160310576,500
2023-11-07,"Commercial and Services","Express Kenya",2,3.69,176055365,100
2023-11-09,"Commercial and Services","Express Kenya",2,3.63,173192676,600
2023-11-14,"Commercial and Services","Express Kenya",2,3.67,175101135,200
2023-11-21,"Commercial and Services","Express Kenya",4,3.63,173192676,1200
2023-11-24,"Commercial and Services","Express Kenya",3,3.99,190368809,300
2023-12-01,"Commercial and Services","Express Kenya",5,3.87,184643432,1000
2023-12-08,"Commercial and Services","Express Kenya",4,3.99,190368809,100
2023-12-13,"Commercial and Services","Express Kenya",2,3.99,190368809,100
2023-12-19,"Commercial and Services","Express Kenya",4,3.6,171761332,100
2023-12-21,"Commercial and Services","Express Kenya",2,3.9,186074776,100
2023-12-27,"Commercial and Services","Express Kenya",2,3.7,176532480,100
2024-01-10,"Commercial and Services","Express Kenya",9,3.7,176532480,100
2024-01-17,"Commercial and Services","Express Kenya",3,3.7,176532480,100
2024-01-19,"Commercial and Services","Express Kenya",2,3.7,176532480,200
2024-02-05,"Commercial and Services","Express Kenya",8,3.54,168898643,200
2024-02-08,"Commercial and Services","Express Kenya",3,3.24,154585198,200
2024-02-13,"Commercial and Services","Express Kenya",2,3.55,169375758,100
2024-02-27,"Commercial and Services","Express Kenya",9,3.5,166990184,1000
2024-02-29,"Commercial and Services","Express Kenya",2,3.5,166990184,46800
2024-03-11,"Commercial and Services","Express Kenya",7,3.5,166990184,2100
2024-03-20,"Commercial and Services","Express Kenya",7,3.4,162219035,4400
2024-03-28,"Commercial and Services","Express Kenya",4,3.49,166513069,1500
2024-04-08,"Commercial and Services","Express Kenya",4,3.2,152676739,200
2024-04-15,"Commercial and Services","Express Kenya",4,3.15,150291165,400
2024-04-26,"Commercial and Services","Express Kenya",2,3.5,166990184,5600
2024-05-09,"Commercial and Services","Express Kenya",2,3.06,145997132,10100
2024-05-16,"Commercial and Services","Express Kenya",2,3.02,144088673,2900
2024-05-22,"Commercial and Services","Express Kenya",2,3.04,145042902,300
2024-05-24,"Commercial and Services","Express Kenya",2,3,143134443,100
2024-06-03,"Commercial and Services","Express Kenya",2,2.84,135500606,200
2024-06-10,"Commercial and Services","Express Kenya",5,3.04,145042902,1000
2024-06-12,"Commercial and Services","Express Kenya",2,2.83,135023491,16900
2024-06-14,"Commercial and Services","Express Kenya",2,2.97,141703099,43100
2024-06-19,"Commercial and Services","Express Kenya",2,3.25,155062313,1100
2024-06-21,"Commercial and Services","Express Kenya",2,2.97,141703099,100
2024-06-27,"Commercial and Services","Express Kenya",3,3.22,153630969,1100
2024-07-02,"Commercial and Services","Express Kenya",3,3.19,152199624,100
2024-07-09,"Commercial and Services","Express Kenya",4,3.2,152676739,1400
2024-07-17,"Commercial and Services","Express Kenya",2,3.07,146474247,3600
2024-07-19,"Commercial and Services","Express Kenya",2,3,143134443,200
2024-07-24,"Commercial and Services","Express Kenya",2,3.4,162219035,60100
2024-07-30,"Commercial and Services","Express Kenya",2,3.6,171761332,1100
2024-08-07,"Commercial and Services","Express Kenya",3,3.6,171761332,200
2024-08-14,"Commercial and Services","Express Kenya",5,3.5,166990184,200
2024-08-16,"Commercial and Services","Express Kenya",2,3.5,166990184,200
2024-09-03,"Commercial and Services","Express Kenya",3,3.53,168421528,400
2024-09-06,"Commercial and Services","Express Kenya",3,3.5,166990184,100
2024-09-10,"Commercial and Services","Express Kenya",2,3.53,168421528,500
2024-09-20,"Commercial and Services","Express Kenya",8,3.53,168421528,100
2024-09-25,"Commercial and Services","Express Kenya",2,3.5,166990184,100
2024-10-02,"Commercial and Services","Express Kenya",5,3.5,166990184,100
2024-10-17,"Commercial and Services","Express Kenya",6,3.4,162219035,100
2024-10-29,"Commercial and Services","Express Kenya",3,3.5,166990184,100
2024-11-04,"Commercial and Services","Express Kenya",3,3.2,152676739,3000
2024-11-11,"Commercial and Services","Express Kenya",2,3.16,150768280,2600
2024-11-15,"Commercial and Services","Express Kenya",2,3.45,164604610,100
2024-11-19,"Commercial and Services","Express Kenya",2,3.45,164604610,500
2024-11-21,"Commercial and Services","Express Kenya",2,3.44,164127495,300
2024-12-02,"Commercial and Services","Express Kenya",7,3.43,163650380,200
2024-12-05,"Commercial and Services","Express Kenya",3,3.43,163650380,900
2024-12-09,"Commercial and Services","Express Kenya",2,3.39,161741921,400
2024-12-11,"Commercial and Services","Express Kenya",2,3.4,162219035,1600
2024-12-19,"Commercial and Services","Express Kenya",3,3.43,163650380,300
2024-12-23,"Commercial and Services","Express Kenya",2,3.45,164604610,8800
2025-01-02,"Commercial and Services","Express Kenya",4,3.6,171761332,10200
2017-11-29,"Commercial and Services","Kenya Airways",10,10.35,58805988952,2164500
2025-01-02,"Commercial and Services","Kenya Airways",1121,3.83,21761056781,
2016-12-29,"Commercial and Services","Longhorn Publishers",2,4.65,1266848199,3000
2017-01-06,"Commercial and Services","Longhorn Publishers",2,4.9,1334958318,300
2017-03-21,"Commercial and Services","Longhorn Publishers",2,4,1089761892,18900
2017-05-23,"Commercial and Services","Longhorn Publishers",2,4.1,1117005939,514300
2017-06-28,"Commercial and Services","Longhorn Publishers",2,5,1362202365,22600
2017-07-21,"Commercial and Services","Longhorn Publishers",2,5.4,1471178554,4600
2017-08-03,"Commercial and Services","Longhorn Publishers",2,5.2,1416690460,1500
2017-11-06,"Commercial and Services","Longhorn Publishers",2,5.95,1621020814,31300
2018-02-01,"Commercial and Services","Longhorn Publishers",2,5.4,1471178554,400
2018-02-26,"Commercial and Services","Longhorn Publishers",2,5.35,1457556531,1300
2018-03-02,"Commercial and Services","Longhorn Publishers",2,5.1,1389446412,2600
2018-04-10,"Commercial and Services","Longhorn Publishers",2,4.65,1266848199,4400
2018-04-24,"Commercial and Services","Longhorn Publishers",2,4.75,1294092247,30000
2018-05-07,"Commercial and Services","Longhorn Publishers",2,4.6,1253226176,3500
2018-05-25,"Commercial and Services","Longhorn Publishers",2,4.5,1225982129,100
2018-07-12,"Commercial and Services","Longhorn Publishers",2,4.35,1185116058,1000
2019-01-03,"Commercial and Services","Longhorn Publishers",2,4.66,1269572604,2400
2019-04-23,"Commercial and Services","Longhorn Publishers",2,6.04,1645540457,16300
2019-05-13,"Commercial and Services","Longhorn Publishers",2,6.8,1852595216,31600
2019-05-22,"Commercial and Services","Longhorn Publishers",3,6.32,1721823789,5200
2019-06-04,"Commercial and Services","Longhorn Publishers",3,6.84,1863492835,27000
2019-07-25,"Commercial and Services","Longhorn Publishers",2,8,2179523784,31500
2019-09-17,"Commercial and Services","Longhorn Publishers",2,6.14,1672784504,6100
2019-12-20,"Commercial and Services","Longhorn Publishers",2,6,1634642838,200
2020-07-09,"Commercial and Services","Longhorn Publishers",2,4.51,1228706533,100
2020-07-21,"Commercial and Services","Longhorn Publishers",2,4.52,1231430938,24500
2020-08-25,"Commercial and Services","Longhorn Publishers",2,4.79,1304989866,2700
2020-11-03,"Commercial and Services","Longhorn Publishers",2,4.53,1234155343,10400
2020-12-08,"Commercial and Services","Longhorn Publishers",2,4.86,1324060699,12200
2021-01-08,"Commercial and Services","Longhorn Publishers",2,4.8,1307714270,1200
2021-01-27,"Commercial and Services","Longhorn Publishers",2,4.36,1187840462,4300
2021-02-10,"Commercial and Services","Longhorn Publishers",2,4.64,1264123795,300
2021-02-16,"Commercial and Services","Longhorn Publishers",3,4.79,1304989866,300
2021-04-08,"Commercial and Services","Longhorn Publishers",2,4.46,1215084510,800
2021-04-20,"Commercial and Services","Longhorn Publishers",2,4.35,1185116058,400
2021-04-23,"Commercial and Services","Longhorn Publishers",2,4.27,1163320820,10700
2021-05-18,"Commercial and Services","Longhorn Publishers",2,4.48,1220533319,100
2021-06-29,"Commercial and Services","Longhorn Publishers",2,4,1089761892,3400
2021-10-26,"Commercial and Services","Longhorn Publishers",2,3.74,1018927369,12200
2021-12-31,"Commercial and Services","Longhorn Publishers",2,4,1089761892,5500
2022-01-07,"Commercial and Services","Longhorn Publishers",2,3.99,1087037487,2200
2022-02-07,"Commercial and Services","Longhorn Publishers",3,4,1089761892,87800
2022-02-14,"Commercial and Services","Longhorn Publishers",2,4,1089761892,100
2022-02-28,"Commercial and Services","Longhorn Publishers",2,4,1089761892,200
2022-03-03,"Commercial and Services","Longhorn Publishers",3,3.71,1010754155,7800
2022-03-09,"Commercial and Services","Longhorn Publishers",2,3.9,1062517845,1100
2022-03-17,"Commercial and Services","Longhorn Publishers",2,3.61,983510108,7400
2022-03-22,"Commercial and Services","Longhorn Publishers",2,3.69,1005305345,7900
2022-05-11,"Commercial and Services","Longhorn Publishers",2,3.6,980785703,200
2022-05-17,"Commercial and Services","Longhorn Publishers",2,3.25,885431537,4100
2022-05-19,"Commercial and Services","Longhorn Publishers",2,3.25,885431537,1100
2022-06-06,"Commercial and Services","Longhorn Publishers",2,3.24,882707133,5400
2022-06-10,"Commercial and Services","Longhorn Publishers",2,3.48,948092846,500
2022-06-23,"Commercial and Services","Longhorn Publishers",2,3.1,844565466,2600
2022-07-01,"Commercial and Services","Longhorn Publishers",2,3.08,839116657,1200
2022-07-08,"Commercial and Services","Longhorn Publishers",2,3.06,833667847,600
2022-07-27,"Commercial and Services","Longhorn Publishers",2,3.42,931746418,13000
2022-08-01,"Commercial and Services","Longhorn Publishers",2,3.29,896329156,5100
2022-08-11,"Commercial and Services","Longhorn Publishers",2,3.57,972612489,5800
2022-09-28,"Commercial and Services","Longhorn Publishers",2,3.85,1048895821,200
2022-10-26,"Commercial and Services","Longhorn Publishers",2,3.61,983510108,9100
2022-11-08,"Commercial and Services","Longhorn Publishers",3,3.21,874533918,3100
2022-11-17,"Commercial and Services","Longhorn Publishers",3,3.55,967163679,200
2022-11-21,"Commercial and Services","Longhorn Publishers",2,3.59,978061298,1600
2022-12-01,"Commercial and Services","Longhorn Publishers",2,3.05,830943443,5600
2022-12-07,"Commercial and Services","Longhorn Publishers",3,3.02,822770229,10000
2022-12-14,"Commercial and Services","Longhorn Publishers",2,3.02,822770229,10100
2022-12-20,"Commercial and Services","Longhorn Publishers",2,3.03,825494633,1300
2022-12-22,"Commercial and Services","Longhorn Publishers",2,3.2,871809514,600
2023-02-06,"Commercial and Services","Longhorn Publishers",3,3.14,855463085,2100
2023-02-13,"Commercial and Services","Longhorn Publishers",2,3,817321419,2100
2023-02-21,"Commercial and Services","Longhorn Publishers",2,2.96,806423800,400
2023-03-03,"Commercial and Services","Longhorn Publishers",2,2.84,773730943,1300
2023-03-07,"Commercial and Services","Longhorn Publishers",2,2.78,757384515,3500
2023-03-16,"Commercial and Services","Longhorn Publishers",4,2.82,768282134,3000
2023-05-08,"Commercial and Services","Longhorn Publishers",3,2.31,629337493,1100
2023-05-10,"Commercial and Services","Longhorn Publishers",2,2.31,629337493,17800
2023-05-25,"Commercial and Services","Longhorn Publishers",2,2.3,626613088,100
2023-05-31,"Commercial and Services","Longhorn Publishers",2,2.3,626613088,1000
2023-06-15,"Commercial and Services","Longhorn Publishers",2,2.3,626613088,22700
2023-06-26,"Commercial and Services","Longhorn Publishers",2,2.41,656581540,2200
2023-07-17,"Commercial and Services","Longhorn Publishers",2,2.5,681101183,2600
2023-07-21,"Commercial and Services","Longhorn Publishers",3,2.6,708345230,200
2023-07-28,"Commercial and Services","Longhorn Publishers",3,2.11,574849398,2700
2023-08-02,"Commercial and Services","Longhorn Publishers",2,2.31,629337493,1500
2023-08-10,"Commercial and Services","Longhorn Publishers",2,2.51,683825587,2700
2023-08-14,"Commercial and Services","Longhorn Publishers",2,2.6,708345230,100
2023-09-08,"Commercial and Services","Longhorn Publishers",2,2.2,599369041,5200
2023-09-13,"Commercial and Services","Longhorn Publishers",2,2.15,585747017,300
2023-09-21,"Commercial and Services","Longhorn Publishers",2,2.1,572124993,9300
2023-10-03,"Commercial and Services","Longhorn Publishers",2,2.37,645683921,600
2023-10-11,"Commercial and Services","Longhorn Publishers",3,2.58,702896420,500
2023-11-02,"Commercial and Services","Longhorn Publishers",5,2.37,645683921,27700
2023-11-29,"Commercial and Services","Longhorn Publishers",2,2.4,653857135,900
2023-12-04,"Commercial and Services","Longhorn Publishers",2,2.35,640235112,400
2023-12-06,"Commercial and Services","Longhorn Publishers",2,2.25,612991064,1800
2023-12-08,"Commercial and Services","Longhorn Publishers",2,2.28,621164278,1800
2023-12-13,"Commercial and Services","Longhorn Publishers",2,2.28,621164278,500
2023-12-15,"Commercial and Services","Longhorn Publishers",2,2.3,626613088,100
2023-12-21,"Commercial and Services","Longhorn Publishers",3,2.2,599369041,1000
2023-12-28,"Commercial and Services","Longhorn Publishers",2,2.41,656581540,100
2024-01-04,"Commercial and Services","Longhorn Publishers",4,2.17,591195826,100
2024-01-17,"Commercial and Services","Longhorn Publishers",4,2.24,610266660,500
2024-01-19,"Commercial and Services","Longhorn Publishers",2,2.3,626613088,900
2024-02-05,"Commercial and Services","Longhorn Publishers",4,2.4,653857135,400
2024-02-13,"Commercial and Services","Longhorn Publishers",5,2.3,626613088,5500
2024-02-23,"Commercial and Services","Longhorn Publishers",5,2.2,599369041,37200
2024-02-29,"Commercial and Services","Longhorn Publishers",2,2.41,656581540,200
2024-03-05,"Commercial and Services","Longhorn Publishers",2,2.2,599369041,8900
2024-03-08,"Commercial and Services","Longhorn Publishers",2,2.37,645683921,300
2024-03-19,"Commercial and Services","Longhorn Publishers",3,2.3,626613088,7500
2024-03-27,"Commercial and Services","Longhorn Publishers",2,2.3,626613088,5300
2024-04-02,"Commercial and Services","Longhorn Publishers",2,2.32,632061897,1700
2024-04-05,"Commercial and Services","Longhorn Publishers",2,2.3,626613088,200
2024-04-12,"Commercial and Services","Longhorn Publishers",3,2.3,626613088,10000
2024-04-26,"Commercial and Services","Longhorn Publishers",6,2.3,626613088,4900
2024-05-08,"Commercial and Services","Longhorn Publishers",3,2.3,626613088,1500
2024-05-13,"Commercial and Services","Longhorn Publishers",2,2.3,626613088,8000
2024-05-17,"Commercial and Services","Longhorn Publishers",3,2.45,667479159,1500
2024-05-27,"Commercial and Services","Longhorn Publishers",2,2.53,689274397,3700
2024-06-05,"Commercial and Services","Longhorn Publishers",2,2.5,681101183,100
2024-06-12,"Commercial and Services","Longhorn Publishers",3,2.34,637510707,10100
2024-06-14,"Commercial and Services","Longhorn Publishers",2,2.46,670203564,600
2024-06-20,"Commercial and Services","Longhorn Publishers",3,2.31,629337493,6200
2024-06-27,"Commercial and Services","Longhorn Publishers",2,2.27,618439874,5600
2024-07-02,"Commercial and Services","Longhorn Publishers",2,2.06,561227374,25000
2024-07-18,"Commercial and Services","Longhorn Publishers",3,2.4,653857135,500
2024-07-29,"Commercial and Services","Longhorn Publishers",2,2.49,678376778,200
2024-08-01,"Commercial and Services","Longhorn Publishers",3,2.3,626613088,800
2024-08-12,"Commercial and Services","Longhorn Publishers",3,2.08,566676184,100
2024-08-15,"Commercial and Services","Longhorn Publishers",3,2.1,572124993,10000
2024-08-22,"Commercial and Services","Longhorn Publishers",3,2.48,675652373,100
2024-08-26,"Commercial and Services","Longhorn Publishers",2,2.48,675652373,100
2024-09-18,"Commercial and Services","Longhorn Publishers",7,2.3,626613088,100
2024-09-20,"Commercial and Services","Longhorn Publishers",2,2.5,681101183,500
2024-10-17,"Commercial and Services","Longhorn Publishers",2,2.5,681101183,500
2024-10-22,"Commercial and Services","Longhorn Publishers",2,2.28,621164278,3200
2024-10-24,"Commercial and Services","Longhorn Publishers",2,2.3,626613088,7700
2024-10-29,"Commercial and Services","Longhorn Publishers",3,2.3,626613088,2600
2024-11-15,"Commercial and Services","Longhorn Publishers",5,2.5,681101183,1500
2024-12-09,"Commercial and Services","Longhorn Publishers",2,2.33,634786302,1800
2024-12-19,"Commercial and Services","Longhorn Publishers",2,2.1,572124993,5500
2025-01-02,"Commercial and Services","Longhorn Publishers",4,2.3,626613088,26800
2018-03-27,"Commercial and Services","Nairobi Business Ventures",2,2.45,57820000,6600
2022-11-17,"Commercial and Services","Nairobi Business Ventures",2,3.52,4765066008,8700
2023-01-26,"Commercial and Services","Nairobi Business Ventures",2,3.25,4399563786,9200
2023-06-27,"Commercial and Services","Nairobi Business Ventures",2,3.32,4494323621,31600
2024-09-02,"Commercial and Services","Nairobi Business Ventures",2,2.11,2856332181,51600
2016-09-07,"Commercial and Services","Nation Media Group",2,110.91,21105636528,3849.999632
2016-09-15,"Commercial and Services","Nation Media Group",2,108.18,20586130733,6709.999359
2017-07-27,"Commercial and Services","Nation Media Group",2,100,19029516300,19579.99813
2019-08-05,"Commercial and Services","Nation Media Group",2,41.36,7870607942,549.9999474
2023-12-21,"Commercial and Services","Nation Media Group",2,20,3805903260,68600
2024-01-17,"Commercial and Services","Nation Media Group",2,20,3805903260,600
2024-01-19,"Commercial and Services","Nation Media Group",2,20.05,3815418018,20600
2024-02-13,"Commercial and Services","Nation Media Group",2,20,3805903260,10700
2024-02-19,"Commercial and Services","Nation Media Group",2,20,3805903260,1500
2024-02-23,"Commercial and Services","Nation Media Group",2,20,3805903260,2200
2024-05-07,"Commercial and Services","Nation Media Group",2,20,3805903260,40000
2024-05-27,"Commercial and Services","Nation Media Group",2,20,3805903260,92700
2024-05-30,"Commercial and Services","Nation Media Group",2,20.6,3920080358,3000
2024-06-10,"Commercial and Services","Nation Media Group",3,20,3805903260,36600
2024-07-08,"Commercial and Services","Nation Media Group",2,18.2,3463371967,5000
2024-07-16,"Commercial and Services","Nation Media Group",2,18,3425312934,700
2024-08-09,"Commercial and Services","Nation Media Group",2,15.45,2940060268,9000
2016-08-18,"Commercial and Services","Sameer Africa Ltd",2,3.2,890695658,1300
2016-08-31,"Commercial and Services","Sameer Africa Ltd",3,3.1,862861418,11500
2016-09-22,"Commercial and Services","Sameer Africa Ltd",2,2.5,695855983,1400
2016-09-26,"Commercial and Services","Sameer Africa Ltd",2,2.75,765441581,600
2016-10-07,"Commercial and Services","Sameer Africa Ltd",2,3.05,848944299,1500
2016-10-11,"Commercial and Services","Sameer Africa Ltd",2,2.75,765441581,3100
2016-11-18,"Commercial and Services","Sameer Africa Ltd",2,3,835027179,501900
2016-11-29,"Commercial and Services","Sameer Africa Ltd",2,2.8,779358700,9100
2017-01-19,"Commercial and Services","Sameer Africa Ltd",2,2.8,779358700,1900
2017-01-23,"Commercial and Services","Sameer Africa Ltd",2,2.75,765441581,600
2017-02-14,"Commercial and Services","Sameer Africa Ltd",2,2.7,751524461,600
2017-03-08,"Commercial and Services","Sameer Africa Ltd",3,3.05,848944299,600
2017-03-13,"Commercial and Services","Sameer Africa Ltd",2,2.8,779358700,2800
2017-03-20,"Commercial and Services","Sameer Africa Ltd",2,2.95,821110059,3200
2017-08-10,"Commercial and Services","Sameer Africa Ltd",2,2.55,709773102,1300
2017-08-18,"Commercial and Services","Sameer Africa Ltd",2,2.75,765441581,5500
2017-09-13,"Commercial and Services","Sameer Africa Ltd",2,2.8,779358700,2200
2017-09-25,"Commercial and Services","Sameer Africa Ltd",2,2.7,751524461,4700
2017-10-04,"Commercial and Services","Sameer Africa Ltd",2,2.5,695855983,200
2017-10-18,"Commercial and Services","Sameer Africa Ltd",2,2.7,751524461,700
2017-11-10,"Commercial and Services","Sameer Africa Ltd",2,3.05,848944299,29300
2017-12-13,"Commercial and Services","Sameer Africa Ltd",2,2.7,751524461,2200
2018-03-15,"Commercial and Services","Sameer Africa Ltd",2,2.4,668021743,200
2018-03-29,"Commercial and Services","Sameer Africa Ltd",2,2.3,640187504,10400
2018-04-26,"Commercial and Services","Sameer Africa Ltd",2,2.6,723690222,1300
2018-07-23,"Commercial and Services","Sameer Africa Ltd",2,2.65,737607342,11400
2018-08-23,"Commercial and Services","Sameer Africa Ltd",2,2.75,765441581,600
2018-09-12,"Commercial and Services","Sameer Africa Ltd",2,2.4,668021743,400
2018-09-25,"Commercial and Services","Sameer Africa Ltd",2,2.25,626270384,3500
2018-10-15,"Commercial and Services","Sameer Africa Ltd",2,2.4,668021743,22300
2018-10-23,"Commercial and Services","Sameer Africa Ltd",2,2.35,654104624,1500
2018-12-31,"Commercial and Services","Sameer Africa Ltd",3,1.85,514933427,100
2019-03-26,"Commercial and Services","Sameer Africa Ltd",2,1.97,548334514,11700
2019-04-02,"Commercial and Services","Sameer Africa Ltd",2,1.84,512150003,4900
2019-04-29,"Commercial and Services","Sameer Africa Ltd",2,2,556684786,6100
2019-08-19,"Commercial and Services","Sameer Africa Ltd",2,3.72,1035433702,800
2019-09-09,"Commercial and Services","Sameer Africa Ltd",2,3.35,932447017,3600
2019-09-16,"Commercial and Services","Sameer Africa Ltd",2,3.1,862861418,4600
2019-09-27,"Commercial and Services","Sameer Africa Ltd",2,3.15,876778538,600
2019-10-07,"Commercial and Services","Sameer Africa Ltd",4,3.19,887912234,3600
2019-10-15,"Commercial and Services","Sameer Africa Ltd",2,3.18,885128810,3300
2019-10-23,"Commercial and Services","Sameer Africa Ltd",2,3.22,896262506,200
2019-10-25,"Commercial and Services","Sameer Africa Ltd",2,3.22,896262506,300
2019-10-30,"Commercial and Services","Sameer Africa Ltd",2,3.22,896262506,10900
2019-12-05,"Commercial and Services","Sameer Africa Ltd",2,3.68,1024300006,500
2019-12-10,"Commercial and Services","Sameer Africa Ltd",2,3.6,1002032615,500
2019-12-17,"Commercial and Services","Sameer Africa Ltd",2,3.45,960281256,5500
2019-12-19,"Commercial and Services","Sameer Africa Ltd",2,3.35,932447017,10400
2019-12-31,"Commercial and Services","Sameer Africa Ltd",4,3.45,960281256,200
2020-01-03,"Commercial and Services","Sameer Africa Ltd",2,3.4,946364136,500
2020-02-06,"Commercial and Services","Sameer Africa Ltd",2,2.7,751524461,8300
2020-02-17,"Commercial and Services","Sameer Africa Ltd",2,2.6,723690222,4700
2020-02-20,"Commercial and Services","Sameer Africa Ltd",2,2.57,715339950,17500
2020-02-25,"Commercial and Services","Sameer Africa Ltd",2,2.8,779358700,100
2020-02-28,"Commercial and Services","Sameer Africa Ltd",2,2.56,712556526,1100
2020-03-18,"Commercial and Services","Sameer Africa Ltd",3,2.73,759874733,200
2020-03-26,"Commercial and Services","Sameer Africa Ltd",2,2.29,637404080,1400
2020-04-02,"Commercial and Services","Sameer Africa Ltd",5,2.32,645754352,600
2020-04-14,"Commercial and Services","Sameer Africa Ltd",5,2.21,615136689,900
2020-04-16,"Commercial and Services","Sameer Africa Ltd",2,2.2,612353265,100
2020-04-21,"Commercial and Services","Sameer Africa Ltd",2,2.2,612353265,100
2020-04-23,"Commercial and Services","Sameer Africa Ltd",2,2.11,587302449,2000
2020-04-27,"Commercial and Services","Sameer Africa Ltd",2,2.07,576168754,38800
2020-05-13,"Commercial and Services","Sameer Africa Ltd",2,2.4,668021743,35200
2020-05-19,"Commercial and Services","Sameer Africa Ltd",2,2.7,751524461,1200
2020-06-24,"Commercial and Services","Sameer Africa Ltd",2,3.52,979765223,1300
2020-07-13,"Commercial and Services","Sameer Africa Ltd",2,3.78,1052134246,36300
2020-08-04,"Commercial and Services","Sameer Africa Ltd",3,3.48,968631528,200
2020-08-10,"Commercial and Services","Sameer Africa Ltd",3,3.25,904612777,3300
2020-08-27,"Commercial and Services","Sameer Africa Ltd",3,3.85,1071618213,5200
2020-09-15,"Commercial and Services","Sameer Africa Ltd",2,3.84,1068834789,2000
2020-09-18,"Commercial and Services","Sameer Africa Ltd",2,4,1113369572,100
2020-09-28,"Commercial and Services","Sameer Africa Ltd",2,3.85,1071618213,1200
2020-09-30,"Commercial and Services","Sameer Africa Ltd",2,3.85,1071618213,7800
2020-10-06,"Commercial and Services","Sameer Africa Ltd",2,3.81,1060484517,500
2020-10-13,"Commercial and Services","Sameer Africa Ltd",2,3.6,1002032615,100
2020-10-19,"Commercial and Services","Sameer Africa Ltd",3,3.41,949147560,2600
2020-10-23,"Commercial and Services","Sameer Africa Ltd",2,3.5,974198376,100
2020-10-27,"Commercial and Services","Sameer Africa Ltd",2,3.5,974198376,1400
2020-11-04,"Commercial and Services","Sameer Africa Ltd",2,3,835027179,100
2020-11-09,"Commercial and Services","Sameer Africa Ltd",2,3.39,943580712,9900
2020-11-19,"Commercial and Services","Sameer Africa Ltd",2,3.1,862861418,20000
2020-12-07,"Commercial and Services","Sameer Africa Ltd",2,3,835027179,400
2020-12-09,"Commercial and Services","Sameer Africa Ltd",2,3.15,876778538,200
2020-12-21,"Commercial and Services","Sameer Africa Ltd",2,2.8,779358700,400
2021-01-05,"Commercial and Services","Sameer Africa Ltd",2,3.25,904612777,200
2021-01-19,"Commercial and Services","Sameer Africa Ltd",2,2.95,821110059,300
2021-01-21,"Commercial and Services","Sameer Africa Ltd",2,3.16,879561962,1300
2021-01-28,"Commercial and Services","Sameer Africa Ltd",2,3,835027179,2100
2021-02-04,"Commercial and Services","Sameer Africa Ltd",2,2.9,807192940,600
2021-02-18,"Commercial and Services","Sameer Africa Ltd",2,3.28,912963049,5300
2021-02-25,"Commercial and Services","Sameer Africa Ltd",2,3.5,974198376,100
2021-03-15,"Commercial and Services","Sameer Africa Ltd",4,3.5,974198376,100
2021-03-23,"Commercial and Services","Sameer Africa Ltd",2,3.32,924096745,200
2021-04-09,"Commercial and Services","Sameer Africa Ltd",2,3.36,935230441,1000
2021-04-29,"Commercial and Services","Sameer Africa Ltd",2,3.84,1068834789,700
2021-05-05,"Commercial and Services","Sameer Africa Ltd",2,3.5,974198376,400
2021-05-11,"Commercial and Services","Sameer Africa Ltd",2,3.56,990898919,200
2021-05-20,"Commercial and Services","Sameer Africa Ltd",2,3.65,1015949734,200
2021-06-17,"Commercial and Services","Sameer Africa Ltd",3,3.5,974198376,600
2021-06-21,"Commercial and Services","Sameer Africa Ltd",2,3.51,976981799,1300
2021-06-24,"Commercial and Services","Sameer Africa Ltd",3,3.51,976981799,100
2021-06-28,"Commercial and Services","Sameer Africa Ltd",2,3.51,976981799,7000
2021-07-09,"Commercial and Services","Sameer Africa Ltd",2,3.37,938013864,100
2021-07-13,"Commercial and Services","Sameer Africa Ltd",2,3.4,946364136,500
2021-08-09,"Commercial and Services","Sameer Africa Ltd",2,3.37,938013864,3800
2021-08-17,"Commercial and Services","Sameer Africa Ltd",2,3.29,915746473,2000
2021-09-02,"Commercial and Services","Sameer Africa Ltd",2,3.5,974198376,600
2021-09-20,"Commercial and Services","Sameer Africa Ltd",2,3.4,946364136,5000
2021-11-18,"Commercial and Services","Sameer Africa Ltd",2,2.71,754307885,4500
2021-12-17,"Commercial and Services","Sameer Africa Ltd",3,2.8,779358700,17500
2022-01-07,"Commercial and Services","Sameer Africa Ltd",2,2.78,773791853,600
2022-01-19,"Commercial and Services","Sameer Africa Ltd",2,2.54,706989678,5500
2022-02-01,"Commercial and Services","Sameer Africa Ltd",2,2.67,743174189,100
2022-02-11,"Commercial and Services","Sameer Africa Ltd",3,2.81,782142124,6800
2022-03-17,"Commercial and Services","Sameer Africa Ltd",2,2.45,681938863,2400
2022-03-21,"Commercial and Services","Sameer Africa Ltd",2,2.45,681938863,19000
2022-05-31,"Commercial and Services","Sameer Africa Ltd",2,2.62,729257070,15900
2022-06-13,"Commercial and Services","Sameer Africa Ltd",2,3.1,862861418,3400
2022-07-07,"Commercial and Services","Sameer Africa Ltd",2,3.61,1004816039,1000
2022-07-20,"Commercial and Services","Sameer Africa Ltd",2,3.99,1110586148,700
2022-07-27,"Commercial and Services","Sameer Africa Ltd",2,3.97,1105019300,24100
2022-08-02,"Commercial and Services","Sameer Africa Ltd",2,3.9,1085535333,6600
2022-08-16,"Commercial and Services","Sameer Africa Ltd",3,3.58,996465767,11000
2022-08-19,"Commercial and Services","Sameer Africa Ltd",2,4.04,1124503268,10100
2022-08-25,"Commercial and Services","Sameer Africa Ltd",2,3.7,1029866854,200
2022-09-01,"Commercial and Services","Sameer Africa Ltd",2,3.5,974198376,1400
2022-09-20,"Commercial and Services","Sameer Africa Ltd",2,3.35,932447017,1800
2022-09-30,"Commercial and Services","Sameer Africa Ltd",2,3.3,918529897,300
2022-10-06,"Commercial and Services","Sameer Africa Ltd",3,2.96,823893483,36700
2022-10-26,"Commercial and Services","Sameer Africa Ltd",2,2.88,801626092,2200
2022-11-03,"Commercial and Services","Sameer Africa Ltd",2,2.9,807192940,2800
2022-11-24,"Commercial and Services","Sameer Africa Ltd",2,2.4,668021743,6400
2022-12-02,"Commercial and Services","Sameer Africa Ltd",2,2.55,709773102,1400
2022-12-06,"Commercial and Services","Sameer Africa Ltd",2,2.55,709773102,600
2023-01-17,"Commercial and Services","Sameer Africa Ltd",3,2.27,631837232,1900
2023-02-03,"Commercial and Services","Sameer Africa Ltd",3,2.3,640187504,72500
2023-02-10,"Commercial and Services","Sameer Africa Ltd",2,2.3,640187504,200
2023-02-27,"Commercial and Services","Sameer Africa Ltd",2,2.31,642970928,3100
2023-03-03,"Commercial and Services","Sameer Africa Ltd",2,2.17,604002993,13400
2023-03-16,"Commercial and Services","Sameer Africa Ltd",2,2.17,604002993,2500
2023-04-04,"Commercial and Services","Sameer Africa Ltd",2,2.3,640187504,100
2023-04-12,"Commercial and Services","Sameer Africa Ltd",2,2.23,620703536,300
2023-04-17,"Commercial and Services","Sameer Africa Ltd",2,2.18,606786417,700
2023-05-08,"Commercial and Services","Sameer Africa Ltd",2,2.19,609569841,4300
2023-05-11,"Commercial and Services","Sameer Africa Ltd",2,2.1,584519025,9600
2023-06-06,"Commercial and Services","Sameer Africa Ltd",3,2.37,659671471,3400
2023-06-20,"Commercial and Services","Sameer Africa Ltd",2,2.56,712556526,2700
2023-07-12,"Commercial and Services","Sameer Africa Ltd",2,2.52,701422830,20500
2023-07-20,"Commercial and Services","Sameer Africa Ltd",2,2.77,771008429,300
2023-07-28,"Commercial and Services","Sameer Africa Ltd",2,2.5,695855983,4400
2023-08-07,"Commercial and Services","Sameer Africa Ltd",2,2.65,737607342,5900
2023-08-14,"Commercial and Services","Sameer Africa Ltd",2,2.4,668021743,100
2023-08-21,"Commercial and Services","Sameer Africa Ltd",3,2.13,592869297,500
2023-08-24,"Commercial and Services","Sameer Africa Ltd",2,2.25,626270384,1700
2023-09-11,"Commercial and Services","Sameer Africa Ltd",2,2.59,720906798,900
2023-09-15,"Commercial and Services","Sameer Africa Ltd",2,2.61,726473646,200
2023-10-03,"Commercial and Services","Sameer Africa Ltd",2,2.4,668021743,800
2023-10-11,"Commercial and Services","Sameer Africa Ltd",2,2.64,734823918,300
2023-10-23,"Commercial and Services","Sameer Africa Ltd",2,2.29,637404080,7700
2023-11-03,"Commercial and Services","Sameer Africa Ltd",3,2.32,645754352,900
2023-11-22,"Commercial and Services","Sameer Africa Ltd",2,2.15,598436145,51000
2023-11-24,"Commercial and Services","Sameer Africa Ltd",2,2.35,654104624,300
2023-11-29,"Commercial and Services","Sameer Africa Ltd",3,2.4,668021743,100
2023-12-05,"Commercial and Services","Sameer Africa Ltd",2,2.2,612353265,1000
2023-12-08,"Commercial and Services","Sameer Africa Ltd",3,2.2,612353265,400
2023-12-18,"Commercial and Services","Sameer Africa Ltd",4,2.4,668021743,2100
2023-12-20,"Commercial and Services","Sameer Africa Ltd",2,2.39,665238319,100
2023-12-28,"Commercial and Services","Sameer Africa Ltd",4,2.27,631837232,600
2024-01-04,"Commercial and Services","Sameer Africa Ltd",4,2.09,581735601,1100
2024-01-09,"Commercial and Services","Sameer Africa Ltd",2,2.35,654104624,200
2024-01-11,"Commercial and Services","Sameer Africa Ltd",2,2.35,654104624,100
2024-01-19,"Commercial and Services","Sameer Africa Ltd",2,2.03,565035058,600
2024-02-06,"Commercial and Services","Sameer Africa Ltd",3,2.19,609569841,9300
2024-02-09,"Commercial and Services","Sameer Africa Ltd",2,2.02,562251634,2300
2024-02-14,"Commercial and Services","Sameer Africa Ltd",2,2.15,598436145,600
2024-02-16,"Commercial and Services","Sameer Africa Ltd",2,2.12,590085873,7800
2024-02-23,"Commercial and Services","Sameer Africa Ltd",2,2.15,598436145,100
2024-03-04,"Commercial and Services","Sameer Africa Ltd",5,1.9,528850547,10800
2024-03-12,"Commercial and Services","Sameer Africa Ltd",2,2.26,629053808,1100
2024-03-14,"Commercial and Services","Sameer Africa Ltd",2,2.26,629053808,100
2024-03-27,"Commercial and Services","Sameer Africa Ltd",2,2.35,654104624,2000
2024-04-15,"Commercial and Services","Sameer Africa Ltd",2,2.07,576168754,300
2024-04-25,"Commercial and Services","Sameer Africa Ltd",3,2.12,590085873,200
2024-06-28,"Commercial and Services","Sameer Africa Ltd",2,2.05,570601906,1100
2024-07-15,"Commercial and Services","Sameer Africa Ltd",2,2.22,617920113,100
2024-07-22,"Commercial and Services","Sameer Africa Ltd",2,2.14,595652721,2900
2024-08-21,"Commercial and Services","Sameer Africa Ltd",2,2.31,642970928,100
2024-08-30,"Commercial and Services","Sameer Africa Ltd",2,2.31,642970928,72100
2024-09-05,"Commercial and Services","Sameer Africa Ltd",3,2.4,668021743,500
2024-09-10,"Commercial and Services","Sameer Africa Ltd",2,2.3,640187504,30200
2024-09-12,"Commercial and Services","Sameer Africa Ltd",2,2.32,645754352,2800
2024-10-08,"Commercial and Services","Sameer Africa Ltd",2,2.57,715339950,200
2024-11-06,"Commercial and Services","Sameer Africa Ltd",2,2.39,665238319,6700
2024-11-29,"Commercial and Services","Sameer Africa Ltd",2,2.42,673588591,600
2024-12-24,"Commercial and Services","Sameer Africa Ltd",2,2.35,654104624,4300
2025-01-02,"Commercial and Services","Sameer Africa Ltd",2,2.44,679155439,700
2016-08-10,"Commercial and Services","Standard Group Ltd",6,28,2288490624,2100
2016-08-17,"Commercial and Services","Standard Group Ltd",4,27,2206758816,200
2016-08-22,"Commercial and Services","Standard Group Ltd",2,27,2206758816,100
2016-08-29,"Commercial and Services","Standard Group Ltd",3,25,2043295200,1200
2016-09-14,"Commercial and Services","Standard Group Ltd",2,19.65,1606030027,4900
2016-09-22,"Commercial and Services","Standard Group Ltd",2,19.95,1630549570,3500
2016-09-29,"Commercial and Services","Standard Group Ltd",4,19.5,1593770256,500
2016-10-04,"Commercial and Services","Standard Group Ltd",2,20,1634636160,200
2016-10-07,"Commercial and Services","Standard Group Ltd",2,22,1798099776,200
2016-10-14,"Commercial and Services","Standard Group Ltd",2,21,1716367968,1900
2016-10-25,"Commercial and Services","Standard Group Ltd",3,22.25,1818532728,100
2016-11-01,"Commercial and Services","Standard Group Ltd",5,22.5,1838965680,1400
2016-11-10,"Commercial and Services","Standard Group Ltd",7,22.5,1838965680,200
2016-11-17,"Commercial and Services","Standard Group Ltd",2,22,1798099776,200
2016-11-23,"Commercial and Services","Standard Group Ltd",3,22,1798099776,1200
2016-12-01,"Commercial and Services","Standard Group Ltd",6,21.75,1777666824,1200
2016-12-05,"Commercial and Services","Standard Group Ltd",2,21.5,1757233872,2800
2016-12-09,"Commercial and Services","Standard Group Ltd",3,19.8,1618289798,500
2016-12-16,"Commercial and Services","Standard Group Ltd",2,18,1471172544,5600
2016-12-20,"Commercial and Services","Standard Group Ltd",2,18,1471172544,400
2016-12-22,"Commercial and Services","Standard Group Ltd",2,16.5,1348574832,500
2017-01-03,"Commercial and Services","Standard Group Ltd",5,18,1471172544,500
2017-01-10,"Commercial and Services","Standard Group Ltd",2,18,1471172544,100
2017-01-12,"Commercial and Services","Standard Group Ltd",2,18,1471172544,900
2017-01-18,"Commercial and Services","Standard Group Ltd",4,18.1,1479345725,100
2017-01-20,"Commercial and Services","Standard Group Ltd",2,19.5,1593770256,100
2017-01-25,"Commercial and Services","Standard Group Ltd",3,19.25,1573337304,1700
2017-01-27,"Commercial and Services","Standard Group Ltd",2,19.3,1577423894,1200
2017-02-03,"Commercial and Services","Standard Group Ltd",5,20,1634636160,100
2017-02-09,"Commercial and Services","Standard Group Ltd",4,20,1634636160,100
2017-02-21,"Commercial and Services","Standard Group Ltd",6,19,1552904352,11100
2017-02-28,"Commercial and Services","Standard Group Ltd",2,18.75,1532471400,100
2017-03-02,"Commercial and Services","Standard Group Ltd",2,18.75,1532471400,100
2017-03-06,"Commercial and Services","Standard Group Ltd",2,18,1471172544,2200
2017-03-08,"Commercial and Services","Standard Group Ltd",2,18.75,1532471400,1000
2017-03-17,"Commercial and Services","Standard Group Ltd",2,17.15,1401700507,200
2017-03-21,"Commercial and Services","Standard Group Ltd",2,17.15,1401700507,1000
2017-03-27,"Commercial and Services","Standard Group Ltd",2,18,1471172544,1100
2017-03-31,"Commercial and Services","Standard Group Ltd",2,19.5,1593770256,900
2017-04-06,"Commercial and Services","Standard Group Ltd",3,19.95,1630549570,800
2017-04-25,"Commercial and Services","Standard Group Ltd",5,21.25,1736800920,3400
2017-05-09,"Commercial and Services","Standard Group Ltd",2,26.75,2186325864,1800
2017-05-11,"Commercial and Services","Standard Group Ltd",2,29,2370222432,600
2017-05-16,"Commercial and Services","Standard Group Ltd",2,28.5,2329356528,200
2017-05-19,"Commercial and Services","Standard Group Ltd",2,29,2370222432,500
2017-05-30,"Commercial and Services","Standard Group Ltd",2,33,2697149664,300
2017-06-19,"Commercial and Services","Standard Group Ltd",2,39,3187540512,2000
2017-06-29,"Commercial and Services","Standard Group Ltd",2,37.75,3085375752,200
2017-07-28,"Commercial and Services","Standard Group Ltd",2,35,2860613280,800
2017-08-02,"Commercial and Services","Standard Group Ltd",2,37,3024076896,400
2017-08-17,"Commercial and Services","Standard Group Ltd",8,33.5,2738015568,1600
2017-08-22,"Commercial and Services","Standard Group Ltd",2,35,2860613280,400
2017-09-01,"Commercial and Services","Standard Group Ltd",6,34,2778881472,100
2017-09-05,"Commercial and Services","Standard Group Ltd",2,34,2778881472,100
2017-09-12,"Commercial and Services","Standard Group Ltd",4,33.25,2717582616,1000
2017-09-15,"Commercial and Services","Standard Group Ltd",3,35.75,2921912136,100
2017-09-21,"Commercial and Services","Standard Group Ltd",3,36,2942345088,300
2017-09-29,"Commercial and Services","Standard Group Ltd",2,38.5,3146674608,200
2017-10-05,"Commercial and Services","Standard Group Ltd",2,38.5,3146674608,100
2017-10-12,"Commercial and Services","Standard Group Ltd",4,37.25,3044509848,1300
2017-10-17,"Commercial and Services","Standard Group Ltd",2,36,2942345088,600
2017-10-24,"Commercial and Services","Standard Group Ltd",4,36,2942345088,1000
2017-10-31,"Commercial and Services","Standard Group Ltd",2,36,2942345088,300
2017-11-14,"Commercial and Services","Standard Group Ltd",3,37.5,3064942800,100
2017-11-22,"Commercial and Services","Standard Group Ltd",3,37,3024076896,100
2017-11-30,"Commercial and Services","Standard Group Ltd",3,36.25,2962778040,1500
2017-12-07,"Commercial and Services","Standard Group Ltd",3,33.25,2717582616,800
2017-12-11,"Commercial and Services","Standard Group Ltd",2,36,2942345088,1300
2017-12-19,"Commercial and Services","Standard Group Ltd",2,36.5,2983210992,1700
2018-01-04,"Commercial and Services","Standard Group Ltd",6,33.5,2738015568,200
2018-01-09,"Commercial and Services","Standard Group Ltd",3,30.5,2492820144,1000
2018-01-16,"Commercial and Services","Standard Group Ltd",3,30,2451954240,400
2018-01-19,"Commercial and Services","Standard Group Ltd",2,30,2451954240,100
2018-02-16,"Commercial and Services","Standard Group Ltd",2,33.25,2717582616,100
2018-03-02,"Commercial and Services","Standard Group Ltd",2,32.75,2676716712,2600
2018-03-07,"Commercial and Services","Standard Group Ltd",3,32,2615417856,1800
2018-03-16,"Commercial and Services","Standard Group Ltd",3,34,2778881472,4100
2018-03-20,"Commercial and Services","Standard Group Ltd",2,34,2778881472,1600
2018-03-27,"Commercial and Services","Standard Group Ltd",2,31,2533686048,300
2018-04-11,"Commercial and Services","Standard Group Ltd",2,33.75,2758448520,300
2018-04-24,"Commercial and Services","Standard Group Ltd",2,30.5,2492820144,400
2018-04-26,"Commercial and Services","Standard Group Ltd",2,33.5,2738015568,1000
2018-05-03,"Commercial and Services","Standard Group Ltd",2,34.5,2819747376,100
2018-05-08,"Commercial and Services","Standard Group Ltd",2,34.25,2799314424,100
2018-05-10,"Commercial and Services","Standard Group Ltd",2,34.25,2799314424,400
2018-05-21,"Commercial and Services","Standard Group Ltd",3,32.5,2656283760,200
2018-05-23,"Commercial and Services","Standard Group Ltd",2,32.5,2656283760,200
2018-05-28,"Commercial and Services","Standard Group Ltd",2,32,2615417856,200
2018-06-06,"Commercial and Services","Standard Group Ltd",2,30,2451954240,400
2018-06-12,"Commercial and Services","Standard Group Ltd",3,28.75,2349789480,100
2018-06-19,"Commercial and Services","Standard Group Ltd",3,28.5,2329356528,1100
2018-06-22,"Commercial and Services","Standard Group Ltd",3,27,2206758816,2400
2018-06-29,"Commercial and Services","Standard Group Ltd",2,26.5,2165892912,600
2018-07-03,"Commercial and Services","Standard Group Ltd",2,25.25,2063728152,2800
2018-07-09,"Commercial and Services","Standard Group Ltd",2,25,2043295200,1100
2018-07-13,"Commercial and Services","Standard Group Ltd",2,29.75,2431521288,17000
2018-07-20,"Commercial and Services","Standard Group Ltd",2,32,2615417856,100
2018-08-01,"Commercial and Services","Standard Group Ltd",3,30,2451954240,100
2018-08-07,"Commercial and Services","Standard Group Ltd",2,28,2288490624,200
2018-08-09,"Commercial and Services","Standard Group Ltd",2,30.75,2513253096,100
2018-08-17,"Commercial and Services","Standard Group Ltd",4,30.5,2492820144,300
2018-08-23,"Commercial and Services","Standard Group Ltd",3,31,2533686048,100
2018-08-31,"Commercial and Services","Standard Group Ltd",2,30,2451954240,400
2018-09-05,"Commercial and Services","Standard Group Ltd",2,28.5,2329356528,100
2018-09-12,"Commercial and Services","Standard Group Ltd",4,29,2370222432,500
2018-09-20,"Commercial and Services","Standard Group Ltd",5,27.25,2227191768,400
2018-09-27,"Commercial and Services","Standard Group Ltd",3,28,2288490624,1200
2018-10-02,"Commercial and Services","Standard Group Ltd",2,27.25,2227191768,500
2018-10-09,"Commercial and Services","Standard Group Ltd",2,27.5,2247624720,100
2018-10-15,"Commercial and Services","Standard Group Ltd",2,27.5,2247624720,900
2018-10-17,"Commercial and Services","Standard Group Ltd",2,28.25,2308923576,200
2018-10-25,"Commercial and Services","Standard Group Ltd",2,28,2288490624,100
2018-10-31,"Commercial and Services","Standard Group Ltd",3,30.5,2492820144,200
2018-11-06,"Commercial and Services","Standard Group Ltd",4,30.5,2492820144,1000
2018-11-09,"Commercial and Services","Standard Group Ltd",2,30.5,2492820144,100
2018-11-13,"Commercial and Services","Standard Group Ltd",2,29.75,2431521288,400
2018-11-19,"Commercial and Services","Standard Group Ltd",4,27.5,2247624720,1000
2018-11-21,"Commercial and Services","Standard Group Ltd",2,27.5,2247624720,100
2018-11-26,"Commercial and Services","Standard Group Ltd",3,27.5,2247624720,100
2018-12-06,"Commercial and Services","Standard Group Ltd",3,30,2451954240,6100
2018-12-11,"Commercial and Services","Standard Group Ltd",2,30,2451954240,20600
2018-12-20,"Commercial and Services","Standard Group Ltd",2,28,2288490624,100
2018-12-31,"Commercial and Services","Standard Group Ltd",3,29.5,2411088336,200
2019-01-07,"Commercial and Services","Standard Group Ltd",3,29.9,2443781059,100
2019-01-09,"Commercial and Services","Standard Group Ltd",2,29.6,2419261517,300
2019-01-11,"Commercial and Services","Standard Group Ltd",2,28.7,2345702890,500
2019-01-15,"Commercial and Services","Standard Group Ltd",2,29.25,2390655384,100
2019-01-22,"Commercial and Services","Standard Group Ltd",4,27.2,2223105178,800
2019-01-28,"Commercial and Services","Standard Group Ltd",2,28.45,2325269938,4000
2019-01-31,"Commercial and Services","Standard Group Ltd",2,28.45,2325269938,2900
2019-02-04,"Commercial and Services","Standard Group Ltd",2,28.5,2329356528,100
2019-02-12,"Commercial and Services","Standard Group Ltd",3,27.7,2263971082,500
2019-02-14,"Commercial and Services","Standard Group Ltd",2,28.5,2329356528,100
2019-02-21,"Commercial and Services","Standard Group Ltd",2,26.85,2194499045,6500
2019-02-26,"Commercial and Services","Standard Group Ltd",2,25.5,2084161104,100
2019-03-01,"Commercial and Services","Standard Group Ltd",3,25.5,2084161104,200
2019-03-05,"Commercial and Services","Standard Group Ltd",2,25.5,2084161104,500
2019-03-07,"Commercial and Services","Standard Group Ltd",2,25.5,2084161104,200
2019-03-11,"Commercial and Services","Standard Group Ltd",2,24.75,2022862248,8900
2019-03-15,"Commercial and Services","Standard Group Ltd",2,25,2043295200,300
2019-03-22,"Commercial and Services","Standard Group Ltd",2,26.9,2198585635,600
2019-04-01,"Commercial and Services","Standard Group Ltd",2,24,1961563392,200
2019-04-03,"Commercial and Services","Standard Group Ltd",2,24,1961563392,400
2019-04-12,"Commercial and Services","Standard Group Ltd",2,25.95,2120940418,300
2019-04-26,"Commercial and Services","Standard Group Ltd",2,25,2043295200,100
2019-04-30,"Commercial and Services","Standard Group Ltd",2,25,2043295200,1200
2019-05-06,"Commercial and Services","Standard Group Ltd",2,23.75,1941130440,3700
2019-05-09,"Commercial and Services","Standard Group Ltd",2,24,1961563392,400
2019-05-31,"Commercial and Services","Standard Group Ltd",5,27,2206758816,100
2019-06-04,"Commercial and Services","Standard Group Ltd",2,24.75,2022862248,100
2019-06-18,"Commercial and Services","Standard Group Ltd",2,30,2451954240,300
2019-07-08,"Commercial and Services","Standard Group Ltd",2,27.4,2239451539,600
2019-07-16,"Commercial and Services","Standard Group Ltd",2,27.1,2214931997,100
2019-07-22,"Commercial and Services","Standard Group Ltd",2,27.1,2214931997,100
2019-07-29,"Commercial and Services","Standard Group Ltd",5,28.5,2329356528,100
2019-08-06,"Commercial and Services","Standard Group Ltd",2,29.5,2411088336,11400
2019-08-09,"Commercial and Services","Standard Group Ltd",3,27.1,2214931997,2000
2019-08-14,"Commercial and Services","Standard Group Ltd",2,27.1,2214931997,100
2019-08-19,"Commercial and Services","Standard Group Ltd",2,29.8,2435607878,100
2019-08-27,"Commercial and Services","Standard Group Ltd",5,29,2370222432,200
2019-09-04,"Commercial and Services","Standard Group Ltd",3,28.85,2357962661,2000
2019-09-17,"Commercial and Services","Standard Group Ltd",4,28,2288490624,100
2019-09-20,"Commercial and Services","Standard Group Ltd",2,28,2288490624,200
2019-09-25,"Commercial and Services","Standard Group Ltd",3,27.5,2247624720,400
2019-09-30,"Commercial and Services","Standard Group Ltd",2,25.5,2084161104,500
2019-10-08,"Commercial and Services","Standard Group Ltd",5,27.25,2227191768,400
2019-10-14,"Commercial and Services","Standard Group Ltd",3,26.05,2129113598,1100
2019-10-16,"Commercial and Services","Standard Group Ltd",2,26.5,2165892912,700
2019-10-22,"Commercial and Services","Standard Group Ltd",3,28.65,2341616299,100
2019-10-30,"Commercial and Services","Standard Group Ltd",2,26.55,2169979502,3000
2019-11-11,"Commercial and Services","Standard Group Ltd",8,29.2,2386568794,3000
2019-11-14,"Commercial and Services","Standard Group Ltd",3,26.3,2149546550,1100
2019-11-20,"Commercial and Services","Standard Group Ltd",3,24,1961563392,100
2019-11-25,"Commercial and Services","Standard Group Ltd",3,25,2043295200,600
2019-11-28,"Commercial and Services","Standard Group Ltd",2,26,2125027008,300
2019-12-03,"Commercial and Services","Standard Group Ltd",2,25.9,2116853827,800
2019-12-09,"Commercial and Services","Standard Group Ltd",4,26.5,2165892912,100
2019-12-13,"Commercial and Services","Standard Group Ltd",3,25,2043295200,1800
2019-12-23,"Commercial and Services","Standard Group Ltd",2,27,2206758816,200
2019-12-27,"Commercial and Services","Standard Group Ltd",2,28,2288490624,100
2020-01-06,"Commercial and Services","Standard Group Ltd",4,25.2,2059641562,100
2020-01-13,"Commercial and Services","Standard Group Ltd",3,25.2,2059641562,1000
2020-01-15,"Commercial and Services","Standard Group Ltd",2,27,2206758816,100
2020-01-17,"Commercial and Services","Standard Group Ltd",2,26.3,2149546550,2100
2020-01-22,"Commercial and Services","Standard Group Ltd",3,27,2206758816,100
2020-01-27,"Commercial and Services","Standard Group Ltd",3,26.95,2202672226,100
2020-01-30,"Commercial and Services","Standard Group Ltd",3,26.95,2202672226,200
2020-02-05,"Commercial and Services","Standard Group Ltd",4,26.35,2153633141,1100
2020-02-10,"Commercial and Services","Standard Group Ltd",2,26,2125027008,100
2020-02-17,"Commercial and Services","Standard Group Ltd",2,26.15,2137286779,200
2020-02-21,"Commercial and Services","Standard Group Ltd",2,25.85,2112767237,600
2020-03-02,"Commercial and Services","Standard Group Ltd",2,19.5,1593770256,300
2020-03-04,"Commercial and Services","Standard Group Ltd",2,21.15,1728627739,1500
2020-03-11,"Commercial and Services","Standard Group Ltd",2,21,1716367968,900
2020-03-23,"Commercial and Services","Standard Group Ltd",2,21,1716367968,100
2020-04-09,"Commercial and Services","Standard Group Ltd",10,19.8,1618289798,500
2020-04-15,"Commercial and Services","Standard Group Ltd",2,19.8,1618289798,200
2020-04-17,"Commercial and Services","Standard Group Ltd",2,19.8,1618289798,200
2020-04-23,"Commercial and Services","Standard Group Ltd",4,20,1634636160,200
2020-04-28,"Commercial and Services","Standard Group Ltd",3,20,1634636160,100
2020-05-08,"Commercial and Services","Standard Group Ltd",7,18,1471172544,100
2020-05-13,"Commercial and Services","Standard Group Ltd",2,18.15,1483432315,1300
2020-05-26,"Commercial and Services","Standard Group Ltd",5,20,1634636160,400
2020-06-03,"Commercial and Services","Standard Group Ltd",2,20.25,1655069112,600
2020-06-09,"Commercial and Services","Standard Group Ltd",2,20.8,1700021606,200
2020-06-11,"Commercial and Services","Standard Group Ltd",2,22,1798099776,2500
2020-06-18,"Commercial and Services","Standard Group Ltd",2,22,1798099776,500
2020-06-22,"Commercial and Services","Standard Group Ltd",2,22,1798099776,500
2020-06-26,"Commercial and Services","Standard Group Ltd",2,21.65,1769493643,700
2020-06-30,"Commercial and Services","Standard Group Ltd",2,22,1798099776,200
2020-07-08,"Commercial and Services","Standard Group Ltd",2,21.5,1757233872,1500
2020-07-13,"Commercial and Services","Standard Group Ltd",2,24.1,1969736573,100
2020-07-21,"Commercial and Services","Standard Group Ltd",4,22.45,1834879090,100
2020-07-28,"Commercial and Services","Standard Group Ltd",3,22,1798099776,2000
2020-08-04,"Commercial and Services","Standard Group Ltd",2,24,1961563392,1000
2020-08-07,"Commercial and Services","Standard Group Ltd",3,25,2043295200,200
2020-08-11,"Commercial and Services","Standard Group Ltd",2,23,1879831584,900
2020-08-17,"Commercial and Services","Standard Group Ltd",2,20.3,1659155702,100
2020-08-21,"Commercial and Services","Standard Group Ltd",2,22.5,1838965680,100
2020-08-27,"Commercial and Services","Standard Group Ltd",4,22.5,1838965680,600
2020-09-04,"Commercial and Services","Standard Group Ltd",6,22.5,1838965680,100
2020-09-08,"Commercial and Services","Standard Group Ltd",2,20.25,1655069112,200
2020-09-14,"Commercial and Services","Standard Group Ltd",2,20.2,1650982522,1000
2020-09-16,"Commercial and Services","Standard Group Ltd",2,20.65,1687761835,900
2020-09-28,"Commercial and Services","Standard Group Ltd",7,18.65,1524298219,100
2020-10-16,"Commercial and Services","Standard Group Ltd",14,18.1,1479345725,5000
2020-10-21,"Commercial and Services","Standard Group Ltd",2,19.9,1626462979,100
2020-10-23,"Commercial and Services","Standard Group Ltd",2,21.85,1785840005,100
2020-10-27,"Commercial and Services","Standard Group Ltd",2,24,1961563392,600
2020-11-26,"Commercial and Services","Standard Group Ltd",19,22.8,1863485222,500
2020-12-21,"Commercial and Services","Standard Group Ltd",17,22.8,1863485222,200
2020-12-28,"Commercial and Services","Standard Group Ltd",4,21,1716367968,200
2020-12-31,"Commercial and Services","Standard Group Ltd",2,22.5,1838965680,100
2021-01-06,"Commercial and Services","Standard Group Ltd",3,21,1716367968,200
2021-01-15,"Commercial and Services","Standard Group Ltd",4,22.5,1838965680,100
2021-01-21,"Commercial and Services","Standard Group Ltd",3,22.5,1838965680,500
2021-01-25,"Commercial and Services","Standard Group Ltd",2,21,1716367968,300
2021-01-28,"Commercial and Services","Standard Group Ltd",2,20.5,1675502064,400
2021-02-02,"Commercial and Services","Standard Group Ltd",3,19,1552904352,1200
2021-02-04,"Commercial and Services","Standard Group Ltd",2,18.5,1512038448,100
2021-02-18,"Commercial and Services","Standard Group Ltd",9,19,1552904352,7000
2021-02-23,"Commercial and Services","Standard Group Ltd",3,18,1471172544,100
2021-02-25,"Commercial and Services","Standard Group Ltd",2,18.8,1536557990,500
2021-03-04,"Commercial and Services","Standard Group Ltd",2,19,1552904352,100
2021-03-08,"Commercial and Services","Standard Group Ltd",2,20.35,1663242293,1100
2021-03-17,"Commercial and Services","Standard Group Ltd",7,18.6,1520211629,2300
2021-03-19,"Commercial and Services","Standard Group Ltd",2,20.35,1663242293,100
2021-03-25,"Commercial and Services","Standard Group Ltd",4,21.35,1744974101,600
2021-03-30,"Commercial and Services","Standard Group Ltd",3,21.35,1744974101,800
2021-04-09,"Commercial and Services","Standard Group Ltd",5,20.95,1712281378,100
2021-04-14,"Commercial and Services","Standard Group Ltd",3,20,1634636160,100
2021-04-23,"Commercial and Services","Standard Group Ltd",7,20.55,1679588654,1500
2021-05-12,"Commercial and Services","Standard Group Ltd",3,18,1471172544,1400
2021-05-18,"Commercial and Services","Standard Group Ltd",2,18.1,1479345725,1000
2021-05-24,"Commercial and Services","Standard Group Ltd",2,18.1,1479345725,4600
2021-06-07,"Commercial and Services","Standard Group Ltd",3,16.25,1328141880,100
2021-06-11,"Commercial and Services","Standard Group Ltd",3,15.5,1266843024,100
2021-06-15,"Commercial and Services","Standard Group Ltd",2,15.55,1270929614,26100
2021-06-17,"Commercial and Services","Standard Group Ltd",2,16.7,1364921194,1800
2021-06-29,"Commercial and Services","Standard Group Ltd",2,17.4,1422133459,200
2021-07-02,"Commercial and Services","Standard Group Ltd",3,17,1389440736,100
2021-07-08,"Commercial and Services","Standard Group Ltd",2,18,1471172544,100
2021-07-23,"Commercial and Services","Standard Group Ltd",2,17.5,1430306640,400
2021-07-28,"Commercial and Services","Standard Group Ltd",2,17.5,1430306640,200
2021-07-30,"Commercial and Services","Standard Group Ltd",2,17.5,1430306640,400
2021-08-06,"Commercial and Services","Standard Group Ltd",4,18.55,1516125038,900
2021-08-17,"Commercial and Services","Standard Group Ltd",6,18,1471172544,400
2021-08-19,"Commercial and Services","Standard Group Ltd",2,19.55,1597856846,400
2021-08-23,"Commercial and Services","Standard Group Ltd",2,19,1552904352,1300
2021-08-26,"Commercial and Services","Standard Group Ltd",2,18.35,1499778677,700
2021-09-01,"Commercial and Services","Standard Group Ltd",2,18,1471172544,200
2021-09-08,"Commercial and Services","Standard Group Ltd",2,18,1471172544,1000
2021-09-10,"Commercial and Services","Standard Group Ltd",2,18,1471172544,200
2021-09-21,"Commercial and Services","Standard Group Ltd",4,17.45,1426220050,800
2021-09-29,"Commercial and Services","Standard Group Ltd",6,17.4,1422133459,100
2021-10-06,"Commercial and Services","Standard Group Ltd",5,16.1,1315882109,4400
2021-10-13,"Commercial and Services","Standard Group Ltd",4,17.1,1397613917,200
2021-10-19,"Commercial and Services","Standard Group Ltd",2,16.15,1319968699,600
2021-11-04,"Commercial and Services","Standard Group Ltd",2,16,1307708928,300
2021-11-09,"Commercial and Services","Standard Group Ltd",2,16,1307708928,600
2021-11-12,"Commercial and Services","Standard Group Ltd",2,16,1307708928,300
2021-11-18,"Commercial and Services","Standard Group Ltd",2,14.7,1201457578,2800
2021-11-25,"Commercial and Services","Standard Group Ltd",2,15,1225977120,100
2021-12-14,"Commercial and Services","Standard Group Ltd",2,13.6,1111552589,100
2021-12-28,"Commercial and Services","Standard Group Ltd",5,13.55,1107465998,100
2022-01-06,"Commercial and Services","Standard Group Ltd",7,14.9,1217803939,100
2022-01-11,"Commercial and Services","Standard Group Ltd",3,15.5,1266843024,100
2022-01-14,"Commercial and Services","Standard Group Ltd",2,15.5,1266843024,100
2022-01-20,"Commercial and Services","Standard Group Ltd",3,14.2,1160591674,1000
2022-01-28,"Commercial and Services","Standard Group Ltd",2,14.85,1213717349,10600
2022-02-07,"Commercial and Services","Standard Group Ltd",2,15.5,1266843024,500
2022-02-16,"Commercial and Services","Standard Group Ltd",4,15,1225977120,300
2022-02-22,"Commercial and Services","Standard Group Ltd",2,15,1225977120,1200
2022-02-24,"Commercial and Services","Standard Group Ltd",2,15,1225977120,200
2022-03-03,"Commercial and Services","Standard Group Ltd",3,14.4,1176938035,1200
2022-03-10,"Commercial and Services","Standard Group Ltd",2,14.3,1168764854,1000
2022-03-22,"Commercial and Services","Standard Group Ltd",4,12.2,997128058,100
2022-03-24,"Commercial and Services","Standard Group Ltd",2,12.2,997128058,1000
2022-03-30,"Commercial and Services","Standard Group Ltd",4,13.4,1095206227,800
2022-04-05,"Commercial and Services","Standard Group Ltd",4,13.1,1070686685,200
2022-04-12,"Commercial and Services","Standard Group Ltd",2,13,1062513504,2300
2022-04-20,"Commercial and Services","Standard Group Ltd",2,13,1062513504,200
2022-04-26,"Commercial and Services","Standard Group Ltd",2,12,980781696,4900
2022-05-04,"Commercial and Services","Standard Group Ltd",2,13,1062513504,100
2022-05-13,"Commercial and Services","Standard Group Ltd",2,13,1062513504,1000
2022-05-20,"Commercial and Services","Standard Group Ltd",2,12.95,1058426914,100
2022-05-24,"Commercial and Services","Standard Group Ltd",2,12.95,1058426914,1000
2022-05-30,"Commercial and Services","Standard Group Ltd",2,12.9,1054340323,300
2022-06-08,"Commercial and Services","Standard Group Ltd",2,12.5,1021647600,100
2022-06-13,"Commercial and Services","Standard Group Ltd",3,11.55,944002382,2300
2022-06-20,"Commercial and Services","Standard Group Ltd",4,12.35,1009387829,200
2022-06-22,"Commercial and Services","Standard Group Ltd",2,12.35,1009387829,300
2022-06-27,"Commercial and Services","Standard Group Ltd",3,12.35,1009387829,200
2022-07-07,"Commercial and Services","Standard Group Ltd",3,12.95,1058426914,300
2022-07-21,"Commercial and Services","Standard Group Ltd",3,12.9,1054340323,100
2022-07-29,"Commercial and Services","Standard Group Ltd",5,12.5,1021647600,100
2022-08-03,"Commercial and Services","Standard Group Ltd",2,12.5,1021647600,900
2022-08-05,"Commercial and Services","Standard Group Ltd",2,13.15,1074773275,300
2022-08-15,"Commercial and Services","Standard Group Ltd",3,13.5,1103379408,2100
2022-08-19,"Commercial and Services","Standard Group Ltd",2,13.5,1103379408,1200
2022-08-24,"Commercial and Services","Standard Group Ltd",3,14.7,1201457578,500
2022-08-29,"Commercial and Services","Standard Group Ltd",3,13.3,1087033046,1000
2022-09-05,"Commercial and Services","Standard Group Ltd",5,13.5,1103379408,700
2022-09-12,"Commercial and Services","Standard Group Ltd",2,14.3,1168764854,600
2022-09-19,"Commercial and Services","Standard Group Ltd",2,12.35,1009387829,600
2022-09-22,"Commercial and Services","Standard Group Ltd",2,12.55,1025734190,300
2022-10-03,"Commercial and Services","Standard Group Ltd",4,12.25,1001214648,1400
2022-10-13,"Commercial and Services","Standard Group Ltd",2,11.45,935829202,10600
2022-10-21,"Commercial and Services","Standard Group Ltd",2,10.95,894963298,2200
2022-10-27,"Commercial and Services","Standard Group Ltd",2,10.65,870443755,800
2022-10-31,"Commercial and Services","Standard Group Ltd",2,10.1,825491261,200
2022-11-14,"Commercial and Services","Standard Group Ltd",3,11,899049888,300
2022-11-18,"Commercial and Services","Standard Group Ltd",2,10.95,894963298,100
2022-11-22,"Commercial and Services","Standard Group Ltd",2,10.95,894963298,500
2022-11-28,"Commercial and Services","Standard Group Ltd",2,9.5,776452176,300
2022-12-08,"Commercial and Services","Standard Group Ltd",2,10,817318080,100
2022-12-13,"Commercial and Services","Standard Group Ltd",2,10,817318080,100
2022-12-16,"Commercial and Services","Standard Group Ltd",2,10.3,841837622,400
2022-12-29,"Commercial and Services","Standard Group Ltd",2,10.45,854097394,400
2023-01-04,"Commercial and Services","Standard Group Ltd",2,9.42,769913631,200
2023-01-10,"Commercial and Services","Standard Group Ltd",3,8.74,714336002,100
2023-01-23,"Commercial and Services","Standard Group Ltd",4,9.6,784625357,100
2023-02-02,"Commercial and Services","Standard Group Ltd",2,10.5,858183984,100
2023-02-06,"Commercial and Services","Standard Group Ltd",2,10.5,858183984,600
2023-02-09,"Commercial and Services","Standard Group Ltd",2,10.45,854097394,400
2023-02-16,"Commercial and Services","Standard Group Ltd",2,10.15,829577851,700
2023-02-24,"Commercial and Services","Standard Group Ltd",3,10.25,837751032,600
2023-03-07,"Commercial and Services","Standard Group Ltd",5,9.8,800971718,100
2023-03-21,"Commercial and Services","Standard Group Ltd",2,9.4,768278995,100
2023-04-03,"Commercial and Services","Standard Group Ltd",2,9,735586272,300
2023-04-17,"Commercial and Services","Standard Group Ltd",2,8.94,730682364,800
2023-04-24,"Commercial and Services","Standard Group Ltd",2,9.48,774817540,600
2023-04-26,"Commercial and Services","Standard Group Ltd",2,9.5,776452176,500
2023-05-03,"Commercial and Services","Standard Group Ltd",2,9.2,751932634,100
2023-05-05,"Commercial and Services","Standard Group Ltd",2,9.1,743759453,300
2023-05-12,"Commercial and Services","Standard Group Ltd",5,9.7,792798538,1000
2023-05-17,"Commercial and Services","Standard Group Ltd",3,8.8,719239910,100
2023-06-02,"Commercial and Services","Standard Group Ltd",2,9.04,738855544,100
2023-06-07,"Commercial and Services","Standard Group Ltd",2,9.04,738855544,100
2023-06-15,"Commercial and Services","Standard Group Ltd",4,9.8,800971718,200
2023-06-21,"Commercial and Services","Standard Group Ltd",3,9,735586272,100
2023-06-23,"Commercial and Services","Standard Group Ltd",2,9.04,738855544,100
2023-07-04,"Commercial and Services","Standard Group Ltd",2,9.5,776452176,100
2023-07-10,"Commercial and Services","Standard Group Ltd",2,9.48,774817540,100
2023-07-25,"Commercial and Services","Standard Group Ltd",2,8.46,691451096,700
2023-07-27,"Commercial and Services","Standard Group Ltd",2,8.22,671835462,1400
2023-08-08,"Commercial and Services","Standard Group Ltd",2,8.5,694720368,500
2023-08-14,"Commercial and Services","Standard Group Ltd",2,8.68,709432093,600
2023-08-23,"Commercial and Services","Standard Group Ltd",6,8.52,696355004,500
2023-08-29,"Commercial and Services","Standard Group Ltd",3,8.3,678374006,100
2023-09-04,"Commercial and Services","Standard Group Ltd",2,8.16,666931553,100
2023-09-12,"Commercial and Services","Standard Group Ltd",3,8.68,709432093,300
2023-09-25,"Commercial and Services","Standard Group Ltd",3,7.16,585199745,1000
2023-09-28,"Commercial and Services","Standard Group Ltd",2,7.16,585199745,300
2023-10-09,"Commercial and Services","Standard Group Ltd",3,7.16,585199745,100
2023-10-16,"Commercial and Services","Standard Group Ltd",2,7.76,634238830,600
2023-10-18,"Commercial and Services","Standard Group Ltd",2,7.7,629334922,100
2023-10-23,"Commercial and Services","Standard Group Ltd",2,7.7,629334922,100
2023-10-25,"Commercial and Services","Standard Group Ltd",2,7.7,629334922,100
2023-10-31,"Commercial and Services","Standard Group Ltd",4,6.94,567218748,200
2023-11-07,"Commercial and Services","Standard Group Ltd",2,6.56,536160661,200
2023-11-22,"Commercial and Services","Standard Group Ltd",2,7.02,573757292,400
2023-11-27,"Commercial and Services","Standard Group Ltd",2,8.18,668566189,100
2023-12-04,"Commercial and Services","Standard Group Ltd",4,7.92,647315919,1300
2023-12-20,"Commercial and Services","Standard Group Ltd",10,7.06,577026565,200
2024-01-08,"Commercial and Services","Standard Group Ltd",8,7.74,632604194,100
2024-01-12,"Commercial and Services","Standard Group Ltd",4,7.74,632604194,3000
2024-01-23,"Commercial and Services","Standard Group Ltd",7,7.86,642412011,1000
2024-01-25,"Commercial and Services","Standard Group Ltd",2,7.8,637508102,200
2024-02-14,"Commercial and Services","Standard Group Ltd",12,7.6,621161741,100
2024-02-20,"Commercial and Services","Standard Group Ltd",4,6.84,559045567,400
2024-02-26,"Commercial and Services","Standard Group Ltd",3,7.18,586834381,200
2024-03-05,"Commercial and Services","Standard Group Ltd",2,6,490390848,100
2024-03-08,"Commercial and Services","Standard Group Ltd",3,5.5,449524944,300
2024-03-18,"Commercial and Services","Standard Group Ltd",2,6.5,531256752,300
2024-03-20,"Commercial and Services","Standard Group Ltd",2,5.96,487121576,1000
2024-03-25,"Commercial and Services","Standard Group Ltd",2,5.9,482217667,2800
2024-04-02,"Commercial and Services","Standard Group Ltd",2,6.5,531256752,500
2024-04-11,"Commercial and Services","Standard Group Ltd",2,6.8,555776294,8500
2024-04-24,"Commercial and Services","Standard Group Ltd",5,6.5,531256752,200
2024-05-02,"Commercial and Services","Standard Group Ltd",3,6.74,550872386,300
2024-05-14,"Commercial and Services","Standard Group Ltd",3,6.26,511641118,800
2024-05-21,"Commercial and Services","Standard Group Ltd",3,6.26,511641118,100
2024-05-23,"Commercial and Services","Standard Group Ltd",2,6.48,529622116,300
2024-05-28,"Commercial and Services","Standard Group Ltd",3,6.18,505102573,100
2024-05-31,"Commercial and Services","Standard Group Ltd",2,6.62,541064569,600
2024-06-04,"Commercial and Services","Standard Group Ltd",2,6.68,545968477,400
2024-06-07,"Commercial and Services","Standard Group Ltd",2,6.78,554141658,200
2024-06-21,"Commercial and Services","Standard Group Ltd",2,6.52,532891388,900
2024-07-05,"Commercial and Services","Standard Group Ltd",6,6.76,552507022,200
2024-07-09,"Commercial and Services","Standard Group Ltd",2,6.74,550872386,200
2024-07-16,"Commercial and Services","Standard Group Ltd",2,6.76,552507022,200
2024-07-23,"Commercial and Services","Standard Group Ltd",4,6.6,539429933,100
2024-08-02,"Commercial and Services","Standard Group Ltd",2,5.94,485486940,100
2024-08-06,"Commercial and Services","Standard Group Ltd",2,5.92,483852303,200
2024-08-08,"Commercial and Services","Standard Group Ltd",2,5.38,439717127,200
2024-08-12,"Commercial and Services","Standard Group Ltd",2,5.38,439717127,100
2024-08-19,"Commercial and Services","Standard Group Ltd",3,6.14,501833301,400
2024-08-21,"Commercial and Services","Standard Group Ltd",2,6.46,527987480,200
2024-08-26,"Commercial and Services","Standard Group Ltd",3,6.4,523083571,100
2024-09-04,"Commercial and Services","Standard Group Ltd",7,6.2,506737210,300
2024-09-10,"Commercial and Services","Standard Group Ltd",2,5.76,470775214,1700
2024-09-18,"Commercial and Services","Standard Group Ltd",4,5.6,457698125,100
2024-10-02,"Commercial and Services","Standard Group Ltd",3,6,490390848,900
2024-10-24,"Commercial and Services","Standard Group Ltd",2,6,490390848,200
2024-11-07,"Commercial and Services","Standard Group Ltd",2,5.88,480583031,800
2024-12-11,"Commercial and Services","Standard Group Ltd",5,5.16,421736129,400
2024-12-17,"Commercial and Services","Standard Group Ltd",3,5.16,421736129,500
2024-12-30,"Commercial and Services","Standard Group Ltd",2,5,408659040,3800
2016-08-08,"Commercial and Services","TPS Serena",3,19.5,3552395106,3100
2016-08-12,"Commercial and Services","TPS Serena",2,20.5,3734569214,1500
2016-08-16,"Commercial and Services","TPS Serena",2,20.25,3689025687,900
2016-08-23,"Commercial and Services","TPS Serena",2,20,3643482160,1800
2016-08-29,"Commercial and Services","TPS Serena",2,17.1,3115177247,2700
2016-09-09,"Commercial and Services","TPS Serena",2,17.15,3124285952,11700
2016-09-23,"Commercial and Services","TPS Serena",2,18,3279133944,501000
2016-10-05,"Commercial and Services","TPS Serena",2,17.65,3215373006,400
2016-10-18,"Commercial and Services","TPS Serena",3,18.35,3342894882,700
2016-11-10,"Commercial and Services","TPS Serena",2,18,3279133944,7800
2016-11-14,"Commercial and Services","TPS Serena",2,19,3461308052,100
2016-11-17,"Commercial and Services","TPS Serena",2,18.15,3306460060,6100
2016-12-16,"Commercial and Services","TPS Serena",2,19.45,3543286401,600
2017-01-04,"Commercial and Services","TPS Serena",4,20.5,3734569214,100
2017-01-06,"Commercial and Services","TPS Serena",2,20,3643482160,400
2017-01-20,"Commercial and Services","TPS Serena",2,19.2,3497742874,22900
2017-01-31,"Commercial and Services","TPS Serena",3,20.5,3734569214,46600
2017-02-13,"Commercial and Services","TPS Serena",2,18.7,3406655820,900
2017-02-16,"Commercial and Services","TPS Serena",2,20,3643482160,100
2017-03-06,"Commercial and Services","TPS Serena",2,22.5,4098917430,17300
2017-04-05,"Commercial and Services","TPS Serena",3,23.5,4281091538,5e+05
2017-04-10,"Commercial and Services","TPS Serena",3,24.75,4508809173,500
2017-04-21,"Commercial and Services","TPS Serena",2,23,4190004484,2000
2017-05-05,"Commercial and Services","TPS Serena",2,22.75,4144460957,5200
2017-05-18,"Commercial and Services","TPS Serena",2,22.75,4144460957,4100
2017-05-22,"Commercial and Services","TPS Serena",2,24.5,4463265646,100
2017-06-02,"Commercial and Services","TPS Serena",2,21.75,3962286849,3200
2017-06-12,"Commercial and Services","TPS Serena",3,23,4190004484,200
2017-06-27,"Commercial and Services","TPS Serena",2,25,4554352700,1700
2017-06-30,"Commercial and Services","TPS Serena",2,22.25,4053373903,17800
2017-08-03,"Commercial and Services","TPS Serena",2,23.25,4235548011,1000
2017-08-14,"Commercial and Services","TPS Serena",5,27.5,5009787970,300
2017-09-05,"Commercial and Services","TPS Serena",2,26,4736526808,1500
2017-09-12,"Commercial and Services","TPS Serena",2,28,5100875024,500
2017-09-21,"Commercial and Services","TPS Serena",2,26,4736526808,100
2017-10-11,"Commercial and Services","TPS Serena",2,27,4918700916,4000
2017-10-23,"Commercial and Services","TPS Serena",2,27.5,5009787970,2000
2017-11-01,"Commercial and Services","TPS Serena",4,29.5,5374136186,2000
2017-11-03,"Commercial and Services","TPS Serena",2,29.75,5419679713,13800
2017-11-14,"Commercial and Services","TPS Serena",4,26,4736526808,440000
2017-11-23,"Commercial and Services","TPS Serena",2,28,5100875024,4000
2017-11-30,"Commercial and Services","TPS Serena",2,28,5100875024,200
2017-12-05,"Commercial and Services","TPS Serena",2,30,5465223240,3000
2017-12-29,"Commercial and Services","TPS Serena",3,32.5,5920658510,100
2018-02-05,"Commercial and Services","TPS Serena",2,36,6558267888,1000
2018-02-12,"Commercial and Services","TPS Serena",2,35.25,6421637307,1445500
2018-02-22,"Commercial and Services","TPS Serena",2,35,6376093780,8500
2018-02-27,"Commercial and Services","TPS Serena",2,35,6376093780,9000
2018-03-09,"Commercial and Services","TPS Serena",2,35.75,6512724361,3700
2018-03-19,"Commercial and Services","TPS Serena",2,34.75,6330550253,3100
2018-04-04,"Commercial and Services","TPS Serena",2,34.75,6330550253,1100
2018-04-13,"Commercial and Services","TPS Serena",4,33.25,6057289091,3400
2018-04-23,"Commercial and Services","TPS Serena",2,32,5829571456,1000
2018-05-03,"Commercial and Services","TPS Serena",2,32,5829571456,2000
2018-05-08,"Commercial and Services","TPS Serena",2,32,5829571456,900
2018-05-17,"Commercial and Services","TPS Serena",2,32,5829571456,700
2018-05-22,"Commercial and Services","TPS Serena",3,30.75,5601853821,1100
2018-06-08,"Commercial and Services","TPS Serena",2,30,5465223240,1700
2018-06-26,"Commercial and Services","TPS Serena",2,34,6193919672,100
2018-07-13,"Commercial and Services","TPS Serena",3,28,5100875024,9600
2018-07-19,"Commercial and Services","TPS Serena",2,27.75,5055331497,27600
2018-07-23,"Commercial and Services","TPS Serena",2,27.75,5055331497,400
2018-07-27,"Commercial and Services","TPS Serena",3,28,5100875024,28000
2018-08-01,"Commercial and Services","TPS Serena",2,28,5100875024,11300
2018-08-07,"Commercial and Services","TPS Serena",2,27,4918700916,7500
2018-08-13,"Commercial and Services","TPS Serena",2,25,4554352700,1400
2018-08-15,"Commercial and Services","TPS Serena",2,25,4554352700,400
2018-08-31,"Commercial and Services","TPS Serena",3,25,4554352700,500
2018-09-07,"Commercial and Services","TPS Serena",2,24,4372178592,500
2018-09-20,"Commercial and Services","TPS Serena",5,24,4372178592,500
2018-10-02,"Commercial and Services","TPS Serena",3,26,4736526808,200
2018-10-05,"Commercial and Services","TPS Serena",2,23,4190004484,1800
2018-10-11,"Commercial and Services","TPS Serena",2,23,4190004484,1200
2018-10-19,"Commercial and Services","TPS Serena",2,24,4372178592,1200
2018-11-06,"Commercial and Services","TPS Serena",2,23.75,4326635065,2700
2018-11-09,"Commercial and Services","TPS Serena",2,23.75,4326635065,400
2018-11-22,"Commercial and Services","TPS Serena",3,22.75,4144460957,3300
2018-11-27,"Commercial and Services","TPS Serena",2,22.5,4098917430,1000
2018-11-30,"Commercial and Services","TPS Serena",3,21.15,3852982384,1700
2018-12-04,"Commercial and Services","TPS Serena",2,21,3825656268,8800
2018-12-06,"Commercial and Services","TPS Serena",2,21.1,3843873679,4800
2018-12-20,"Commercial and Services","TPS Serena",2,22,4007830376,22900
2018-12-24,"Commercial and Services","TPS Serena",2,20.5,3734569214,1100
2018-12-31,"Commercial and Services","TPS Serena",2,23,4190004484,1100
2019-01-04,"Commercial and Services","TPS Serena",2,24.4,4445048235,8900
2019-01-10,"Commercial and Services","TPS Serena",4,23.5,4281091538,10600
2019-01-22,"Commercial and Services","TPS Serena",3,24,4372178592,2100
2019-01-24,"Commercial and Services","TPS Serena",2,23,4190004484,900
2019-01-29,"Commercial and Services","TPS Serena",2,22.1,4026047787,42600
2019-02-05,"Commercial and Services","TPS Serena",4,22.6,4117134841,3100
2019-02-11,"Commercial and Services","TPS Serena",2,23.25,4235548011,200
2019-02-27,"Commercial and Services","TPS Serena",4,23.95,4363069887,2800
2019-03-07,"Commercial and Services","TPS Serena",2,21.8,3971395554,3800
2019-04-02,"Commercial and Services","TPS Serena",2,20.3,3698134392,1100
2019-04-08,"Commercial and Services","TPS Serena",2,21.5,3916743322,10000
2019-04-18,"Commercial and Services","TPS Serena",2,21.5,3916743322,6400
2019-04-25,"Commercial and Services","TPS Serena",3,21.5,3916743322,1200
2019-05-03,"Commercial and Services","TPS Serena",3,22,4007830376,500
2019-05-09,"Commercial and Services","TPS Serena",2,21,3825656268,5100
2019-05-15,"Commercial and Services","TPS Serena",2,20.95,3816547563,100
2019-05-17,"Commercial and Services","TPS Serena",2,20.15,3670808276,1300
2019-05-22,"Commercial and Services","TPS Serena",3,20.15,3670808276,1800
2019-05-27,"Commercial and Services","TPS Serena",2,20.15,3670808276,600
2019-07-08,"Commercial and Services","TPS Serena",2,19.55,3561503811,1600
2019-07-17,"Commercial and Services","TPS Serena",4,19.5,3552395106,2000
2019-07-26,"Commercial and Services","TPS Serena",4,19.95,3634373455,1000
2019-07-30,"Commercial and Services","TPS Serena",2,20,3643482160,600
2019-08-01,"Commercial and Services","TPS Serena",2,19.8,3607047338,1600
2019-08-06,"Commercial and Services","TPS Serena",3,18.55,3379329703,4500
2019-08-14,"Commercial and Services","TPS Serena",3,19,3461308052,3700
2019-08-16,"Commercial and Services","TPS Serena",2,18.95,3452199347,1300
2019-08-29,"Commercial and Services","TPS Serena",2,15.6,2841916085,100
2019-09-09,"Commercial and Services","TPS Serena",2,17.9,3260916533,900
2019-09-11,"Commercial and Services","TPS Serena",2,17.05,3106068541,2000
2019-09-17,"Commercial and Services","TPS Serena",3,17.8,3242699122,600
2019-09-30,"Commercial and Services","TPS Serena",4,19.25,3506851579,1500
2019-10-03,"Commercial and Services","TPS Serena",2,19.85,3616156044,600
2019-10-07,"Commercial and Services","TPS Serena",2,18,3279133944,700
2019-10-30,"Commercial and Services","TPS Serena",4,18,3279133944,2500
2019-11-05,"Commercial and Services","TPS Serena",2,16.55,3014981487,12700
2019-11-11,"Commercial and Services","TPS Serena",2,17.3,3151612068,1400
2019-11-20,"Commercial and Services","TPS Serena",3,15.8,2878350906,2900
2019-11-22,"Commercial and Services","TPS Serena",2,16,2914785728,900
2019-12-03,"Commercial and Services","TPS Serena",4,16.5,3005872782,1000
2019-12-05,"Commercial and Services","TPS Serena",2,16.5,3005872782,200
2019-12-18,"Commercial and Services","TPS Serena",2,17.6,3206264301,600
2019-12-20,"Commercial and Services","TPS Serena",2,17,3096959836,1300
2019-12-30,"Commercial and Services","TPS Serena",3,17.6,3206264301,3900
2020-01-03,"Commercial and Services","TPS Serena",2,17.55,3197155595,200
2020-01-07,"Commercial and Services","TPS Serena",2,17,3096959836,4200
2020-01-09,"Commercial and Services","TPS Serena",2,17.55,3197155595,100
2020-01-20,"Commercial and Services","TPS Serena",2,17.8,3242699122,1200
2020-01-30,"Commercial and Services","TPS Serena",2,18,3279133944,1800
2020-02-03,"Commercial and Services","TPS Serena",2,17.25,3142503363,1000
2020-02-05,"Commercial and Services","TPS Serena",2,18.6,3388438409,13000
2020-02-07,"Commercial and Services","TPS Serena",2,18.55,3379329703,9100
2020-02-14,"Commercial and Services","TPS Serena",2,17.1,3115177247,7400
2020-02-18,"Commercial and Services","TPS Serena",2,17.2,3133394658,600
2020-02-25,"Commercial and Services","TPS Serena",2,17.1,3115177247,5000
2020-02-28,"Commercial and Services","TPS Serena",2,17,3096959836,7800
2020-03-05,"Commercial and Services","TPS Serena",3,15.5,2823698674,3100
2020-03-09,"Commercial and Services","TPS Serena",2,14.05,2559546217,3100
2020-03-18,"Commercial and Services","TPS Serena",2,13.4,2441133047,400
2020-03-25,"Commercial and Services","TPS Serena",2,13.1,2386480815,1500
2020-03-30,"Commercial and Services","TPS Serena",2,11.5,2095002242,5200
2020-04-01,"Commercial and Services","TPS Serena",2,12.6,2295393761,1000
2020-04-15,"Commercial and Services","TPS Serena",3,15.8,2878350906,1000
2020-04-21,"Commercial and Services","TPS Serena",3,15,2732611620,100
2020-04-28,"Commercial and Services","TPS Serena",2,15,2732611620,6100
2020-05-13,"Commercial and Services","TPS Serena",3,14.25,2595981039,22000
2020-05-20,"Commercial and Services","TPS Serena",5,14.25,2595981039,200
2020-05-26,"Commercial and Services","TPS Serena",2,12.5,2277176350,1500
2020-06-02,"Commercial and Services","TPS Serena",2,13.2,2404698226,20400
2020-06-08,"Commercial and Services","TPS Serena",3,14.3,2605089744,100
2020-06-29,"Commercial and Services","TPS Serena",3,14.4,2623307155,2900
2020-07-01,"Commercial and Services","TPS Serena",2,14.15,2577763628,800
2020-07-09,"Commercial and Services","TPS Serena",2,12.6,2295393761,2300
2020-07-13,"Commercial and Services","TPS Serena",2,12.6,2295393761,100
2020-07-17,"Commercial and Services","TPS Serena",2,13.4,2441133047,13200
2020-07-28,"Commercial and Services","TPS Serena",2,13.5,2459350458,1200
2020-08-05,"Commercial and Services","TPS Serena",4,13.5,2459350458,300
2020-08-07,"Commercial and Services","TPS Serena",2,14.5,2641524566,500
2020-08-25,"Commercial and Services","TPS Serena",2,14.9,2714394209,6600
2020-09-02,"Commercial and Services","TPS Serena",3,14.9,2714394209,11900
2020-09-04,"Commercial and Services","TPS Serena",2,15.5,2823698674,3300
2020-09-11,"Commercial and Services","TPS Serena",4,15.5,2823698674,100
2020-09-16,"Commercial and Services","TPS Serena",3,15.5,2823698674,1000
2020-09-21,"Commercial and Services","TPS Serena",2,15.6,2841916085,200
2020-09-29,"Commercial and Services","TPS Serena",5,15.45,2814589969,1000
2020-10-06,"Commercial and Services","TPS Serena",2,13.95,2541328807,14000
2020-10-13,"Commercial and Services","TPS Serena",2,14.65,2668850682,500
2020-10-15,"Commercial and Services","TPS Serena",2,14.65,2668850682,200
2020-10-22,"Commercial and Services","TPS Serena",2,16,2914785728,1100
2020-10-30,"Commercial and Services","TPS Serena",4,14.45,2632415861,1400
2020-11-05,"Commercial and Services","TPS Serena",4,14.95,2723502915,1600
2020-11-11,"Commercial and Services","TPS Serena",4,15.05,2741720325,1000
2020-11-17,"Commercial and Services","TPS Serena",2,14.1,2568654923,8900
2020-11-26,"Commercial and Services","TPS Serena",2,14.95,2723502915,100
2020-11-30,"Commercial and Services","TPS Serena",2,13.95,2541328807,4100
2020-12-08,"Commercial and Services","TPS Serena",6,13.95,2541328807,1600
2020-12-10,"Commercial and Services","TPS Serena",2,14.15,2577763628,100
2020-12-14,"Commercial and Services","TPS Serena",2,14.9,2714394209,2000
2020-12-16,"Commercial and Services","TPS Serena",2,15.6,2841916085,13400
2020-12-21,"Commercial and Services","TPS Serena",3,15.5,2823698674,400
2020-12-28,"Commercial and Services","TPS Serena",4,15,2732611620,7000
2021-01-06,"Commercial and Services","TPS Serena",3,16,2914785728,2200
2021-01-08,"Commercial and Services","TPS Serena",2,16.5,3005872782,1000
2021-01-14,"Commercial and Services","TPS Serena",2,16,2914785728,900
2021-01-21,"Commercial and Services","TPS Serena",2,17,3096959836,900
2021-01-29,"Commercial and Services","TPS Serena",2,15.65,2851024790,1000
2021-02-02,"Commercial and Services","TPS Serena",2,16,2914785728,2100
2021-02-15,"Commercial and Services","TPS Serena",2,14.5,2641524566,5200
2021-02-23,"Commercial and Services","TPS Serena",3,15.55,2832807379,50100
2021-03-03,"Commercial and Services","TPS Serena",2,16.05,2923894433,14900
2021-03-08,"Commercial and Services","TPS Serena",2,16.05,2923894433,400
2021-03-24,"Commercial and Services","TPS Serena",2,18,3279133944,106100
2021-04-07,"Commercial and Services","TPS Serena",2,17,3096959836,100
2021-04-09,"Commercial and Services","TPS Serena",2,17.1,3115177247,200
2021-04-19,"Commercial and Services","TPS Serena",2,15.4,2805481263,500
2021-04-26,"Commercial and Services","TPS Serena",5,16.8,3060525014,400
2021-04-28,"Commercial and Services","TPS Serena",2,15.5,2823698674,700
2021-05-07,"Commercial and Services","TPS Serena",3,14.8,2696176798,1400
2021-05-17,"Commercial and Services","TPS Serena",2,14.75,2687068093,1000
2021-05-24,"Commercial and Services","TPS Serena",2,14.5,2641524566,2300
2021-06-03,"Commercial and Services","TPS Serena",3,13.85,2523111396,2500
2021-06-23,"Commercial and Services","TPS Serena",4,14,2550437512,247300
2021-07-02,"Commercial and Services","TPS Serena",2,14,2550437512,25000
2021-07-15,"Commercial and Services","TPS Serena",2,14.9,2714394209,100
2021-07-30,"Commercial and Services","TPS Serena",2,14.75,2687068093,3500
2021-08-19,"Commercial and Services","TPS Serena",3,14.4,2623307155,1000
2021-08-24,"Commercial and Services","TPS Serena",3,15,2732611620,6400
2021-08-30,"Commercial and Services","TPS Serena",2,15,2732611620,34400
2021-09-01,"Commercial and Services","TPS Serena",2,14.05,2559546217,400
2021-09-07,"Commercial and Services","TPS Serena",3,15,2732611620,13400
2021-09-10,"Commercial and Services","TPS Serena",2,14.95,2723502915,100
2021-09-15,"Commercial and Services","TPS Serena",2,15,2732611620,300
2021-09-24,"Commercial and Services","TPS Serena",2,15.35,2796372558,1000
2021-10-01,"Commercial and Services","TPS Serena",2,16,2914785728,3000
2021-10-08,"Commercial and Services","TPS Serena",2,16.5,3005872782,400
2021-10-13,"Commercial and Services","TPS Serena",2,16,2914785728,800
2021-11-02,"Commercial and Services","TPS Serena",2,15.5,2823698674,500
2021-11-04,"Commercial and Services","TPS Serena",2,16,2914785728,300
2021-11-10,"Commercial and Services","TPS Serena",2,16.85,3069633720,3400
2021-11-29,"Commercial and Services","TPS Serena",2,14.2,2586872334,10400
2021-12-01,"Commercial and Services","TPS Serena",2,15.4,2805481263,46200
2021-12-08,"Commercial and Services","TPS Serena",2,14,2550437512,100
2021-12-24,"Commercial and Services","TPS Serena",7,15.25,2778155147,20200
2022-01-10,"Commercial and Services","TPS Serena",7,15.25,2778155147,300
2022-01-20,"Commercial and Services","TPS Serena",2,14,2550437512,1200
2022-02-01,"Commercial and Services","TPS Serena",6,14.55,2650633271,400
2022-02-03,"Commercial and Services","TPS Serena",2,15.35,2796372558,100
2022-02-07,"Commercial and Services","TPS Serena",2,14,2550437512,22500
2022-02-21,"Commercial and Services","TPS Serena",2,12.8,2331828582,2100
2022-03-02,"Commercial and Services","TPS Serena",2,13,2368263404,137100
2022-03-17,"Commercial and Services","TPS Serena",3,12.55,2286285055,700
2022-03-21,"Commercial and Services","TPS Serena",2,11.65,2122328358,5800
2022-03-29,"Commercial and Services","TPS Serena",4,11.75,2140545769,500
2022-04-01,"Commercial and Services","TPS Serena",3,11.7,2131437064,600
2022-04-06,"Commercial and Services","TPS Serena",2,11.75,2140545769,1200
2022-04-13,"Commercial and Services","TPS Serena",2,12.85,2340937288,200
2022-04-20,"Commercial and Services","TPS Serena",2,12,2186089296,838000
2022-04-25,"Commercial and Services","TPS Serena",2,12,2186089296,900
2022-05-04,"Commercial and Services","TPS Serena",2,12.55,2286285055,3700
2022-05-09,"Commercial and Services","TPS Serena",2,11.75,2140545769,1000
2022-05-16,"Commercial and Services","TPS Serena",2,12.45,2268067645,300
2022-05-20,"Commercial and Services","TPS Serena",4,12,2186089296,600
2022-06-09,"Commercial and Services","TPS Serena",2,12.7,2313611172,1700
2022-06-13,"Commercial and Services","TPS Serena",2,12.95,2359154699,200
2022-06-28,"Commercial and Services","TPS Serena",3,12.6,2295393761,1300
2022-07-07,"Commercial and Services","TPS Serena",6,13.8,2514002690,900
2022-07-13,"Commercial and Services","TPS Serena",3,13.5,2459350458,1700
2022-07-18,"Commercial and Services","TPS Serena",2,14.85,2705285504,1000
2022-07-21,"Commercial and Services","TPS Serena",3,14.7,2677959388,100
2022-07-25,"Commercial and Services","TPS Serena",2,14.7,2677959388,200
2022-07-27,"Commercial and Services","TPS Serena",2,16,2914785728,1100
2022-08-02,"Commercial and Services","TPS Serena",2,17,3096959836,100
2022-08-19,"Commercial and Services","TPS Serena",2,16.7,3042307604,2400
2022-08-24,"Commercial and Services","TPS Serena",3,17.5,3188046890,100
2022-08-26,"Commercial and Services","TPS Serena",2,16.95,3087851131,300
2022-08-31,"Commercial and Services","TPS Serena",3,17,3096959836,100
2022-09-02,"Commercial and Services","TPS Serena",2,16.45,2996764077,600
2022-09-12,"Commercial and Services","TPS Serena",6,16.2,2951220550,1000
2022-09-16,"Commercial and Services","TPS Serena",2,16.4,2987655371,200
2022-09-20,"Commercial and Services","TPS Serena",2,14.8,2696176798,1200
2022-10-17,"Commercial and Services","TPS Serena",3,14,2550437512,10200
2022-10-21,"Commercial and Services","TPS Serena",2,14.45,2632415861,100
2022-11-04,"Commercial and Services","TPS Serena",2,15,2732611620,2000
2022-11-10,"Commercial and Services","TPS Serena",2,14.7,2677959388,10100
2022-11-15,"Commercial and Services","TPS Serena",2,14,2550437512,10000
2022-11-21,"Commercial and Services","TPS Serena",2,14,2550437512,300
2022-12-07,"Commercial and Services","TPS Serena",3,12.35,2249850234,3300
2022-12-14,"Commercial and Services","TPS Serena",4,12,2186089296,1500
2022-12-21,"Commercial and Services","TPS Serena",2,10.85,1976589072,7200
2022-12-23,"Commercial and Services","TPS Serena",2,11.9,2167871885,400
2023-01-10,"Commercial and Services","TPS Serena",2,13,2368263404,300
2023-01-18,"Commercial and Services","TPS Serena",5,12.45,2268067645,1300
2023-01-20,"Commercial and Services","TPS Serena",2,12,2186089296,2000
2023-01-27,"Commercial and Services","TPS Serena",2,12,2186089296,400
2023-02-01,"Commercial and Services","TPS Serena",2,13,2368263404,1000
2023-02-13,"Commercial and Services","TPS Serena",7,13.8,2514002690,800
2023-02-15,"Commercial and Services","TPS Serena",2,13.8,2514002690,1900
2023-02-22,"Commercial and Services","TPS Serena",5,13.8,2514002690,2400
2023-02-24,"Commercial and Services","TPS Serena",2,12.5,2277176350,1100
2023-03-10,"Commercial and Services","TPS Serena",2,13.45,2450241753,1300
2023-03-15,"Commercial and Services","TPS Serena",2,13.6,2477567869,651100
2023-03-21,"Commercial and Services","TPS Serena",3,13.35,2432024342,5300
2023-04-03,"Commercial and Services","TPS Serena",2,14,2550437512,15000
2023-04-19,"Commercial and Services","TPS Serena",6,14.65,2668850682,1000
2023-04-24,"Commercial and Services","TPS Serena",2,14.65,2668850682,28000
2023-04-27,"Commercial and Services","TPS Serena",3,14.6,2659741977,900
2023-05-08,"Commercial and Services","TPS Serena",2,14.5,2641524566,100
2023-05-11,"Commercial and Services","TPS Serena",3,14.9,2714394209,100
2023-05-17,"Commercial and Services","TPS Serena",3,13.5,2459350458,2800
2023-05-22,"Commercial and Services","TPS Serena",3,12.2,2222524118,200
2023-05-24,"Commercial and Services","TPS Serena",2,12.5,2277176350,3600
2023-06-05,"Commercial and Services","TPS Serena",2,12.5,2277176350,300
2023-06-22,"Commercial and Services","TPS Serena",4,11.8,2149654474,100
2023-06-30,"Commercial and Services","TPS Serena",5,11.65,2122328358,500
2023-07-05,"Commercial and Services","TPS Serena",3,11.65,2122328358,1500
2023-07-10,"Commercial and Services","TPS Serena",3,12.5,2277176350,700
2023-07-13,"Commercial and Services","TPS Serena",2,12.45,2268067645,1500
2023-07-20,"Commercial and Services","TPS Serena",2,11.7,2131437064,53200
2023-07-25,"Commercial and Services","TPS Serena",2,12,2186089296,29600
2023-08-02,"Commercial and Services","TPS Serena",4,11.5,2095002242,40000
2023-08-15,"Commercial and Services","TPS Serena",2,11,2003915188,500
2023-08-18,"Commercial and Services","TPS Serena",2,11.5,2095002242,8000
2023-08-30,"Commercial and Services","TPS Serena",2,11.55,2104110947,1700
2023-09-05,"Commercial and Services","TPS Serena",2,11.5,2095002242,2300
2023-09-07,"Commercial and Services","TPS Serena",2,12.2,2222524118,500
2023-09-21,"Commercial and Services","TPS Serena",3,14.2,2586872334,3000
2023-09-26,"Commercial and Services","TPS Serena",2,12.8,2331828582,1400
2023-09-28,"Commercial and Services","TPS Serena",2,11.6,2113219653,1200
2023-10-06,"Commercial and Services","TPS Serena",4,11.6,2113219653,100
2023-10-12,"Commercial and Services","TPS Serena",2,13,2368263404,30000
2023-10-18,"Commercial and Services","TPS Serena",2,12,2186089296,200
2023-10-26,"Commercial and Services","TPS Serena",2,12,2186089296,100
2023-10-30,"Commercial and Services","TPS Serena",2,11.25,2049458715,400
2023-11-06,"Commercial and Services","TPS Serena",2,11.5,2095002242,200
2023-12-01,"Commercial and Services","TPS Serena",3,12.25,2231632823,1700
2023-12-05,"Commercial and Services","TPS Serena",2,13.4,2441133047,400
2023-12-15,"Commercial and Services","TPS Serena",4,13.8,2514002690,3500
2023-12-20,"Commercial and Services","TPS Serena",2,14,2550437512,900
2023-12-28,"Commercial and Services","TPS Serena",2,16.45,2996764077,1000
2024-01-02,"Commercial and Services","TPS Serena",2,16.25,2960329255,700
2024-01-12,"Commercial and Services","TPS Serena",7,16.4,2987655371,25600
2024-01-23,"Commercial and Services","TPS Serena",6,15.1,2750829031,68000
2024-01-29,"Commercial and Services","TPS Serena",2,15.8,2878350906,300
2024-02-02,"Commercial and Services","TPS Serena",4,15,2732611620,7200
2024-02-15,"Commercial and Services","TPS Serena",2,16,2914785728,139800
2024-02-19,"Commercial and Services","TPS Serena",2,15,2732611620,600
2024-02-23,"Commercial and Services","TPS Serena",3,14.9,2714394209,5300
2024-03-01,"Commercial and Services","TPS Serena",5,14.9,2714394209,100
2024-03-05,"Commercial and Services","TPS Serena",2,16,2914785728,118500
2024-03-08,"Commercial and Services","TPS Serena",2,15.5,2823698674,300
2024-03-13,"Commercial and Services","TPS Serena",3,15,2732611620,8000
2024-03-18,"Commercial and Services","TPS Serena",2,14,2550437512,3700
2024-03-20,"Commercial and Services","TPS Serena",2,14.4,2623307155,7000
2024-04-12,"Commercial and Services","TPS Serena",2,15.7,2860133496,600
2024-04-17,"Commercial and Services","TPS Serena",2,18.35,3342894882,10700
2024-04-25,"Commercial and Services","TPS Serena",5,19.85,3616156044,5900
2024-05-02,"Commercial and Services","TPS Serena",2,18,3279133944,100
2024-05-08,"Commercial and Services","TPS Serena",2,15.8,2878350906,100
2024-05-30,"Commercial and Services","TPS Serena",2,14.2,2586872334,700
2024-06-24,"Commercial and Services","TPS Serena",3,14.8,2696176798,10600
2024-07-05,"Commercial and Services","TPS Serena",5,14,2550437512,100
2024-07-17,"Commercial and Services","TPS Serena",2,14,2550437512,100
2024-07-19,"Commercial and Services","TPS Serena",2,14.2,2586872334,5500
2024-07-24,"Commercial and Services","TPS Serena",2,14.1,2568654923,300
2024-08-06,"Commercial and Services","TPS Serena",2,12.55,2286285055,3600
2024-08-22,"Commercial and Services","TPS Serena",2,13.25,2413806931,200
2024-08-26,"Commercial and Services","TPS Serena",2,12.3,2240741528,6900
2024-09-03,"Commercial and Services","TPS Serena",2,12.2,2222524118,300
2024-09-12,"Commercial and Services","TPS Serena",2,13.4,2441133047,6100
2024-09-18,"Commercial and Services","TPS Serena",2,13.45,2450241753,2600
2024-09-25,"Commercial and Services","TPS Serena",2,12.35,2249850234,900
2024-09-30,"Commercial and Services","TPS Serena",2,14.1,2568654923,100
2024-11-08,"Commercial and Services","TPS Serena",2,13.9,2532220101,700
2024-11-21,"Commercial and Services","TPS Serena",4,14.9,2714394209,1000
2024-11-25,"Commercial and Services","TPS Serena",2,13.8,2514002690,7000
2024-11-29,"Commercial and Services","TPS Serena",2,14.2,2586872334,6200
2024-12-09,"Commercial and Services","TPS Serena",2,13.65,2486676574,8400
2024-12-11,"Commercial and Services","TPS Serena",2,13.65,2486676574,500
2024-12-23,"Commercial and Services","TPS Serena",3,14.4,2623307155,300
2016-10-19,"Commercial and Services","Uchumi Supermarkets",2,3.3,1204366733,36700
2017-02-28,"Commercial and Services","Uchumi Supermarkets",2,2.6,948895002,15900
2017-05-30,"Commercial and Services","Uchumi Supermarkets",2,2.25,821159136,192000
2017-07-13,"Commercial and Services","Uchumi Supermarkets",2,2.65,967142982,822700
2017-10-19,"Commercial and Services","Uchumi Supermarkets",2,3.2,1167870771,19400
2018-10-02,"Commercial and Services","Uchumi Supermarkets",2,0.9,328463654,67500
2019-02-11,"Commercial and Services","Uchumi Supermarkets",2,0.84,306566077,11600
2019-03-08,"Commercial and Services","Uchumi Supermarkets",2,0.55,200727789,48400
2019-03-15,"Commercial and Services","Uchumi Supermarkets",2,0.59,215326173,3400
2019-03-20,"Commercial and Services","Uchumi Supermarkets",2,0.56,204377385,3800
2019-08-22,"Commercial and Services","Uchumi Supermarkets",2,0.31,113137481,2100
2020-02-28,"Commercial and Services","Uchumi Supermarkets",2,0.29,105838289,110000
2020-03-30,"Commercial and Services","Uchumi Supermarkets",2,0.29,105838289,91200
2020-10-29,"Commercial and Services","Uchumi Supermarkets",2,0.27,98539096,26800
2021-12-10,"Commercial and Services","Uchumi Supermarkets",2,0.23,83940712,7100
2021-12-31,"Commercial and Services","Uchumi Supermarkets",2,0.24,87590308,1000
2022-03-17,"Commercial and Services","Uchumi Supermarkets",2,0.22,80291116,10800
2022-06-21,"Commercial and Services","Uchumi Supermarkets",2,0.17,62043135,33900
2022-07-20,"Commercial and Services","Uchumi Supermarkets",2,0.2,72991923,6800
2022-07-27,"Commercial and Services","Uchumi Supermarkets",2,0.2,72991923,4500
2023-01-13,"Commercial and Services","Uchumi Supermarkets",2,0.22,80291116,30000
2023-02-13,"Commercial and Services","Uchumi Supermarkets",2,0.19,69342327,72500
2023-08-10,"Commercial and Services","Uchumi Supermarkets",2,0.21,76641519,34900
2023-08-14,"Commercial and Services","Uchumi Supermarkets",2,0.19,69342327,64200
2023-09-07,"Commercial and Services","Uchumi Supermarkets",2,0.19,69342327,9300
2023-11-29,"Commercial and Services","Uchumi Supermarkets",2,0.18,65692731,1300
2023-12-01,"Commercial and Services","Uchumi Supermarkets",2,0.19,69342327,32100
2023-12-06,"Commercial and Services","Uchumi Supermarkets",2,0.2,72991923,101100
2023-12-19,"Commercial and Services","Uchumi Supermarkets",2,0.19,69342327,700
2016-12-19,"Commercial and Services","WWP Scangroup",2,17.1,7389867344,3900
2016-12-30,"Commercial and Services","WWP Scangroup",3,18.15,7843631128,1300
2017-02-03,"Commercial and Services","WWP Scangroup",2,16.75,7238612749,90600
2017-02-07,"Commercial and Services","WWP Scangroup",2,16.55,7152181552,300
2017-09-13,"Commercial and Services","WWP Scangroup",2,19,8210963715,8300
2017-10-24,"Commercial and Services","WWP Scangroup",2,17.5,7562729738,1800
2017-10-31,"Commercial and Services","WWP Scangroup",2,18.05,7800415529,30600
2017-12-29,"Commercial and Services","WWP Scangroup",2,19,8210963715,10200
2018-01-03,"Commercial and Services","WWP Scangroup",2,18.6,8038101321,1200
2018-02-01,"Commercial and Services","WWP Scangroup",2,17.4,7519514139,512400
2018-04-05,"Commercial and Services","WWP Scangroup",2,16.1,6957711359,800
2018-08-16,"Commercial and Services","WWP Scangroup",2,15.25,6590378771,18100
2018-09-14,"Commercial and Services","WWP Scangroup",2,16.25,7022534756,1600
2018-10-01,"Commercial and Services","WWP Scangroup",2,15.7,6784848965,200
2018-10-25,"Commercial and Services","WWP Scangroup",2,13.95,6028575991,23700
2018-11-20,"Commercial and Services","WWP Scangroup",3,14.35,6201438385,3200
2018-12-27,"Commercial and Services","WWP Scangroup",2,13,5618027805,600
2018-12-31,"Commercial and Services","WWP Scangroup",2,14,6050183790,1600
2019-01-14,"Commercial and Services","WWP Scangroup",2,12.8,5531596608,1100
2019-01-18,"Commercial and Services","WWP Scangroup",2,13.05,5639635604,500
2019-01-23,"Commercial and Services","WWP Scangroup",2,13.5,5834105798,6400
2019-02-06,"Commercial and Services","WWP Scangroup",2,13,5618027805,1200
2019-03-28,"Commercial and Services","WWP Scangroup",2,12,5185871820,800
2019-04-02,"Commercial and Services","WWP Scangroup",2,12,5185871820,1700
2019-08-13,"Commercial and Services","WWP Scangroup",2,12.9,5574812207,4700
2019-12-02,"Commercial and Services","WWP Scangroup",2,17.85,7713984332,1000
2020-01-27,"Commercial and Services","WWP Scangroup",2,18.6,8038101321,6100
2020-04-03,"Commercial and Services","WWP Scangroup",2,15.8,6828064563,2200
2020-04-15,"Commercial and Services","WWP Scangroup",3,16,6914495760,200
2020-05-19,"Commercial and Services","WWP Scangroup",2,17,7346651745,62800
2020-05-27,"Commercial and Services","WWP Scangroup",2,17.15,7411475143,600
2020-07-02,"Commercial and Services","WWP Scangroup",2,17.25,7454690741,188800
2023-09-29,"Commercial and Services","WWP Scangroup",2,2.72,1175464279,100
2023-12-20,"Commercial and Services","WWP Scangroup",2,2.02,872955090,200
2023-12-29,"Commercial and Services","WWP Scangroup",2,2.18,942100047,400
2024-01-11,"Commercial and Services","WWP Scangroup",2,2.34,1011245005,6000
2024-02-05,"Commercial and Services","WWP Scangroup",2,2.5,1080389963,13500
2024-07-19,"Commercial and Services","WWP Scangroup",2,2.14,924813808,900
2024-07-23,"Commercial and Services","WWP Scangroup",2,2.19,946421607,10700
2024-08-19,"Commercial and Services","WWP Scangroup",2,2.1,907527569,25500
2024-11-15,"Commercial and Services","WWP Scangroup",2,2.22,959386287,48800
2024-12-06,"Commercial and Services","WWP Scangroup",2,2.2,950743167,3500
2016-08-09,"Construction and Allied","Crown Paints",3,28.01,1993779810,3812.343697
2016-08-11,"Construction and Allied","Crown Paints",2,27.7,1971713700,18585.17552
2016-08-16,"Construction and Allied","Crown Paints",3,25.81,1837181610,6989.296778
2016-08-19,"Construction and Allied","Crown Paints",2,26.76,1904803560,158.8476541
2016-08-24,"Construction and Allied","Crown Paints",3,28.8,2050012800,317.6953081
2016-09-06,"Construction and Allied","Crown Paints",3,25.81,1837181610,4765.429622
2016-10-06,"Construction and Allied","Crown Paints",8,28.33,2016557730,158.8476541
2016-10-11,"Construction and Allied","Crown Paints",3,28.33,2016557730,158.8476541
2016-10-17,"Construction and Allied","Crown Paints",3,27.38,1948935780,6195.058508
2016-10-28,"Construction and Allied","Crown Paints",3,28.01,1993779810,25892.16761
2016-11-02,"Construction and Allied","Crown Paints",2,26.91,1915480710,23827.14811
2016-11-10,"Construction and Allied","Crown Paints",2,29.59,2106245790,158.8476541
2016-11-14,"Construction and Allied","Crown Paints",2,29.59,2106245790,158.8476541
2016-11-23,"Construction and Allied","Crown Paints",6,26.76,1904803560,1906.171849
2016-11-25,"Construction and Allied","Crown Paints",2,26.44,1882025640,1747.324195
2016-12-02,"Construction and Allied","Crown Paints",2,26.44,1882025640,16361.30837
2016-12-08,"Construction and Allied","Crown Paints",3,26.6,1893414600,635.3906162
2016-12-13,"Construction and Allied","Crown Paints",2,26.6,1893414600,1747.324195
2016-12-20,"Construction and Allied","Crown Paints",3,27.23,1938258630,317.6953081
2016-12-28,"Construction and Allied","Crown Paints",3,27.07,1926869670,158.8476541
2017-01-04,"Construction and Allied","Crown Paints",3,26.44,1882025640,3018.105427
2017-01-12,"Construction and Allied","Crown Paints",2,27.07,1926869670,317.6953081
2017-01-17,"Construction and Allied","Crown Paints",2,26.44,1882025640,476.5429622
2017-01-24,"Construction and Allied","Crown Paints",3,26.44,1882025640,6830.449124
2017-01-26,"Construction and Allied","Crown Paints",2,26.44,1882025640,8101.230357
2017-02-02,"Construction and Allied","Crown Paints",2,26.44,1882025640,5400.820238
2017-02-06,"Construction and Allied","Crown Paints",2,26.44,1882025640,635.3906162
2017-02-13,"Construction and Allied","Crown Paints",3,29.12,2072790720,476.5429622
2017-02-17,"Construction and Allied","Crown Paints",4,27.07,1926869670,317.6953081
2017-02-21,"Construction and Allied","Crown Paints",2,27.54,1960324740,2541.562465
2017-02-24,"Construction and Allied","Crown Paints",2,27.38,1948935780,18585.17552
2017-03-01,"Construction and Allied","Crown Paints",2,26.76,1904803560,476.5429622
2017-03-06,"Construction and Allied","Crown Paints",2,26.44,1882025640,953.0859243
2017-03-14,"Construction and Allied","Crown Paints",4,26.44,1882025640,1429.628886
2017-03-20,"Construction and Allied","Crown Paints",4,28.96,2061401760,158.8476541
2017-03-24,"Construction and Allied","Crown Paints",2,29.12,2072790720,1111.933578
2017-03-31,"Construction and Allied","Crown Paints",3,27.86,1983102660,5241.972584
2017-04-18,"Construction and Allied","Crown Paints",8,27.7,1971713700,59091.32731
2017-04-24,"Construction and Allied","Crown Paints",4,27.86,1983102660,1111.933578
2017-05-05,"Construction and Allied","Crown Paints",2,32.11,2285621910,1358306.29
2017-05-15,"Construction and Allied","Crown Paints",3,32.11,2285621910,2065.019503
2017-05-23,"Construction and Allied","Crown Paints",3,35.25,2509130250,2541.562465
2017-06-07,"Construction and Allied","Crown Paints",2,35.88,2553974280,476.5429622
2017-06-12,"Construction and Allied","Crown Paints",3,35.88,2553974280,2541.562465
2017-06-19,"Construction and Allied","Crown Paints",4,39.03,2778194430,953.0859243
2017-06-22,"Construction and Allied","Crown Paints",2,40.29,2867882490,953.0859243
2017-07-14,"Construction and Allied","Crown Paints",3,45.64,3248700840,554378.3126
2017-07-19,"Construction and Allied","Crown Paints",2,45.33,3226634730,542305.8909
2017-08-15,"Construction and Allied","Crown Paints",4,47.84,3405299040,158.8476541
2017-08-25,"Construction and Allied","Crown Paints",2,47.84,3405299040,15884.76541
2017-08-31,"Construction and Allied","Crown Paints",2,49.1,3494987100,158.8476541
2017-09-18,"Construction and Allied","Crown Paints",4,48.47,3450143070,158.8476541
2017-09-22,"Construction and Allied","Crown Paints",2,47.84,3405299040,317.6953081
2017-09-27,"Construction and Allied","Crown Paints",2,47.84,3405299040,6036.210854
2017-10-04,"Construction and Allied","Crown Paints",2,47.84,3405299040,3176.953081
2017-10-09,"Construction and Allied","Crown Paints",3,47.84,3405299040,12707.81232
2017-10-13,"Construction and Allied","Crown Paints",2,47.84,3405299040,953.0859243
2017-11-03,"Construction and Allied","Crown Paints",3,48.47,3450143070,476.5429622
2017-11-08,"Construction and Allied","Crown Paints",3,48.47,3450143070,794.2382703
2017-11-13,"Construction and Allied","Crown Paints",2,49.73,3539831130,158.8476541
2017-12-01,"Construction and Allied","Crown Paints",2,49.1,3494987100,794.2382703
2017-12-05,"Construction and Allied","Crown Paints",2,47.84,3405299040,9213.163935
2017-12-11,"Construction and Allied","Crown Paints",2,47.84,3405299040,794.2382703
2017-12-15,"Construction and Allied","Crown Paints",3,47.84,3405299040,317.6953081
2017-12-27,"Construction and Allied","Crown Paints",6,47.84,3405299040,953.0859243
2017-12-29,"Construction and Allied","Crown Paints",2,50.36,3584675160,317.6953081
2018-01-03,"Construction and Allied","Crown Paints",2,50.36,3584675160,1588.476541
2018-01-05,"Construction and Allied","Crown Paints",2,49.42,3517765020,16996.69898
2018-01-24,"Construction and Allied","Crown Paints",2,49.1,3494987100,12231.26936
2018-01-26,"Construction and Allied","Crown Paints",2,49.1,3494987100,317.6953081
2018-02-01,"Construction and Allied","Crown Paints",3,49.1,3494987100,4765.429622
2018-02-06,"Construction and Allied","Crown Paints",3,49.1,3494987100,794.2382703
2018-02-15,"Construction and Allied","Crown Paints",2,51.62,3674363220,21126.73799
2018-02-19,"Construction and Allied","Crown Paints",2,50.68,3607453080,3018.105427
2018-02-27,"Construction and Allied","Crown Paints",2,49.1,3494987100,2065.019503
2018-03-16,"Construction and Allied","Crown Paints",2,50.99,3629519190,476.5429622
2018-03-20,"Construction and Allied","Crown Paints",2,50.99,3629519190,3176.953081
2018-03-23,"Construction and Allied","Crown Paints",2,50.99,3629519190,635.3906162
2018-03-28,"Construction and Allied","Crown Paints",2,50.99,3629519190,15725.91775
2018-04-13,"Construction and Allied","Crown Paints",4,50.68,3607453080,158.8476541
2018-04-17,"Construction and Allied","Crown Paints",2,50.68,3607453080,1906.171849
2018-04-23,"Construction and Allied","Crown Paints",2,50.36,3584675160,3971.191351
2018-04-27,"Construction and Allied","Crown Paints",3,53.51,3808895310,476.5429622
2018-05-02,"Construction and Allied","Crown Paints",2,50.36,3584675160,3653.496043
2018-05-04,"Construction and Allied","Crown Paints",2,53.51,3808895310,27321.7965
2018-05-08,"Construction and Allied","Crown Paints",2,50.36,3584675160,794.2382703
2018-05-10,"Construction and Allied","Crown Paints",2,50.36,3584675160,1111.933578
2018-05-16,"Construction and Allied","Crown Paints",2,50.36,3584675160,158.8476541
2018-05-22,"Construction and Allied","Crown Paints",2,52.25,3719207250,4130.039005
2018-05-24,"Construction and Allied","Crown Paints",2,52.25,3719207250,317.6953081
2018-05-29,"Construction and Allied","Crown Paints",2,52.25,3719207250,32404.92143
2018-06-06,"Construction and Allied","Crown Paints",2,53.83,3831673230,1747.324195
2018-06-12,"Construction and Allied","Crown Paints",3,53.83,3831673230,317.6953081
2018-07-05,"Construction and Allied","Crown Paints",2,50.36,3584675160,476.5429622
2018-07-09,"Construction and Allied","Crown Paints",2,50.36,3584675160,794.2382703
2018-07-11,"Construction and Allied","Crown Paints",2,45.33,3226634730,158.8476541
2018-07-18,"Construction and Allied","Crown Paints",3,35.25,2509130250,476.5429622
2018-07-23,"Construction and Allied","Crown Paints",2,32.11,2285621910,953.0859243
2018-07-30,"Construction and Allied","Crown Paints",5,33.99,2419442190,317.6953081
2018-08-06,"Construction and Allied","Crown Paints",2,34.62,2464286220,19220.56614
2018-08-13,"Construction and Allied","Crown Paints",4,36.2,2576752200,953.0859243
2018-08-20,"Construction and Allied","Crown Paints",2,45.33,3226634730,317.6953081
2018-08-23,"Construction and Allied","Crown Paints",2,49.73,3539831130,635.3906162
2018-08-30,"Construction and Allied","Crown Paints",2,49.73,3539831130,158.8476541
2018-09-06,"Construction and Allied","Crown Paints",5,52.57,3741985170,158.8476541
2018-09-14,"Construction and Allied","Crown Paints",6,49.73,3539831130,158.8476541
2018-09-20,"Construction and Allied","Crown Paints",4,50.99,3629519190,51943.18288
2018-10-01,"Construction and Allied","Crown Paints",4,52.88,3764051280,5241.972584
2018-10-15,"Construction and Allied","Crown Paints",5,49.73,3539831130,317.6953081
2018-10-18,"Construction and Allied","Crown Paints",3,53.2,3786829200,8577.773319
2018-11-12,"Construction and Allied","Crown Paints",3,50.36,3584675160,158.8476541
2018-11-15,"Construction and Allied","Crown Paints",2,53.51,3808895310,158.8476541
2018-11-26,"Construction and Allied","Crown Paints",2,50.36,3584675160,158.8476541
2018-12-03,"Construction and Allied","Crown Paints",5,50.36,3584675160,2859.257773
2018-12-18,"Construction and Allied","Crown Paints",2,50.36,3584675160,1429.628886
2019-01-04,"Construction and Allied","Crown Paints",2,50.36,3584675160,794.2382703
2019-01-08,"Construction and Allied","Crown Paints",2,50.36,3584675160,1111.933578
2019-01-15,"Construction and Allied","Crown Paints",3,50.36,3584675160,953.0859243
2019-02-22,"Construction and Allied","Crown Paints",2,50.68,3607453080,794.2382703
2019-03-04,"Construction and Allied","Crown Paints",2,50.36,3584675160,6036.210854
2019-03-08,"Construction and Allied","Crown Paints",2,50.36,3584675160,794.2382703
2019-03-25,"Construction and Allied","Crown Paints",5,50.99,3629519190,6353.906162
2019-04-01,"Construction and Allied","Crown Paints",3,50.99,3629519190,317.6953081
2019-04-08,"Construction and Allied","Crown Paints",2,50.36,3584675160,5241.972584
2019-04-15,"Construction and Allied","Crown Paints",2,50.36,3584675160,158.8476541
2019-04-23,"Construction and Allied","Crown Paints",3,50.99,3629519190,158.8476541
2019-05-02,"Construction and Allied","Crown Paints",5,50.36,3584675160,794.2382703
2019-05-09,"Construction and Allied","Crown Paints",4,53.04,3775440240,5718.515546
2019-05-21,"Construction and Allied","Crown Paints",2,51.94,3697141140,3335.800735
2019-05-24,"Construction and Allied","Crown Paints",3,53.04,3775440240,1906.171849
2019-05-30,"Construction and Allied","Crown Paints",4,52.88,3764051280,1906.171849
2019-06-03,"Construction and Allied","Crown Paints",2,50.36,3584675160,15725.91775
2019-06-11,"Construction and Allied","Crown Paints",4,51.62,3674363220,9530.859243
2019-06-13,"Construction and Allied","Crown Paints",2,51.62,3674363220,1588.476541
2019-06-19,"Construction and Allied","Crown Paints",4,51.62,3674363220,2065.019503
2019-06-26,"Construction and Allied","Crown Paints",2,52.88,3764051280,317.6953081
2019-07-02,"Construction and Allied","Crown Paints",3,54.63,3888618030,3335.800735
2019-07-04,"Construction and Allied","Crown Paints",2,50.36,3584675160,158.8476541
2019-07-08,"Construction and Allied","Crown Paints",2,50.36,3584675160,2065.019503
2019-07-12,"Construction and Allied","Crown Paints",2,53.2,3786829200,158.8476541
2019-07-17,"Construction and Allied","Crown Paints",2,53.2,3786829200,953.0859243
2019-07-23,"Construction and Allied","Crown Paints",3,51.62,3674363220,5400.820238
2019-07-26,"Construction and Allied","Crown Paints",2,50.52,3596064120,476.5429622
2019-07-31,"Construction and Allied","Crown Paints",2,50.36,3584675160,476.5429622
2019-08-06,"Construction and Allied","Crown Paints",2,50.36,3584675160,953.0859243
2019-08-08,"Construction and Allied","Crown Paints",2,50.36,3584675160,9530.859243
2019-08-13,"Construction and Allied","Crown Paints",2,51.62,3674363220,3494.648389
2019-08-20,"Construction and Allied","Crown Paints",5,51.46,3662974260,9689.706897
2019-08-23,"Construction and Allied","Crown Paints",3,50.99,3629519190,5083.12493
2019-08-28,"Construction and Allied","Crown Paints",3,50.36,3584675160,12707.81232
2019-09-10,"Construction and Allied","Crown Paints",2,53.2,3786829200,794.2382703
2019-09-12,"Construction and Allied","Crown Paints",2,53.2,3786829200,1588.476541
2019-09-18,"Construction and Allied","Crown Paints",3,50.36,3584675160,476.5429622
2019-10-01,"Construction and Allied","Crown Paints",9,50.36,3584675160,1588.476541
2019-10-07,"Construction and Allied","Crown Paints",4,45.33,3226634730,317.6953081
2019-10-17,"Construction and Allied","Crown Paints",4,45.33,3226634730,158.8476541
2019-10-23,"Construction and Allied","Crown Paints",3,41.08,2924115480,1111.933578
2019-10-29,"Construction and Allied","Crown Paints",3,39.19,2789583390,794.2382703
2019-10-31,"Construction and Allied","Crown Paints",2,39.03,2778194430,158.8476541
2019-11-07,"Construction and Allied","Crown Paints",5,39.03,2778194430,158.8476541
2019-11-14,"Construction and Allied","Crown Paints",2,39.35,2800972350,317.6953081
2019-11-20,"Construction and Allied","Crown Paints",2,39.03,2778194430,3653.496043
2019-11-27,"Construction and Allied","Crown Paints",5,42.81,3047258610,158.8476541
2019-12-06,"Construction and Allied","Crown Paints",6,40.29,2867882490,1588.476541
2019-12-16,"Construction and Allied","Crown Paints",5,40.29,2867882490,317.6953081
2019-12-19,"Construction and Allied","Crown Paints",3,40.29,2867882490,317.6953081
2019-12-31,"Construction and Allied","Crown Paints",5,39.35,2800972350,158.8476541
2020-01-03,"Construction and Allied","Crown Paints",2,39.35,2800972350,158.8476541
2020-01-07,"Construction and Allied","Crown Paints",2,39.35,2800972350,1270.781232
2020-01-10,"Construction and Allied","Crown Paints",2,42.81,3047258610,158.8476541
2020-01-17,"Construction and Allied","Crown Paints",4,41.23,2934792630,1906.171849
2020-01-21,"Construction and Allied","Crown Paints",2,41.55,2957570550,158.8476541
2020-01-29,"Construction and Allied","Crown Paints",6,40.92,2912726520,5877.3632
2020-02-06,"Construction and Allied","Crown Paints",6,39.03,2778194430,317.6953081
2020-02-18,"Construction and Allied","Crown Paints",7,37.77,2688506370,6512.753816
2020-02-20,"Construction and Allied","Crown Paints",2,40.92,2912726520,158.8476541
2020-02-26,"Construction and Allied","Crown Paints",3,39.03,2778194430,476.5429622
2020-02-28,"Construction and Allied","Crown Paints",2,37.77,2688506370,158.8476541
2020-03-03,"Construction and Allied","Crown Paints",2,40.29,2867882490,158.8476541
2020-03-19,"Construction and Allied","Crown Paints",10,36.51,2598818310,158.8476541
2020-03-23,"Construction and Allied","Crown Paints",2,37.14,2643662340,317.6953081
2020-03-30,"Construction and Allied","Crown Paints",5,36.51,2598818310,953.0859243
2020-04-09,"Construction and Allied","Crown Paints",8,33.37,2375309970,317.6953081
2020-04-16,"Construction and Allied","Crown Paints",3,33.37,2375309970,158.8476541
2020-04-30,"Construction and Allied","Crown Paints",9,33.37,2375309970,158.8476541
2020-05-11,"Construction and Allied","Crown Paints",3,32.11,2285621910,1588.476541
2020-05-14,"Construction and Allied","Crown Paints",3,31.16,2217999960,476.5429622
2020-05-19,"Construction and Allied","Crown Paints",3,28.33,2016557730,158.8476541
2020-05-27,"Construction and Allied","Crown Paints",5,28.33,2016557730,158.8476541
2020-06-04,"Construction and Allied","Crown Paints",2,30.88,2198069280,1111.933578
2020-06-12,"Construction and Allied","Crown Paints",6,30.22,2151089820,635.3906162
2020-06-16,"Construction and Allied","Crown Paints",2,30.66,2182409460,1111.933578
2020-06-18,"Construction and Allied","Crown Paints",2,30.82,2193798420,953.0859243
2020-06-23,"Construction and Allied","Crown Paints",2,30.22,2151089820,476.5429622
2020-06-25,"Construction and Allied","Crown Paints",2,30.82,2193798420,635.3906162
2020-07-02,"Construction and Allied","Crown Paints",4,30.22,2151089820,158.8476541
2020-07-14,"Construction and Allied","Crown Paints",7,30.19,2148954390,476.5429622
2020-07-17,"Construction and Allied","Crown Paints",3,29.53,2101974930,2541.562465
2020-07-23,"Construction and Allied","Crown Paints",4,29.43,2094856830,4924.277276
2020-08-06,"Construction and Allied","Crown Paints",8,29.27,2083467870,7942.382703
2020-08-11,"Construction and Allied","Crown Paints",3,26.76,1904803560,7942.382703
2020-08-13,"Construction and Allied","Crown Paints",2,29.27,2083467870,1588.476541
2020-08-18,"Construction and Allied","Crown Paints",2,29.27,2083467870,23668.30045
2020-08-21,"Construction and Allied","Crown Paints",2,29.24,2081332440,317.6953081
2020-08-26,"Construction and Allied","Crown Paints",3,28.33,2016557730,317.6953081
2020-08-31,"Construction and Allied","Crown Paints",3,28.11,2000897910,317.6953081
2020-09-02,"Construction and Allied","Crown Paints",2,28.01,1993779810,1747.324195
2020-09-08,"Construction and Allied","Crown Paints",4,27.07,1926869670,6353.906162
2020-09-23,"Construction and Allied","Crown Paints",2,27.76,1975984560,476.5429622
2020-09-29,"Construction and Allied","Crown Paints",2,26.44,1882025640,317.6953081
2020-10-02,"Construction and Allied","Crown Paints",3,27.07,1926869670,158.8476541
2020-10-09,"Construction and Allied","Crown Paints",3,26.76,1904803560,3176.953081
2020-10-15,"Construction and Allied","Crown Paints",3,26.72,1901956320,15090.52714
2020-10-19,"Construction and Allied","Crown Paints",2,26.76,1904803560,1588.476541
2020-10-29,"Construction and Allied","Crown Paints",2,25.81,1837181610,953.0859243
2020-11-05,"Construction and Allied","Crown Paints",4,23.92,1702649520,635.3906162
2020-11-11,"Construction and Allied","Crown Paints",4,23.92,1702649520,3335.800735
2020-11-13,"Construction and Allied","Crown Paints",2,25.81,1837181610,317.6953081
2020-11-17,"Construction and Allied","Crown Paints",2,24.55,1747493550,3176.953081
2020-11-24,"Construction and Allied","Crown Paints",5,25.18,1792337580,317.6953081
2020-12-01,"Construction and Allied","Crown Paints",4,24.11,1716173910,11278.18344
2020-12-03,"Construction and Allied","Crown Paints",2,23.86,1698378660,158.8476541
2020-12-09,"Construction and Allied","Crown Paints",3,23.1,1644281100,476.5429622
2020-12-31,"Construction and Allied","Crown Paints",11,23.92,1702649520,1270.781232
2021-01-07,"Construction and Allied","Crown Paints",4,23.92,1702649520,1429.628886
2021-01-14,"Construction and Allied","Crown Paints",3,24.55,1747493550,317.6953081
2021-01-25,"Construction and Allied","Crown Paints",2,25.18,1792337580,5241.972584
2021-01-29,"Construction and Allied","Crown Paints",3,25.18,1792337580,158.8476541
2021-02-12,"Construction and Allied","Crown Paints",7,25.18,1792337580,9689.706897
2021-02-23,"Construction and Allied","Crown Paints",3,24.84,1768136040,20491.34737
2021-03-16,"Construction and Allied","Crown Paints",4,24.87,1770271470,8577.773319
2021-03-18,"Construction and Allied","Crown Paints",2,25.81,1837181610,158.8476541
2021-03-26,"Construction and Allied","Crown Paints",3,24.74,1761017940,158.8476541
2021-03-31,"Construction and Allied","Crown Paints",2,26.38,1877754780,3176.953081
2021-04-07,"Construction and Allied","Crown Paints",3,25.18,1792337580,158.8476541
2021-04-12,"Construction and Allied","Crown Paints",3,26.57,1891279170,2859.257773
2021-04-16,"Construction and Allied","Crown Paints",2,23.92,1702649520,158.8476541
2021-04-20,"Construction and Allied","Crown Paints",2,25.43,1810132830,794.2382703
2021-04-26,"Construction and Allied","Crown Paints",2,23.99,1707632190,158.8476541
2021-04-30,"Construction and Allied","Crown Paints",3,22.66,1612961460,1588.476541
2021-05-06,"Construction and Allied","Crown Paints",2,22.66,1612961460,317.6953081
2021-05-10,"Construction and Allied","Crown Paints",2,24.68,1756747080,1906.171849
2021-05-13,"Construction and Allied","Crown Paints",3,24.68,1756747080,953.0859243
2021-05-21,"Construction and Allied","Crown Paints",2,24.55,1747493550,158.8476541
2021-06-16,"Construction and Allied","Crown Paints",2,39.95,5687361900,300
2021-06-18,"Construction and Allied","Crown Paints",2,38.2,5438228400,200
2021-06-22,"Construction and Allied","Crown Paints",2,40,5694480000,600
2021-06-28,"Construction and Allied","Crown Paints",3,36,5125032000,800
2021-08-19,"Construction and Allied","Crown Paints",2,25.85,3680057700,6500
2021-08-25,"Construction and Allied","Crown Paints",2,26.45,3765474900,2200
2021-09-21,"Construction and Allied","Crown Paints",2,32,4555584000,3800
2021-10-01,"Construction and Allied","Crown Paints",2,28.1,4000372200,200
2021-10-08,"Construction and Allied","Crown Paints",2,30.65,4363395300,4500
2021-10-21,"Construction and Allied","Crown Paints",2,30.6,4356277200,6000
2021-11-05,"Construction and Allied","Crown Paints",2,32,4555584000,400
2021-11-09,"Construction and Allied","Crown Paints",2,33.6,4783363200,1000
2021-11-19,"Construction and Allied","Crown Paints",4,30.5,4342041000,2500
2021-11-24,"Construction and Allied","Crown Paints",3,30.5,4342041000,1300
2021-11-30,"Construction and Allied","Crown Paints",3,30.5,4342041000,1700
2021-12-03,"Construction and Allied","Crown Paints",2,30.6,4356277200,3000
2021-12-07,"Construction and Allied","Crown Paints",2,30.5,4342041000,9700
2021-12-17,"Construction and Allied","Crown Paints",5,31.5,4484403000,100
2021-12-22,"Construction and Allied","Crown Paints",2,30.5,4342041000,3800
2021-12-28,"Construction and Allied","Crown Paints",3,31.95,4548465900,3500
2021-12-31,"Construction and Allied","Crown Paints",3,30.5,4342041000,1100
2022-01-04,"Construction and Allied","Crown Paints",2,30.5,4342041000,900
2022-01-06,"Construction and Allied","Crown Paints",2,30.75,4377631500,1100
2022-01-12,"Construction and Allied","Crown Paints",3,30.5,4342041000,2000
2022-02-04,"Construction and Allied","Crown Paints",3,36.3,5167740600,300
2022-02-08,"Construction and Allied","Crown Paints",2,36.3,5167740600,100
2022-02-15,"Construction and Allied","Crown Paints",5,36,5125032000,500
2022-02-21,"Construction and Allied","Crown Paints",3,36,5125032000,3700
2022-03-10,"Construction and Allied","Crown Paints",2,36,5125032000,6100
2022-03-17,"Construction and Allied","Crown Paints",2,36,5125032000,1000
2022-03-22,"Construction and Allied","Crown Paints",2,36,5125032000,5100
2022-03-31,"Construction and Allied","Crown Paints",4,36,5125032000,1200
2022-04-07,"Construction and Allied","Crown Paints",5,36,5125032000,8600
2022-04-14,"Construction and Allied","Crown Paints",2,38,5409756000,145700
2022-04-20,"Construction and Allied","Crown Paints",2,36,5125032000,1100
2022-04-22,"Construction and Allied","Crown Paints",2,38.15,5431110300,43900
2022-04-28,"Construction and Allied","Crown Paints",2,37,5267394000,400
2022-05-05,"Construction and Allied","Crown Paints",2,39.55,5630417100,300
2022-05-13,"Construction and Allied","Crown Paints",3,38.8,5523645600,400
2022-05-19,"Construction and Allied","Crown Paints",3,38.25,5445346500,1300
2022-06-21,"Construction and Allied","Crown Paints",2,44,6263928000,1200
2022-07-13,"Construction and Allied","Crown Paints",2,39.6,5637535200,1300
2022-07-15,"Construction and Allied","Crown Paints",2,39,5552118000,100
2022-07-22,"Construction and Allied","Crown Paints",2,42.5,6050385000,700
2022-08-03,"Construction and Allied","Crown Paints",2,39,5552118000,4600
2022-08-05,"Construction and Allied","Crown Paints",2,42.75,6085975500,3100
2022-08-12,"Construction and Allied","Crown Paints",2,43.65,6214101300,1800
2022-08-16,"Construction and Allied","Crown Paints",2,42.9,6107329800,500
2022-08-18,"Construction and Allied","Crown Paints",2,42.9,6107329800,1100
2022-08-23,"Construction and Allied","Crown Paints",3,42.9,6107329800,300
2022-08-26,"Construction and Allied","Crown Paints",2,42,5979204000,100
2022-08-30,"Construction and Allied","Crown Paints",2,40,5694480000,1000
2022-09-05,"Construction and Allied","Crown Paints",2,43.15,6142920300,400
2022-09-07,"Construction and Allied","Crown Paints",2,43.6,6206983200,1000
2022-09-14,"Construction and Allied","Crown Paints",3,43.6,6206983200,1400
2022-09-30,"Construction and Allied","Crown Paints",5,39.15,5573472300,100
2022-10-18,"Construction and Allied","Crown Paints",2,41.65,5929377300,600
2022-10-21,"Construction and Allied","Crown Paints",2,41.95,5972085900,200
2022-11-01,"Construction and Allied","Crown Paints",3,40,5694480000,4300
2022-11-09,"Construction and Allied","Crown Paints",2,40.5,5765661000,5100
2022-11-18,"Construction and Allied","Crown Paints",5,39.15,5573472300,2000
2022-11-28,"Construction and Allied","Crown Paints",6,39.15,5573472300,3500
2022-12-02,"Construction and Allied","Crown Paints",2,35,4982670000,800
2022-12-06,"Construction and Allied","Crown Paints",2,35,4982670000,400
2022-12-13,"Construction and Allied","Crown Paints",2,38,5409756000,100
2022-12-16,"Construction and Allied","Crown Paints",2,40.05,5701598100,700
2022-12-22,"Construction and Allied","Crown Paints",4,41.8,5950731600,3200
2022-12-29,"Construction and Allied","Crown Paints",2,41.85,5957849700,200
2023-01-03,"Construction and Allied","Crown Paints",2,41.5,5908023000,500
2023-01-16,"Construction and Allied","Crown Paints",3,39,5552118000,200
2023-01-18,"Construction and Allied","Crown Paints",2,38,5409756000,100
2023-01-20,"Construction and Allied","Crown Paints",2,38,5409756000,600
2023-01-27,"Construction and Allied","Crown Paints",2,39,5552118000,1600
2023-02-03,"Construction and Allied","Crown Paints",3,35.2,5011142400,1000
2023-02-08,"Construction and Allied","Crown Paints",3,35.45,5046732900,2100
2023-02-13,"Construction and Allied","Crown Paints",3,35.3,5025378600,1700
2023-02-23,"Construction and Allied","Crown Paints",5,35.05,4989788100,6700
2023-02-27,"Construction and Allied","Crown Paints",2,35,4982670000,6500
2023-03-02,"Construction and Allied","Crown Paints",3,35,4982670000,300
2023-03-08,"Construction and Allied","Crown Paints",4,38,5409756000,100
2023-03-13,"Construction and Allied","Crown Paints",2,35,4982670000,600
2023-03-15,"Construction and Allied","Crown Paints",2,35,4982670000,1600
2023-03-21,"Construction and Allied","Crown Paints",2,35,4982670000,1600
2023-03-23,"Construction and Allied","Crown Paints",2,38,5409756000,300
2023-03-27,"Construction and Allied","Crown Paints",2,37,5267394000,100
2023-04-11,"Construction and Allied","Crown Paints",2,35.5,5053851000,100
2023-04-13,"Construction and Allied","Crown Paints",2,35.5,5053851000,300
2023-04-24,"Construction and Allied","Crown Paints",2,36.5,5196213000,200
2023-05-16,"Construction and Allied","Crown Paints",2,41.5,5908023000,200
2023-05-18,"Construction and Allied","Crown Paints",2,42.85,6100211700,300
2023-05-23,"Construction and Allied","Crown Paints",3,42.7,6078857400,900
2023-06-07,"Construction and Allied","Crown Paints",2,43.45,6185628900,1900
2023-06-09,"Construction and Allied","Crown Paints",2,43,6121566000,5100
2023-07-05,"Construction and Allied","Crown Paints",2,44.8,6377817600,100
2023-07-07,"Construction and Allied","Crown Paints",2,44.35,6313754700,300
2023-07-13,"Construction and Allied","Crown Paints",3,41,5836842000,200
2023-07-18,"Construction and Allied","Crown Paints",2,42,5979204000,200
2023-07-28,"Construction and Allied","Crown Paints",2,40,5694480000,200
2023-08-03,"Construction and Allied","Crown Paints",2,41.55,5915141100,300
2023-08-21,"Construction and Allied","Crown Paints",2,39.75,5658889500,200
2023-08-23,"Construction and Allied","Crown Paints",2,39.75,5658889500,400
2023-08-29,"Construction and Allied","Crown Paints",2,38.55,5488055100,6500
2023-09-04,"Construction and Allied","Crown Paints",2,38.5,5480937000,9400
2023-09-14,"Construction and Allied","Crown Paints",4,36.8,5238921600,500
2023-09-18,"Construction and Allied","Crown Paints",2,36,5125032000,1900
2023-09-21,"Construction and Allied","Crown Paints",2,39.6,5637535200,1900
2023-09-25,"Construction and Allied","Crown Paints",2,37.1,5281630200,200
2023-10-05,"Construction and Allied","Crown Paints",2,36.75,5231803500,1100
2023-10-11,"Construction and Allied","Crown Paints",2,36,5125032000,400
2023-10-17,"Construction and Allied","Crown Paints",3,36.5,5196213000,100
2023-10-24,"Construction and Allied","Crown Paints",3,35.25,5018260500,1600
2023-10-26,"Construction and Allied","Crown Paints",2,35.5,5053851000,4400
2023-10-31,"Construction and Allied","Crown Paints",3,35,4982670000,400
2023-11-08,"Construction and Allied","Crown Paints",4,36.1,5139268200,100
2023-11-14,"Construction and Allied","Crown Paints",3,36.1,5139268200,100
2023-11-24,"Construction and Allied","Crown Paints",2,36,5125032000,1000
2023-11-29,"Construction and Allied","Crown Paints",3,36,5125032000,100
2023-12-01,"Construction and Allied","Crown Paints",2,36,5125032000,100
2023-12-13,"Construction and Allied","Crown Paints",3,35,4982670000,100
2023-12-18,"Construction and Allied","Crown Paints",3,35,4982670000,200
2024-01-03,"Construction and Allied","Crown Paints",2,35,4982670000,300
2024-01-12,"Construction and Allied","Crown Paints",4,35,4982670000,200
2024-01-16,"Construction and Allied","Crown Paints",2,35.65,5075205300,200
2024-01-18,"Construction and Allied","Crown Paints",2,36.9,5253157800,2700
2024-01-22,"Construction and Allied","Crown Paints",2,36,5125032000,200
2024-01-26,"Construction and Allied","Crown Paints",3,37,5267394000,1100
2024-01-30,"Construction and Allied","Crown Paints",2,37,5267394000,400
2024-02-02,"Construction and Allied","Crown Paints",2,36,5125032000,800
2024-02-08,"Construction and Allied","Crown Paints",2,36.05,5132150100,16500
2024-02-13,"Construction and Allied","Crown Paints",2,39.5,5623299000,700
2024-02-19,"Construction and Allied","Crown Paints",3,39,5552118000,200
2024-02-22,"Construction and Allied","Crown Paints",3,40,5694480000,100
2024-02-29,"Construction and Allied","Crown Paints",3,38.7,5509409400,800
2024-03-05,"Construction and Allied","Crown Paints",2,37.95,5402637900,7000
2024-03-11,"Construction and Allied","Crown Paints",2,40,5694480000,200
2024-03-20,"Construction and Allied","Crown Paints",5,37.55,5345693100,5400
2024-03-27,"Construction and Allied","Crown Paints",2,37,5267394000,100
2024-04-15,"Construction and Allied","Crown Paints",3,37,5267394000,200
2024-04-17,"Construction and Allied","Crown Paints",2,38.45,5473818900,3900
2024-04-19,"Construction and Allied","Crown Paints",2,38.45,5473818900,1100
2024-04-25,"Construction and Allied","Crown Paints",2,38.9,5537881800,100
2024-04-30,"Construction and Allied","Crown Paints",3,36.95,5260275900,3300
2024-05-08,"Construction and Allied","Crown Paints",2,38.25,5445346500,200
2024-05-14,"Construction and Allied","Crown Paints",2,33.65,4790481300,2100
2024-05-17,"Construction and Allied","Crown Paints",2,36.6,5210449200,500
2024-05-27,"Construction and Allied","Crown Paints",4,36,5125032000,100
2024-05-30,"Construction and Allied","Crown Paints",2,35.5,5053851000,100
2024-06-04,"Construction and Allied","Crown Paints",2,35.6,5068087200,200
2024-06-13,"Construction and Allied","Crown Paints",3,35.5,5053851000,100
2024-06-24,"Construction and Allied","Crown Paints",3,35.3,5025378600,600
2024-07-01,"Construction and Allied","Crown Paints",5,35.15,5004024300,200
2024-07-08,"Construction and Allied","Crown Paints",5,34,4840308000,1000
2024-07-15,"Construction and Allied","Crown Paints",2,35.7,5082323400,1900
2024-07-17,"Construction and Allied","Crown Paints",2,34.95,4975551900,900
2024-07-25,"Construction and Allied","Crown Paints",5,35.7,5082323400,200
2024-07-30,"Construction and Allied","Crown Paints",2,35.7,5082323400,200
2024-08-01,"Construction and Allied","Crown Paints",2,35,4982670000,300
2024-08-05,"Construction and Allied","Crown Paints",2,34.65,4932843300,300
2024-08-08,"Construction and Allied","Crown Paints",2,35.1,4996906200,200
2024-08-16,"Construction and Allied","Crown Paints",6,34,4840308000,100
2024-08-20,"Construction and Allied","Crown Paints",2,34,4840308000,2400
2024-09-05,"Construction and Allied","Crown Paints",4,32,4555584000,1200
2024-09-11,"Construction and Allied","Crown Paints",2,30.2,4299332400,4400
2024-09-18,"Construction and Allied","Crown Paints",2,29.8,4242387600,200
2024-09-26,"Construction and Allied","Crown Paints",4,30.25,4306450500,100
2024-10-01,"Construction and Allied","Crown Paints",2,29.95,4263741900,2600
2024-10-07,"Construction and Allied","Crown Paints",4,29.5,4199679000,100
2024-10-23,"Construction and Allied","Crown Paints",2,30,4270860000,100
2024-11-05,"Construction and Allied","Crown Paints",3,32.3,4598292600,2100
2024-11-07,"Construction and Allied","Crown Paints",2,31,4413222000,200
2024-11-21,"Construction and Allied","Crown Paints",4,32.45,4619646900,2100
2024-11-26,"Construction and Allied","Crown Paints",2,32.45,4619646900,200
2024-11-29,"Construction and Allied","Crown Paints",3,32.1,4569820200,4000
2024-12-06,"Construction and Allied","Crown Paints",4,32.45,4619646900,8600
2024-12-16,"Construction and Allied","Crown Paints",2,31.4,4470166800,100
2024-12-18,"Construction and Allied","Crown Paints",2,31.4,4470166800,200
2024-12-24,"Construction and Allied","Crown Paints",2,32.9,4683709800,1000
2016-08-04,"Construction and Allied","East African Portland Cement",2,30,2.7e+09,100
2016-08-08,"Construction and Allied","East African Portland Cement",2,30,2.7e+09,45000
2016-08-18,"Construction and Allied","East African Portland Cement",4,29,2.61e+09,2700
2016-08-22,"Construction and Allied","East African Portland Cement",2,30.5,2.745e+09,2000
2016-08-30,"Construction and Allied","East African Portland Cement",2,27.5,2.475e+09,1000
2016-09-02,"Construction and Allied","East African Portland Cement",3,27.5,2.475e+09,1000
2016-09-13,"Construction and Allied","East African Portland Cement",4,23,2.07e+09,1100
2016-09-22,"Construction and Allied","East African Portland Cement",4,20.75,1867500000,1300
2016-09-27,"Construction and Allied","East African Portland Cement",3,22.75,2047500000,800
2016-10-06,"Construction and Allied","East African Portland Cement",3,23.25,2092500000,499700
2016-10-10,"Construction and Allied","East African Portland Cement",2,23.25,2092500000,100
2016-10-12,"Construction and Allied","East African Portland Cement",2,25.5,2.295e+09,100
2016-10-21,"Construction and Allied","East African Portland Cement",2,26.75,2407500000,2900
2016-10-28,"Construction and Allied","East African Portland Cement",3,27,2.43e+09,300
2016-11-03,"Construction and Allied","East African Portland Cement",3,24.75,2227500000,400
2016-11-09,"Construction and Allied","East African Portland Cement",3,26,2.34e+09,200
2016-11-30,"Construction and Allied","East African Portland Cement",6,22,1.98e+09,400
2016-12-06,"Construction and Allied","East African Portland Cement",4,24,2.16e+09,600
2016-12-09,"Construction and Allied","East African Portland Cement",2,24,2.16e+09,300
2016-12-21,"Construction and Allied","East African Portland Cement",5,23.75,2137500000,600
2017-01-04,"Construction and Allied","East African Portland Cement",4,23.5,2.115e+09,100
2017-01-06,"Construction and Allied","East African Portland Cement",2,22,1.98e+09,1400
2017-01-13,"Construction and Allied","East African Portland Cement",2,23.5,2.115e+09,700
2017-01-17,"Construction and Allied","East African Portland Cement",2,23.5,2.115e+09,200
2017-01-25,"Construction and Allied","East African Portland Cement",2,28.5,2.565e+09,600
2017-02-01,"Construction and Allied","East African Portland Cement",5,28,2.52e+09,4500
2017-02-07,"Construction and Allied","East African Portland Cement",3,28,2.52e+09,900
2017-02-14,"Construction and Allied","East African Portland Cement",2,28.5,2.565e+09,1200
2017-02-16,"Construction and Allied","East African Portland Cement",2,28.25,2542500000,1000
2017-02-28,"Construction and Allied","East African Portland Cement",7,30,2.7e+09,100
2017-03-14,"Construction and Allied","East African Portland Cement",9,29,2.61e+09,400
2017-03-20,"Construction and Allied","East African Portland Cement",4,28.75,2587500000,3200
2017-03-27,"Construction and Allied","East African Portland Cement",4,29,2.61e+09,100
2017-03-29,"Construction and Allied","East African Portland Cement",2,29,2.61e+09,100
2017-04-11,"Construction and Allied","East African Portland Cement",3,22,1.98e+09,1100
2017-04-18,"Construction and Allied","East African Portland Cement",2,21,1.89e+09,1000
2017-04-20,"Construction and Allied","East African Portland Cement",2,23,2.07e+09,300
2017-04-27,"Construction and Allied","East African Portland Cement",5,23.5,2.115e+09,1000
2017-05-02,"Construction and Allied","East African Portland Cement",2,23.5,2.115e+09,200
2017-05-08,"Construction and Allied","East African Portland Cement",2,23.5,2.115e+09,300
2017-05-12,"Construction and Allied","East African Portland Cement",2,23.5,2.115e+09,300
2017-05-18,"Construction and Allied","East African Portland Cement",2,23.5,2.115e+09,100
2017-05-24,"Construction and Allied","East African Portland Cement",3,23.5,2.115e+09,1200
2017-05-30,"Construction and Allied","East African Portland Cement",4,25.25,2272500000,100
2017-06-06,"Construction and Allied","East African Portland Cement",4,27.75,2497500000,100
2017-06-13,"Construction and Allied","East African Portland Cement",3,28,2.52e+09,400
2017-06-15,"Construction and Allied","East African Portland Cement",2,28,2.52e+09,17900
2017-06-22,"Construction and Allied","East African Portland Cement",3,29,2.61e+09,600
2017-07-05,"Construction and Allied","East African Portland Cement",6,30.75,2767500000,1000
2017-07-10,"Construction and Allied","East African Portland Cement",2,35,3.15e+09,200
2017-07-13,"Construction and Allied","East African Portland Cement",3,32.5,2.925e+09,300
2017-07-17,"Construction and Allied","East African Portland Cement",2,32,2.88e+09,100
2017-07-19,"Construction and Allied","East African Portland Cement",2,32,2.88e+09,300
2017-07-24,"Construction and Allied","East African Portland Cement",2,32,2.88e+09,2300
2017-07-31,"Construction and Allied","East African Portland Cement",5,32,2.88e+09,100
2017-08-11,"Construction and Allied","East African Portland Cement",5,31,2.79e+09,3000
2017-08-18,"Construction and Allied","East African Portland Cement",2,33,2.97e+09,100
2017-08-22,"Construction and Allied","East African Portland Cement",2,33,2.97e+09,1000
2017-08-25,"Construction and Allied","East African Portland Cement",2,31,2.79e+09,500
2017-08-29,"Construction and Allied","East African Portland Cement",2,28,2.52e+09,1500
2017-09-04,"Construction and Allied","East African Portland Cement",2,26,2.34e+09,200
2017-09-14,"Construction and Allied","East African Portland Cement",4,28,2.52e+09,200
2017-09-20,"Construction and Allied","East African Portland Cement",3,29.25,2632500000,100
2017-09-26,"Construction and Allied","East African Portland Cement",4,29.25,2632500000,1000
2017-10-09,"Construction and Allied","East African Portland Cement",7,26,2.34e+09,1000
2017-11-01,"Construction and Allied","East African Portland Cement",13,23.75,2137500000,900
2017-11-06,"Construction and Allied","East African Portland Cement",2,24,2.16e+09,600
2017-11-09,"Construction and Allied","East African Portland Cement",3,26.25,2362500000,1800
2017-11-17,"Construction and Allied","East African Portland Cement",5,25,2.25e+09,5500
2017-11-21,"Construction and Allied","East African Portland Cement",2,25,2.25e+09,100
2017-11-27,"Construction and Allied","East African Portland Cement",2,30.25,2722500000,500
2017-12-01,"Construction and Allied","East African Portland Cement",3,33,2.97e+09,500
2017-12-06,"Construction and Allied","East African Portland Cement",2,33.25,2992500000,3100
2017-12-08,"Construction and Allied","East African Portland Cement",2,33.25,2992500000,200
2017-12-18,"Construction and Allied","East African Portland Cement",5,30,2.7e+09,200
2017-12-21,"Construction and Allied","East African Portland Cement",2,24.75,2227500000,1000
2017-12-29,"Construction and Allied","East African Portland Cement",3,27,2.43e+09,100
2018-01-03,"Construction and Allied","East African Portland Cement",2,29,2.61e+09,1000
2018-01-11,"Construction and Allied","East African Portland Cement",5,26.25,2362500000,600
2018-01-15,"Construction and Allied","East African Portland Cement",2,28,2.52e+09,200
2018-01-22,"Construction and Allied","East African Portland Cement",5,28.75,2587500000,500
2018-01-26,"Construction and Allied","East African Portland Cement",2,24.25,2182500000,215800
2018-02-01,"Construction and Allied","East African Portland Cement",3,26.5,2.385e+09,2100
2018-02-05,"Construction and Allied","East African Portland Cement",2,26.5,2.385e+09,600
2018-02-07,"Construction and Allied","East African Portland Cement",2,26.5,2.385e+09,400
2018-02-14,"Construction and Allied","East African Portland Cement",2,28,2.52e+09,7100
2018-02-16,"Construction and Allied","East African Portland Cement",2,27,2.43e+09,100
2018-02-27,"Construction and Allied","East African Portland Cement",5,24.75,2227500000,2200
2018-03-07,"Construction and Allied","East African Portland Cement",4,25.5,2.295e+09,500
2018-03-13,"Construction and Allied","East African Portland Cement",2,25.5,2.295e+09,100
2018-03-16,"Construction and Allied","East African Portland Cement",3,26.75,2407500000,100
2018-03-22,"Construction and Allied","East African Portland Cement",3,26.75,2407500000,1200
2018-03-27,"Construction and Allied","East African Portland Cement",3,25,2.25e+09,4300
2018-03-29,"Construction and Allied","East African Portland Cement",2,24.5,2.205e+09,100
2018-04-04,"Construction and Allied","East African Portland Cement",2,25,2.25e+09,1100
2018-04-10,"Construction and Allied","East African Portland Cement",3,25,2.25e+09,100
2018-04-20,"Construction and Allied","East African Portland Cement",3,24.25,2182500000,2400
2018-04-24,"Construction and Allied","East African Portland Cement",2,26,2.34e+09,500
2018-04-30,"Construction and Allied","East African Portland Cement",4,24,2.16e+09,700
2018-05-09,"Construction and Allied","East African Portland Cement",5,23.25,2092500000,20000
2018-05-15,"Construction and Allied","East African Portland Cement",3,22,1.98e+09,2600
2018-05-18,"Construction and Allied","East African Portland Cement",3,24,2.16e+09,7400
2018-05-22,"Construction and Allied","East African Portland Cement",2,22,1.98e+09,9700
2018-05-29,"Construction and Allied","East African Portland Cement",5,22,1.98e+09,300
2018-06-07,"Construction and Allied","East African Portland Cement",3,24,2.16e+09,100
2018-06-19,"Construction and Allied","East African Portland Cement",2,21.75,1957500000,1500
2018-06-21,"Construction and Allied","East African Portland Cement",2,21.75,1957500000,400
2018-06-28,"Construction and Allied","East African Portland Cement",2,19.3,1.737e+09,300
2018-07-04,"Construction and Allied","East African Portland Cement",4,20.5,1.845e+09,100
2018-07-18,"Construction and Allied","East African Portland Cement",8,17.5,1.575e+09,400
2018-07-23,"Construction and Allied","East African Portland Cement",2,17.55,1579500000,1000
2018-07-30,"Construction and Allied","East African Portland Cement",5,19,1.71e+09,800
2018-08-03,"Construction and Allied","East African Portland Cement",2,20.5,1.845e+09,100
2018-08-08,"Construction and Allied","East African Portland Cement",3,20.25,1822500000,2100
2018-08-13,"Construction and Allied","East African Portland Cement",2,19.05,1714500000,2100
2018-08-22,"Construction and Allied","East African Portland Cement",3,17.55,1579500000,800
2018-08-28,"Construction and Allied","East African Portland Cement",3,19,1.71e+09,25500
2018-09-03,"Construction and Allied","East African Portland Cement",3,19,1.71e+09,100
2018-09-11,"Construction and Allied","East African Portland Cement",2,18.9,1.701e+09,200
2018-09-14,"Construction and Allied","East African Portland Cement",2,19,1.71e+09,100
2018-09-24,"Construction and Allied","East African Portland Cement",6,18.5,1.665e+09,300
2018-10-02,"Construction and Allied","East African Portland Cement",2,19.15,1723500000,200
2018-10-08,"Construction and Allied","East African Portland Cement",2,20,1.8e+09,500
2018-10-16,"Construction and Allied","East African Portland Cement",3,19.2,1.728e+09,100
2018-10-26,"Construction and Allied","East African Portland Cement",8,19.2,1.728e+09,100
2018-11-02,"Construction and Allied","East African Portland Cement",5,19.1,1.719e+09,100
2018-11-07,"Construction and Allied","East African Portland Cement",3,17.2,1.548e+09,100
2018-11-13,"Construction and Allied","East African Portland Cement",4,17.15,1543500000,400
2018-11-20,"Construction and Allied","East African Portland Cement",4,14,1.26e+09,1800
2018-11-28,"Construction and Allied","East African Portland Cement",2,14,1.26e+09,1200
2018-12-05,"Construction and Allied","East African Portland Cement",2,15.1,1.359e+09,100
2018-12-20,"Construction and Allied","East African Portland Cement",4,15,1.35e+09,1000
2019-01-02,"Construction and Allied","East African Portland Cement",5,16.75,1507500000,400
2019-01-08,"Construction and Allied","East African Portland Cement",2,16.75,1507500000,100
2019-01-11,"Construction and Allied","East African Portland Cement",3,16.45,1480500000,500
2019-01-21,"Construction and Allied","East African Portland Cement",2,16.7,1.503e+09,5300
2019-01-28,"Construction and Allied","East African Portland Cement",3,15.5,1.395e+09,200
2019-02-05,"Construction and Allied","East African Portland Cement",6,15.5,1.395e+09,400
2019-02-07,"Construction and Allied","East African Portland Cement",2,15.5,1.395e+09,300
2019-02-26,"Construction and Allied","East African Portland Cement",11,15.5,1.395e+09,100
2019-03-01,"Construction and Allied","East African Portland Cement",2,16.6,1.494e+09,400
2019-03-06,"Construction and Allied","East African Portland Cement",2,18.7,1.683e+09,200
2019-03-18,"Construction and Allied","East African Portland Cement",3,19,1.71e+09,100
2019-03-21,"Construction and Allied","East African Portland Cement",3,18.7,1.683e+09,100
2019-03-26,"Construction and Allied","East African Portland Cement",3,18.7,1.683e+09,25500
2019-04-02,"Construction and Allied","East African Portland Cement",5,18.7,1.683e+09,100
2019-04-08,"Construction and Allied","East African Portland Cement",4,18.7,1.683e+09,100
2019-04-12,"Construction and Allied","East African Portland Cement",3,18.65,1678500000,200
2019-04-24,"Construction and Allied","East African Portland Cement",6,16.8,1.512e+09,1000
2019-04-26,"Construction and Allied","East African Portland Cement",2,16.8,1.512e+09,100
2019-04-30,"Construction and Allied","East African Portland Cement",2,16.8,1.512e+09,100
2019-05-06,"Construction and Allied","East African Portland Cement",2,16.8,1.512e+09,100
2019-05-14,"Construction and Allied","East African Portland Cement",6,16.8,1.512e+09,200
2019-05-22,"Construction and Allied","East African Portland Cement",6,16.8,1.512e+09,100
2019-05-31,"Construction and Allied","East African Portland Cement",5,16.7,1.503e+09,500
2019-06-12,"Construction and Allied","East African Portland Cement",7,16.15,1453500000,300
2019-06-17,"Construction and Allied","East African Portland Cement",3,16,1.44e+09,100
2019-06-24,"Construction and Allied","East African Portland Cement",4,16,1.44e+09,100
2019-06-26,"Construction and Allied","East African Portland Cement",2,16,1.44e+09,100
2019-07-01,"Construction and Allied","East African Portland Cement",3,14.5,1.305e+09,1500
2019-07-04,"Construction and Allied","East African Portland Cement",3,13.05,1174500000,400
2019-07-12,"Construction and Allied","East African Portland Cement",6,13,1.17e+09,4600
2019-07-16,"Construction and Allied","East African Portland Cement",2,13.05,1174500000,200
2019-07-18,"Construction and Allied","East African Portland Cement",2,14.05,1264500000,600
2019-07-31,"Construction and Allied","East African Portland Cement",8,14.7,1.323e+09,100
2019-08-07,"Construction and Allied","East African Portland Cement",4,14.5,1.305e+09,100
2019-08-09,"Construction and Allied","East African Portland Cement",2,14.45,1300500000,200
2019-08-16,"Construction and Allied","East African Portland Cement",4,14.4,1.296e+09,200
2019-08-27,"Construction and Allied","East African Portland Cement",6,14.5,1.305e+09,100
2019-09-02,"Construction and Allied","East African Portland Cement",4,14.5,1.305e+09,1200
2019-09-06,"Construction and Allied","East African Portland Cement",4,14.5,1.305e+09,3700
2019-09-16,"Construction and Allied","East African Portland Cement",6,15.5,1.395e+09,200
2019-09-18,"Construction and Allied","East African Portland Cement",2,16.55,1489500000,100
2019-09-26,"Construction and Allied","East African Portland Cement",6,16.65,1498500000,1000
2019-10-02,"Construction and Allied","East African Portland Cement",2,17.5,1.575e+09,100
2019-10-08,"Construction and Allied","East African Portland Cement",3,18.5,1.665e+09,200
2019-10-11,"Construction and Allied","East African Portland Cement",2,18.5,1.665e+09,100
2019-10-16,"Construction and Allied","East African Portland Cement",3,16.7,1.503e+09,100
2019-10-25,"Construction and Allied","East African Portland Cement",4,16.7,1.503e+09,100
2019-11-06,"Construction and Allied","East African Portland Cement",6,15.05,1354500000,100
2019-11-13,"Construction and Allied","East African Portland Cement",4,14.25,1282500000,200
2019-12-02,"Construction and Allied","East African Portland Cement",7,14.5,1.305e+09,100
2019-12-06,"Construction and Allied","East African Portland Cement",3,14.5,1.305e+09,500
2019-12-11,"Construction and Allied","East African Portland Cement",2,14.5,1.305e+09,100
2019-12-17,"Construction and Allied","East African Portland Cement",3,14,1.26e+09,100
2019-12-20,"Construction and Allied","East African Portland Cement",2,14,1.26e+09,200
2019-12-24,"Construction and Allied","East African Portland Cement",2,14.5,1.305e+09,300
2019-12-30,"Construction and Allied","East African Portland Cement",2,14.5,1.305e+09,100
2020-01-02,"Construction and Allied","East African Portland Cement",2,14.5,1.305e+09,100
2020-01-07,"Construction and Allied","East African Portland Cement",3,14.5,1.305e+09,100
2020-01-09,"Construction and Allied","East African Portland Cement",2,14.5,1.305e+09,300
2020-01-22,"Construction and Allied","East African Portland Cement",6,13,1.17e+09,100
2020-01-24,"Construction and Allied","East African Portland Cement",2,13,1.17e+09,1200
2020-02-10,"Construction and Allied","East African Portland Cement",9,13,1.17e+09,2100
2020-02-13,"Construction and Allied","East African Portland Cement",2,13,1.17e+09,5300
2020-02-18,"Construction and Allied","East African Portland Cement",2,14.25,1282500000,100
2020-03-02,"Construction and Allied","East African Portland Cement",9,14.25,1282500000,100
2020-03-26,"Construction and Allied","East African Portland Cement",18,14.25,1282500000,300
2020-04-24,"Construction and Allied","East African Portland Cement",19,14.25,1282500000,200
2020-05-07,"Construction and Allied","East African Portland Cement",8,14.2,1.278e+09,100
2020-05-13,"Construction and Allied","East African Portland Cement",3,14.25,1282500000,200
2020-05-18,"Construction and Allied","East African Portland Cement",3,14.25,1282500000,200
2020-05-28,"Construction and Allied","East African Portland Cement",7,14.25,1282500000,200
2020-06-10,"Construction and Allied","East African Portland Cement",8,14.25,1282500000,2400
2020-06-19,"Construction and Allied","East African Portland Cement",6,14,1.26e+09,800
2020-06-25,"Construction and Allied","East African Portland Cement",3,12.6,1.134e+09,1400
2020-06-29,"Construction and Allied","East African Portland Cement",2,12.6,1.134e+09,1400
2020-07-03,"Construction and Allied","East African Portland Cement",3,13.85,1246500000,200
2020-07-09,"Construction and Allied","East African Portland Cement",3,13.85,1246500000,1800
2020-08-03,"Construction and Allied","East African Portland Cement",15,13.85,1246500000,200
2020-08-18,"Construction and Allied","East African Portland Cement",11,13.85,1246500000,600
2020-08-20,"Construction and Allied","East African Portland Cement",2,13.85,1246500000,900
2020-08-31,"Construction and Allied","East African Portland Cement",7,13.85,1246500000,800
2020-09-04,"Construction and Allied","East African Portland Cement",4,14,1.26e+09,100
2020-09-09,"Construction and Allied","East African Portland Cement",3,14.85,1336500000,300
2020-10-07,"Construction and Allied","East African Portland Cement",19,16,1.44e+09,100
2020-11-11,"Construction and Allied","East African Portland Cement",23,15.9,1.431e+09,100
2020-11-17,"Construction and Allied","East African Portland Cement",3,14.4,1.296e+09,100
2020-11-20,"Construction and Allied","East African Portland Cement",2,13,1.17e+09,400
2020-12-04,"Construction and Allied","East African Portland Cement",2,11.55,1039500000,1100
2020-12-08,"Construction and Allied","East African Portland Cement",2,11.2,1.008e+09,500
2020-12-11,"Construction and Allied","East African Portland Cement",2,11.2,1.008e+09,300
2020-12-15,"Construction and Allied","East African Portland Cement",2,12,1.08e+09,100
2020-12-17,"Construction and Allied","East African Portland Cement",2,10.85,976500000,2100
2020-12-28,"Construction and Allied","East African Portland Cement",2,11,9.9e+08,500
2021-01-07,"Construction and Allied","East African Portland Cement",6,10.8,9.72e+08,3300
2021-01-12,"Construction and Allied","East African Portland Cement",2,10.25,922500000,1800
2021-01-19,"Construction and Allied","East African Portland Cement",3,10.25,922500000,100
2021-01-22,"Construction and Allied","East African Portland Cement",3,11.25,1012500000,1800
2021-01-28,"Construction and Allied","East African Portland Cement",4,10.2,9.18e+08,1200
2021-02-03,"Construction and Allied","East African Portland Cement",4,10.3,9.27e+08,4800
2021-02-05,"Construction and Allied","East African Portland Cement",2,10,9e+08,2100
2021-02-16,"Construction and Allied","East African Portland Cement",6,10,9e+08,1000
2021-02-18,"Construction and Allied","East African Portland Cement",2,10,9e+08,5000
2021-02-25,"Construction and Allied","East African Portland Cement",4,9.5,8.55e+08,1700
2021-03-02,"Construction and Allied","East African Portland Cement",2,8.68,781200000,10500
2021-03-11,"Construction and Allied","East African Portland Cement",2,8.58,772200000,1000
2021-03-24,"Construction and Allied","East African Portland Cement",2,8.52,766800000,100
2021-03-31,"Construction and Allied","East African Portland Cement",2,8.52,766800000,200
2021-04-09,"Construction and Allied","East African Portland Cement",4,8.1,7.29e+08,500
2021-04-20,"Construction and Allied","East African Portland Cement",2,8,7.2e+08,200
2021-05-03,"Construction and Allied","East African Portland Cement",2,8,7.2e+08,600
2021-05-06,"Construction and Allied","East African Portland Cement",3,8,7.2e+08,300
2021-05-12,"Construction and Allied","East African Portland Cement",4,8,7.2e+08,100
2021-05-18,"Construction and Allied","East African Portland Cement",3,8,7.2e+08,200
2021-05-25,"Construction and Allied","East African Portland Cement",3,8,7.2e+08,800
2021-05-28,"Construction and Allied","East African Portland Cement",3,8,7.2e+08,100
2021-06-08,"Construction and Allied","East African Portland Cement",2,7.32,658800000,100
2021-06-11,"Construction and Allied","East African Portland Cement",3,8.04,723600000,200
2021-06-23,"Construction and Allied","East African Portland Cement",8,8.82,793800000,900
2021-06-30,"Construction and Allied","East African Portland Cement",4,8.5,7.65e+08,1500
2021-07-02,"Construction and Allied","East African Portland Cement",2,8,7.2e+08,1900
2021-07-09,"Construction and Allied","East African Portland Cement",2,7.2,6.48e+08,2400
2021-07-14,"Construction and Allied","East African Portland Cement",2,7.2,6.48e+08,11400
2021-07-16,"Construction and Allied","East African Portland Cement",2,7.3,6.57e+08,100
2021-07-28,"Construction and Allied","East African Portland Cement",2,9.1,8.19e+08,3400
2021-08-05,"Construction and Allied","East African Portland Cement",2,8.42,757800000,300
2021-08-10,"Construction and Allied","East African Portland Cement",2,8.66,779400000,2000
2021-08-17,"Construction and Allied","East African Portland Cement",5,8.66,779400000,2400
2021-08-23,"Construction and Allied","East African Portland Cement",4,8.5,7.65e+08,100
2021-08-30,"Construction and Allied","East African Portland Cement",2,7.5,6.75e+08,2600
2021-09-02,"Construction and Allied","East African Portland Cement",3,7.8,7.02e+08,3100
2021-09-14,"Construction and Allied","East African Portland Cement",3,8.6,7.74e+08,3900
2021-09-28,"Construction and Allied","East African Portland Cement",2,8.2,7.38e+08,900
2021-10-01,"Construction and Allied","East African Portland Cement",3,8.2,7.38e+08,100
2021-10-12,"Construction and Allied","East African Portland Cement",5,8.2,7.38e+08,200
2021-10-18,"Construction and Allied","East African Portland Cement",2,8.1,7.29e+08,700
2021-10-29,"Construction and Allied","East African Portland Cement",2,7.8,7.02e+08,1500
2021-11-10,"Construction and Allied","East African Portland Cement",2,8,7.2e+08,300
2021-11-15,"Construction and Allied","East African Portland Cement",3,8,7.2e+08,300
2021-11-17,"Construction and Allied","East African Portland Cement",2,7.2,6.48e+08,300
2021-11-24,"Construction and Allied","East African Portland Cement",3,7.6,6.84e+08,200
2021-11-26,"Construction and Allied","East African Portland Cement",2,7.6,6.84e+08,100
2021-12-01,"Construction and Allied","East African Portland Cement",2,7.04,633600000,1300
2021-12-09,"Construction and Allied","East African Portland Cement",2,7,6.3e+08,3100
2021-12-21,"Construction and Allied","East African Portland Cement",3,6.06,545400000,900
2021-12-31,"Construction and Allied","East African Portland Cement",7,6.66,599400000,100
2022-01-05,"Construction and Allied","East African Portland Cement",2,6.9,6.21e+08,300
2022-01-14,"Construction and Allied","East African Portland Cement",2,7,6.3e+08,800
2022-01-18,"Construction and Allied","East African Portland Cement",2,6.58,592200000,600
2022-01-20,"Construction and Allied","East African Portland Cement",2,7.2,6.48e+08,100
2022-01-25,"Construction and Allied","East African Portland Cement",3,7.2,6.48e+08,200
2022-02-02,"Construction and Allied","East African Portland Cement",2,6.7,6.03e+08,3600
2022-02-07,"Construction and Allied","East African Portland Cement",2,6.7,6.03e+08,800
2022-02-09,"Construction and Allied","East African Portland Cement",2,6.7,6.03e+08,200
2022-02-16,"Construction and Allied","East African Portland Cement",4,7.2,6.48e+08,500
2022-02-22,"Construction and Allied","East African Portland Cement",3,7,6.3e+08,100
2022-03-08,"Construction and Allied","East African Portland Cement",4,7,6.3e+08,700
2022-03-11,"Construction and Allied","East African Portland Cement",3,6.3,5.67e+08,100
2022-03-17,"Construction and Allied","East African Portland Cement",4,6.3,5.67e+08,500
2022-03-21,"Construction and Allied","East African Portland Cement",2,6.3,5.67e+08,200
2022-03-24,"Construction and Allied","East African Portland Cement",2,6.9,6.21e+08,100
2022-03-30,"Construction and Allied","East African Portland Cement",3,6.9,6.21e+08,1000
2022-04-04,"Construction and Allied","East African Portland Cement",2,6.9,6.21e+08,100
2022-04-07,"Construction and Allied","East African Portland Cement",2,7,6.3e+08,200
2022-04-19,"Construction and Allied","East African Portland Cement",4,6.34,570600000,1100
2022-04-26,"Construction and Allied","East African Portland Cement",4,6.32,568800000,4000
2022-05-09,"Construction and Allied","East African Portland Cement",4,6.94,624600000,100
2022-05-11,"Construction and Allied","East African Portland Cement",2,6.94,624600000,100
2022-05-16,"Construction and Allied","East African Portland Cement",3,6.94,624600000,300
2022-05-19,"Construction and Allied","East African Portland Cement",2,7,6.3e+08,200
2022-05-25,"Construction and Allied","East African Portland Cement",2,7.8,7.02e+08,100
2022-05-27,"Construction and Allied","East African Portland Cement",2,7.8,7.02e+08,200
2022-06-02,"Construction and Allied","East African Portland Cement",3,7.8,7.02e+08,1000
2022-06-14,"Construction and Allied","East African Portland Cement",7,7.5,6.75e+08,400
2022-06-16,"Construction and Allied","East African Portland Cement",2,7.6,6.84e+08,200
2022-06-21,"Construction and Allied","East African Portland Cement",2,8,7.2e+08,400
2022-06-28,"Construction and Allied","East African Portland Cement",2,8.76,788400000,500
2022-06-30,"Construction and Allied","East African Portland Cement",2,8,7.2e+08,100
2022-07-08,"Construction and Allied","East African Portland Cement",2,8.4,7.56e+08,200
2022-07-18,"Construction and Allied","East African Portland Cement",2,7.2,6.48e+08,1500
2022-07-22,"Construction and Allied","East African Portland Cement",2,7.7,6.93e+08,1000
2022-08-01,"Construction and Allied","East African Portland Cement",3,7.7,6.93e+08,1000
2022-08-05,"Construction and Allied","East African Portland Cement",4,7.64,687600000,2700
2022-08-17,"Construction and Allied","East African Portland Cement",7,7.5,6.75e+08,100
2022-08-19,"Construction and Allied","East African Portland Cement",2,7.6,6.84e+08,600
2022-08-26,"Construction and Allied","East African Portland Cement",4,7.5,6.75e+08,500
2022-08-31,"Construction and Allied","East African Portland Cement",2,7.54,678600000,600
2022-09-12,"Construction and Allied","East African Portland Cement",3,7.64,687600000,300
2022-09-20,"Construction and Allied","East African Portland Cement",2,7,6.3e+08,600
2022-09-23,"Construction and Allied","East African Portland Cement",2,7.46,671400000,500
2022-10-04,"Construction and Allied","East African Portland Cement",3,7.4,6.66e+08,300
2022-10-13,"Construction and Allied","East African Portland Cement",2,7.9,7.11e+08,100
2022-10-27,"Construction and Allied","East African Portland Cement",2,7.9,7.11e+08,100
2022-11-01,"Construction and Allied","East African Portland Cement",2,7.8,7.02e+08,100
2022-11-04,"Construction and Allied","East African Portland Cement",2,7.8,7.02e+08,200
2022-11-09,"Construction and Allied","East African Portland Cement",3,7.8,7.02e+08,100
2022-11-17,"Construction and Allied","East African Portland Cement",2,7.5,6.75e+08,300
2022-11-22,"Construction and Allied","East African Portland Cement",2,7.88,709200000,2500
2022-11-24,"Construction and Allied","East African Portland Cement",2,7.98,718200000,100
2022-12-02,"Construction and Allied","East African Portland Cement",6,7.92,712800000,100
2022-12-07,"Construction and Allied","East African Portland Cement",2,7.98,718200000,100
2022-12-16,"Construction and Allied","East African Portland Cement",2,6.8,6.12e+08,2700
2022-12-28,"Construction and Allied","East African Portland Cement",2,6.8,6.12e+08,200
2023-01-05,"Construction and Allied","East African Portland Cement",5,7.46,671400000,100
2023-01-09,"Construction and Allied","East African Portland Cement",2,7.64,687600000,300
2023-01-11,"Construction and Allied","East African Portland Cement",2,8,7.2e+08,1000
2023-01-18,"Construction and Allied","East African Portland Cement",3,6.92,622800000,2600
2023-01-20,"Construction and Allied","East African Portland Cement",2,6.94,624600000,100
2023-01-25,"Construction and Allied","East African Portland Cement",3,6.94,624600000,700
2023-01-30,"Construction and Allied","East African Portland Cement",2,6.32,568800000,300
2023-02-06,"Construction and Allied","East African Portland Cement",4,6.1,5.49e+08,600
2023-02-14,"Construction and Allied","East African Portland Cement",4,6.16,554400000,1200
2023-02-16,"Construction and Allied","East African Portland Cement",2,6.16,554400000,3000
2023-02-22,"Construction and Allied","East African Portland Cement",2,6.5,5.85e+08,100
2023-02-24,"Construction and Allied","East African Portland Cement",2,6.56,590400000,1400
2023-03-09,"Construction and Allied","East African Portland Cement",8,6.8,6.12e+08,200
2023-03-15,"Construction and Allied","East African Portland Cement",3,6.3,5.67e+08,200
2023-03-21,"Construction and Allied","East African Portland Cement",4,6.3,5.67e+08,100
2023-03-24,"Construction and Allied","East African Portland Cement",3,6.36,572400000,400
2023-03-28,"Construction and Allied","East African Portland Cement",2,6.36,572400000,400
2023-03-31,"Construction and Allied","East African Portland Cement",3,5.94,534600000,2200
2023-04-06,"Construction and Allied","East African Portland Cement",3,6.3,5.67e+08,1200
2023-04-13,"Construction and Allied","East African Portland Cement",2,6.3,5.67e+08,300
2023-04-24,"Construction and Allied","East African Portland Cement",4,7,6.3e+08,600
2023-05-02,"Construction and Allied","East African Portland Cement",5,7,6.3e+08,100
2023-05-04,"Construction and Allied","East African Portland Cement",2,6.9,6.21e+08,300
2023-05-17,"Construction and Allied","East African Portland Cement",7,5.52,496800000,700
2023-06-02,"Construction and Allied","East African Portland Cement",2,6,5.4e+08,200
2023-06-07,"Construction and Allied","East African Portland Cement",2,6.18,556200000,100
2023-06-14,"Construction and Allied","East African Portland Cement",3,5.6,5.04e+08,200
2023-07-05,"Construction and Allied","East African Portland Cement",2,6.48,583200000,2100
2023-07-11,"Construction and Allied","East African Portland Cement",2,6.5,5.85e+08,200
2023-07-13,"Construction and Allied","East African Portland Cement",2,6.4,5.76e+08,100
2023-07-31,"Construction and Allied","East African Portland Cement",8,7.16,644400000,100
2023-08-03,"Construction and Allied","East African Portland Cement",3,7.32,658800000,200
2023-08-09,"Construction and Allied","East African Portland Cement",3,7.16,644400000,200
2023-08-11,"Construction and Allied","East African Portland Cement",2,6.5,5.85e+08,100
2023-08-17,"Construction and Allied","East African Portland Cement",2,6.8,6.12e+08,100
2023-09-11,"Construction and Allied","East African Portland Cement",13,6.5,5.85e+08,300
2023-09-15,"Construction and Allied","East African Portland Cement",3,7.4,6.66e+08,100
2023-09-22,"Construction and Allied","East African Portland Cement",5,7.4,6.66e+08,100
2023-09-27,"Construction and Allied","East African Portland Cement",3,7.4,6.66e+08,200
2023-10-02,"Construction and Allied","East African Portland Cement",2,7,6.3e+08,500
2023-10-04,"Construction and Allied","East African Portland Cement",2,7.3,6.57e+08,100
2023-10-06,"Construction and Allied","East African Portland Cement",2,7.3,6.57e+08,100
2023-10-16,"Construction and Allied","East African Portland Cement",5,7.38,664200000,5900
2023-10-25,"Construction and Allied","East African Portland Cement",2,8.5,7.65e+08,200
2023-10-31,"Construction and Allied","East African Portland Cement",2,9.14,822600000,2400
2023-11-16,"Construction and Allied","East African Portland Cement",3,9,8.1e+08,500
2023-11-23,"Construction and Allied","East African Portland Cement",4,8.72,784800000,400
2023-12-01,"Construction and Allied","East African Portland Cement",5,9.34,840600000,100
2023-12-06,"Construction and Allied","East African Portland Cement",3,8.72,784800000,1400
2023-12-13,"Construction and Allied","East African Portland Cement",4,8.72,784800000,200
2023-12-19,"Construction and Allied","East African Portland Cement",4,8.72,784800000,800
2023-12-21,"Construction and Allied","East African Portland Cement",2,8,7.2e+08,1100
2023-12-28,"Construction and Allied","East African Portland Cement",3,8,7.2e+08,100
2024-01-03,"Construction and Allied","East African Portland Cement",2,8,7.2e+08,1400
2024-01-09,"Construction and Allied","East African Portland Cement",4,8,7.2e+08,200
2024-01-18,"Construction and Allied","East African Portland Cement",7,8,7.2e+08,1600
2024-01-29,"Construction and Allied","East African Portland Cement",7,8,7.2e+08,200
2024-01-31,"Construction and Allied","East African Portland Cement",2,8,7.2e+08,100
2024-02-06,"Construction and Allied","East African Portland Cement",3,8,7.2e+08,2600
2024-02-12,"Construction and Allied","East African Portland Cement",4,8,7.2e+08,2400
2024-02-14,"Construction and Allied","East African Portland Cement",2,8.5,7.65e+08,100
2024-02-20,"Construction and Allied","East African Portland Cement",3,8.76,788400000,200
2024-02-28,"Construction and Allied","East African Portland Cement",4,9,8.1e+08,100
2024-03-13,"Construction and Allied","East African Portland Cement",10,8.14,732600000,1200
2024-03-19,"Construction and Allied","East African Portland Cement",3,8,7.2e+08,1100
2024-03-25,"Construction and Allied","East African Portland Cement",2,8,7.2e+08,800
2024-03-27,"Construction and Allied","East African Portland Cement",2,7.92,712800000,2200
2024-04-08,"Construction and Allied","East African Portland Cement",6,7.92,712800000,200
2024-04-16,"Construction and Allied","East African Portland Cement",2,7.94,714600000,2700
2024-04-19,"Construction and Allied","East African Portland Cement",2,7.02,631800000,1000
2024-04-30,"Construction and Allied","East African Portland Cement",2,7.16,644400000,1300
2024-05-21,"Construction and Allied","East African Portland Cement",2,5.96,536400000,2400
2024-06-04,"Construction and Allied","East African Portland Cement",2,7.1,6.39e+08,100
2024-06-07,"Construction and Allied","East African Portland Cement",2,7.64,687600000,200
2024-06-21,"Construction and Allied","East African Portland Cement",3,5.74,516600000,28300
2024-06-28,"Construction and Allied","East African Portland Cement",2,4.99,449100000,21200
2024-07-05,"Construction and Allied","East African Portland Cement",2,4.86,437400000,3100
2024-07-10,"Construction and Allied","East African Portland Cement",2,4.46,401400000,100
2024-07-17,"Construction and Allied","East African Portland Cement",5,4.76,428400000,4100
2024-07-30,"Construction and Allied","East African Portland Cement",2,7.3,6.57e+08,65400
2024-08-20,"Construction and Allied","East African Portland Cement",2,6.8,6.12e+08,500
2024-08-22,"Construction and Allied","East African Portland Cement",2,7.4,6.66e+08,100
2024-08-30,"Construction and Allied","East African Portland Cement",2,7.82,703800000,17800
2024-09-04,"Construction and Allied","East African Portland Cement",3,8.5,7.65e+08,700
2024-10-11,"Construction and Allied","East African Portland Cement",2,45.45,4090500000,100
2024-12-18,"Construction and Allied","East African Portland Cement",2,32.1,2.889e+09,2100
2019-11-19,"Energy and Petroleum","KPLC",2,3.34,6517899930,101000
2016-08-15,"Energy and Petroleum","Total Energy",2,16.35,2862312750,20600
2016-08-18,"Energy and Petroleum","Total Energy",2,16.35,2862312750,8000
2016-08-25,"Energy and Petroleum","Total Energy",2,16.5,2888572500,400
2016-09-08,"Energy and Petroleum","Total Energy",2,17.7,3098650500,500
2016-09-22,"Energy and Petroleum","Total Energy",2,17.45,3054884250,12100
2016-10-10,"Energy and Petroleum","Total Energy",2,17.3,3028624500,6200
2016-10-14,"Energy and Petroleum","Total Energy",2,17.4,3046131000,100
2016-10-18,"Energy and Petroleum","Total Energy",2,18,3151170000,694800
2016-10-21,"Energy and Petroleum","Total Energy",2,18.95,3317481750,100
2016-11-04,"Energy and Petroleum","Total Energy",2,17.45,3054884250,15900
2016-11-11,"Energy and Petroleum","Total Energy",2,17.9,3133663500,4300
2016-11-30,"Energy and Petroleum","Total Energy",2,17.85,3124910250,6100
2016-12-05,"Energy and Petroleum","Total Energy",2,17.85,3124910250,200
2016-12-28,"Energy and Petroleum","Total Energy",4,17.8,3116157000,500
2016-12-30,"Energy and Petroleum","Total Energy",2,17,2976105000,1000
2017-01-27,"Energy and Petroleum","Total Energy",2,17.75,3107403750,1000
2017-02-17,"Energy and Petroleum","Total Energy",2,17.5,3063637500,300
2017-03-14,"Energy and Petroleum","Total Energy",2,18.1,3168676500,5000
2017-03-16,"Energy and Petroleum","Total Energy",2,18,3151170000,1900
2017-03-20,"Energy and Petroleum","Total Energy",2,18,3151170000,400
2017-03-27,"Energy and Petroleum","Total Energy",2,18,3151170000,400
2017-06-22,"Energy and Petroleum","Total Energy",2,20.5,3588832500,16200
2017-07-27,"Energy and Petroleum","Total Energy",2,22.75,3982728750,2500
2017-08-10,"Energy and Petroleum","Total Energy",2,22.5,3938962500,2800
2017-10-23,"Energy and Petroleum","Total Energy",2,20.75,3632598750,700
2017-10-30,"Energy and Petroleum","Total Energy",3,21.5,3763897500,8800
2017-11-02,"Energy and Petroleum","Total Energy",2,22.25,3895196250,22900
2018-03-08,"Energy and Petroleum","Total Energy",2,28.75,5033118750,12400
2018-05-10,"Energy and Petroleum","Total Energy",2,35.75,6258573750,251800
2018-09-25,"Energy and Petroleum","Total Energy",2,27.25,4770521250,2900
2018-09-27,"Energy and Petroleum","Total Energy",2,27.25,4770521250,1400
2018-10-08,"Energy and Petroleum","Total Energy",2,27.75,4858053750,2100
2018-10-24,"Energy and Petroleum","Total Energy",2,29.25,5120651250,200
2018-11-20,"Energy and Petroleum","Total Energy",2,27,4726755000,500
2019-02-05,"Energy and Petroleum","Total Energy",2,28.65,5015612250,3500
2019-03-15,"Energy and Petroleum","Total Energy",3,27.8,4866807000,1700
2019-03-19,"Energy and Petroleum","Total Energy",2,29.9,5234443500,3200
2019-04-02,"Energy and Petroleum","Total Energy",2,28.95,5068131750,5200
2019-07-30,"Energy and Petroleum","Total Energy",2,28.5,4989352500,3100
2019-09-09,"Energy and Petroleum","Total Energy",2,27.55,4823040750,1500
2019-09-11,"Energy and Petroleum","Total Energy",2,28.7,5024365500,23300
2019-10-28,"Energy and Petroleum","Total Energy",2,29.75,5208183750,46200
2019-11-04,"Energy and Petroleum","Total Energy",2,29.3,5129404500,500
2019-11-14,"Energy and Petroleum","Total Energy",2,29.2,5111898000,200
2019-11-20,"Energy and Petroleum","Total Energy",2,29.85,5225690250,600
2019-12-16,"Energy and Petroleum","Total Energy",2,28.25,4945586250,400
2019-12-27,"Energy and Petroleum","Total Energy",2,27.85,4875560250,300
2019-12-31,"Energy and Petroleum","Total Energy",2,27.5,4814287500,100
2020-01-09,"Energy and Petroleum","Total Energy",2,27.85,4875560250,500
2020-03-17,"Energy and Petroleum","Total Energy",2,22.8,3991482000,2300
2020-03-25,"Energy and Petroleum","Total Energy",2,24,4201560000,900
2020-03-30,"Energy and Petroleum","Total Energy",2,22.9,4008988500,1900
2020-04-01,"Energy and Petroleum","Total Energy",2,24.95,4367871750,100
2020-04-07,"Energy and Petroleum","Total Energy",2,22.9,4008988500,12700
2020-05-21,"Energy and Petroleum","Total Energy",2,23.05,4035248250,19400
2020-07-17,"Energy and Petroleum","Total Energy",2,24,4201560000,500
2020-08-03,"Energy and Petroleum","Total Energy",2,22.95,4017741750,2600
2020-08-10,"Energy and Petroleum","Total Energy",2,22.8,3991482000,100
2020-08-13,"Energy and Petroleum","Total Energy",2,23,4026495000,3900
2020-08-24,"Energy and Petroleum","Total Energy",2,22.95,4017741750,4900
2020-09-29,"Energy and Petroleum","Total Energy",2,23.45,4105274250,1000
2020-10-01,"Energy and Petroleum","Total Energy",2,23.5,4114027500,1600
2020-10-15,"Energy and Petroleum","Total Energy",2,24.5,4289092500,500
2020-10-23,"Energy and Petroleum","Total Energy",2,23.35,4087767750,1900
2020-10-28,"Energy and Petroleum","Total Energy",3,24,4201560000,300
2020-11-06,"Energy and Petroleum","Total Energy",2,24.7,4324105500,400
2020-11-11,"Energy and Petroleum","Total Energy",3,22.85,4000235250,400
2020-11-19,"Energy and Petroleum","Total Energy",2,22.3,3903949500,5900
2020-11-24,"Energy and Petroleum","Total Energy",2,22.4,3921456000,2200
2020-12-07,"Energy and Petroleum","Total Energy",3,23.5,4114027500,800
2020-12-14,"Energy and Petroleum","Total Energy",2,24.1,4219066500,100
2020-12-23,"Energy and Petroleum","Total Energy",4,23.5,4114027500,2000
2021-01-04,"Energy and Petroleum","Total Energy",3,24,4201560000,5000
2021-01-07,"Energy and Petroleum","Total Energy",2,24.05,4210313250,1200
2021-01-12,"Energy and Petroleum","Total Energy",2,24.5,4289092500,2500
2021-02-03,"Energy and Petroleum","Total Energy",2,23.3,4079014500,1000
2021-02-11,"Energy and Petroleum","Total Energy",2,25.6,4481664000,400
2021-02-25,"Energy and Petroleum","Total Energy",2,25,4376625000,100
2021-03-05,"Energy and Petroleum","Total Energy",2,23.5,4114027500,12400
2021-03-11,"Energy and Petroleum","Total Energy",2,24,4201560000,100
2021-06-30,"Energy and Petroleum","Total Energy",2,25,4376625000,600
2021-08-13,"Energy and Petroleum","Total Energy",2,24.5,4289092500,1700
2021-09-28,"Energy and Petroleum","Total Energy",2,25.4,4446651000,2400
2021-09-30,"Energy and Petroleum","Total Energy",2,25.35,4437897750,8200
2021-10-08,"Energy and Petroleum","Total Energy",2,25.25,4420391250,2600
2021-11-17,"Energy and Petroleum","Total Energy",2,24.5,4289092500,400
2022-04-11,"Energy and Petroleum","Total Energy",2,24,4201560000,700
2022-05-13,"Energy and Petroleum","Total Energy",2,23.05,4035248250,6400
2022-06-09,"Energy and Petroleum","Total Energy",2,23.5,4114027500,50600
2022-07-07,"Energy and Petroleum","Total Energy",2,24,4201560000,10100
2022-07-27,"Energy and Petroleum","Total Energy",2,23,4026495000,1500
2022-08-11,"Energy and Petroleum","Total Energy",2,24,4201560000,1300
2022-09-08,"Energy and Petroleum","Total Energy",2,23,4026495000,19400
2022-09-16,"Energy and Petroleum","Total Energy",2,24.5,4289092500,2600
2022-10-13,"Energy and Petroleum","Total Energy",2,22.75,3982728750,7600
2022-11-07,"Energy and Petroleum","Total Energy",2,24.45,4280339250,2400
2022-11-21,"Energy and Petroleum","Total Energy",2,23.6,4131534000,9300
2022-11-29,"Energy and Petroleum","Total Energy",4,24,4201560000,300
2022-12-14,"Energy and Petroleum","Total Energy",2,24.5,4289092500,2200
2022-12-21,"Energy and Petroleum","Total Energy",2,23.75,4157793750,1000
2023-01-04,"Energy and Petroleum","Total Energy",2,23.65,4140287250,1800
2023-01-11,"Energy and Petroleum","Total Energy",2,22.9,4008988500,2500
2023-01-16,"Energy and Petroleum","Total Energy",2,22.65,3965222250,1800
2023-01-23,"Energy and Petroleum","Total Energy",2,23.8,4166547000,1800
2023-02-03,"Energy and Petroleum","Total Energy",2,23.55,4122780750,500
2023-04-13,"Energy and Petroleum","Total Energy",2,22.4,3921456000,6600
2023-05-12,"Energy and Petroleum","Total Energy",2,20.4,3571326000,800
2023-05-18,"Energy and Petroleum","Total Energy",2,21.5,3763897500,100
2023-07-10,"Energy and Petroleum","Total Energy",2,20,3501300000,100
2023-07-12,"Energy and Petroleum","Total Energy",2,20.6,3606339000,1300
2023-08-01,"Energy and Petroleum","Total Energy",2,19.15,3352494750,1400
2023-08-17,"Energy and Petroleum","Total Energy",2,19.15,3352494750,3300
2023-09-14,"Energy and Petroleum","Total Energy",2,18.95,3317481750,600
2023-11-16,"Energy and Petroleum","Total Energy",2,16.05,2809793250,100
2023-11-22,"Energy and Petroleum","Total Energy",2,15.85,2774780250,3000
2024-02-27,"Energy and Petroleum","Total Energy",2,17.05,2984858250,5700
2024-03-15,"Energy and Petroleum","Total Energy",2,17.15,3002364750,17300
2024-05-23,"Energy and Petroleum","Total Energy",3,20.8,3641352000,1200
2024-07-05,"Energy and Petroleum","Total Energy",2,21.5,3763897500,200
2024-07-24,"Energy and Petroleum","Total Energy",2,20.85,3650105250,900
2024-08-05,"Energy and Petroleum","Total Energy",2,18.4,3221196000,2200
2024-08-09,"Energy and Petroleum","Total Energy",2,20,3501300000,13700
2024-08-22,"Energy and Petroleum","Total Energy",2,21,3676365000,5900
2024-09-25,"Energy and Petroleum","Total Energy",2,19.95,3492546750,500
2024-11-08,"Energy and Petroleum","Total Energy",2,20.05,3510053250,12400
2024-11-27,"Energy and Petroleum","Total Energy",2,21,3676365000,1200
2024-12-03,"Energy and Petroleum","Total Energy",2,20.1,3518806500,11000
2016-08-18,"Energy and Petroleum","Umeme",11,15,24358170075,336000
2016-08-23,"Energy and Petroleum","Umeme",3,15.8,25657272479,200
2016-08-25,"Energy and Petroleum","Umeme",2,15,24358170075,73000
2016-09-15,"Energy and Petroleum","Umeme",4,15.5,25170109078,222800
2016-09-20,"Energy and Petroleum","Umeme",2,15.5,25170109078,10000
2016-09-22,"Energy and Petroleum","Umeme",2,15.75,25576078579,160200
2016-09-27,"Energy and Petroleum","Umeme",2,16.7,27118762684,100
2016-09-30,"Energy and Petroleum","Umeme",2,15.6,25332496878,8300
2016-10-04,"Energy and Petroleum","Umeme",2,15.5,25170109078,100
2016-10-11,"Energy and Petroleum","Umeme",5,15.5,25170109078,26900
2016-10-18,"Energy and Petroleum","Umeme",5,15.5,25170109078,99600
2016-10-24,"Energy and Petroleum","Umeme",3,15.5,25170109078,7600
2016-10-26,"Energy and Petroleum","Umeme",2,15.5,25170109078,7100
2016-11-01,"Energy and Petroleum","Umeme",2,17,27605926085,100
2016-11-03,"Energy and Petroleum","Umeme",2,15.75,25576078579,500
2016-11-16,"Energy and Petroleum","Umeme",9,15.5,25170109078,111800
2016-11-29,"Energy and Petroleum","Umeme",9,15.75,25576078579,2400
2016-12-06,"Energy and Petroleum","Umeme",5,15.5,25170109078,60800
2016-12-19,"Energy and Petroleum","Umeme",7,15,24358170075,684700
2016-12-23,"Energy and Petroleum","Umeme",3,13.5,21922353068,2000
2017-01-03,"Energy and Petroleum","Umeme",4,13,21110414065,100
2017-01-13,"Energy and Petroleum","Umeme",8,13,21110414065,30000
2017-01-18,"Energy and Petroleum","Umeme",2,13,21110414065,100
2017-01-30,"Energy and Petroleum","Umeme",7,12.9,20948026265,200
2017-02-03,"Energy and Petroleum","Umeme",2,13,21110414065,1000
2017-02-07,"Energy and Petroleum","Umeme",2,13.5,21922353068,2050000
2017-02-15,"Energy and Petroleum","Umeme",6,14.35,23302649372,100
2017-02-17,"Energy and Petroleum","Umeme",2,14.85,24114588374,500
2017-02-23,"Energy and Petroleum","Umeme",3,14.85,24114588374,3100
2017-02-28,"Energy and Petroleum","Umeme",3,14.85,24114588374,100
2017-03-03,"Energy and Petroleum","Umeme",3,14.85,24114588374,29900
2017-03-07,"Energy and Petroleum","Umeme",2,14.85,24114588374,1400
2017-03-09,"Energy and Petroleum","Umeme",2,14.85,24114588374,106700
2017-03-13,"Energy and Petroleum","Umeme",2,16,25982048080,100
2017-03-17,"Energy and Petroleum","Umeme",4,17,27605926085,220000
2017-03-28,"Energy and Petroleum","Umeme",6,16.95,27524732185,74000
2017-04-06,"Energy and Petroleum","Umeme",7,17,27605926085,200
2017-04-10,"Energy and Petroleum","Umeme",2,16.9,27443538285,200
2017-04-19,"Energy and Petroleum","Umeme",4,16.8,27281150484,500
2017-04-25,"Energy and Petroleum","Umeme",3,16.5,26793987083,500
2017-05-12,"Energy and Petroleum","Umeme",8,15.95,25900854180,782000
2017-05-17,"Energy and Petroleum","Umeme",3,14.8,24033394474,5070200
2017-05-26,"Energy and Petroleum","Umeme",2,14.5,23546231073,535000
2017-05-31,"Energy and Petroleum","Umeme",2,14.25,23140261571,400
2017-06-22,"Energy and Petroleum","Umeme",2,13.75,22328322569,116400
2017-07-27,"Energy and Petroleum","Umeme",3,13.5,21922353068,3000
2017-08-09,"Energy and Petroleum","Umeme",2,13.9,22571904270,200
2017-08-28,"Energy and Petroleum","Umeme",2,14,22734292070,100
2017-08-30,"Energy and Petroleum","Umeme",2,14,22734292070,1000
2017-09-05,"Energy and Petroleum","Umeme",4,13.25,21516383566,1800
2017-09-07,"Energy and Petroleum","Umeme",2,13.5,21922353068,700
2017-09-25,"Energy and Petroleum","Umeme",3,13.5,21922353068,100
2017-09-27,"Energy and Petroleum","Umeme",2,14.4,23383843272,100
2017-09-29,"Energy and Petroleum","Umeme",2,14,22734292070,100
2017-10-03,"Energy and Petroleum","Umeme",2,13.5,21922353068,3700
2017-10-11,"Energy and Petroleum","Umeme",5,13,21110414065,3800
2017-10-16,"Energy and Petroleum","Umeme",2,12.55,20379668963,5600
2017-10-24,"Energy and Petroleum","Umeme",2,12,19486536060,14600
2017-11-03,"Energy and Petroleum","Umeme",2,14.1,22896679871,2700
2017-11-08,"Energy and Petroleum","Umeme",3,13.55,22003546968,12800
2017-11-13,"Energy and Petroleum","Umeme",2,13.5,21922353068,10000
2017-11-16,"Energy and Petroleum","Umeme",2,13.75,22328322569,1700
2017-11-20,"Energy and Petroleum","Umeme",2,14,22734292070,300
2017-11-22,"Energy and Petroleum","Umeme",2,14,22734292070,300
2017-11-29,"Energy and Petroleum","Umeme",3,12.75,20704444564,100
2017-12-01,"Energy and Petroleum","Umeme",2,12.7,20623250664,8200
2017-12-05,"Energy and Petroleum","Umeme",2,12.6,20460862863,286900
2017-12-07,"Energy and Petroleum","Umeme",2,12.6,20460862863,299000
2017-12-18,"Energy and Petroleum","Umeme",2,12.6,20460862863,250200
2017-12-21,"Energy and Petroleum","Umeme",3,12.8,20785638464,10000
2017-12-27,"Energy and Petroleum","Umeme",2,13.4,21759965267,200
2018-01-10,"Energy and Petroleum","Umeme",2,12.25,19892505561,100
2018-01-19,"Energy and Petroleum","Umeme",3,12.3,19973699462,300
2018-01-25,"Energy and Petroleum","Umeme",2,12.4,20136087262,300
2018-02-01,"Energy and Petroleum","Umeme",2,13.4,21759965267,1800
2018-02-05,"Energy and Petroleum","Umeme",2,13.3,21597577467,4500
2018-02-07,"Energy and Petroleum","Umeme",2,13.05,21191607965,700
2018-02-21,"Energy and Petroleum","Umeme",10,13,21110414065,500
2018-02-26,"Energy and Petroleum","Umeme",2,12.5,20298475063,100
2018-02-28,"Energy and Petroleum","Umeme",2,13.2,21435189666,100
2018-03-06,"Energy and Petroleum","Umeme",4,13.35,21678771367,2500
2018-03-12,"Energy and Petroleum","Umeme",2,13.35,21678771367,1700
2018-03-15,"Energy and Petroleum","Umeme",2,11.7,18999372659,5400
2018-03-20,"Energy and Petroleum","Umeme",3,12,19486536060,2900
2018-03-23,"Energy and Petroleum","Umeme",3,12,19486536060,500
2018-03-28,"Energy and Petroleum","Umeme",2,12.25,19892505561,100
2018-04-05,"Energy and Petroleum","Umeme",2,12.9,20948026265,2500
2018-04-11,"Energy and Petroleum","Umeme",3,12.9,20948026265,4900
2018-04-18,"Energy and Petroleum","Umeme",2,12.05,19567729960,500
2018-04-26,"Energy and Petroleum","Umeme",3,10.9,17700270255,300
2018-05-02,"Energy and Petroleum","Umeme",3,11.2,18187433656,100
2018-05-08,"Energy and Petroleum","Umeme",2,10.8,17537882454,400
2018-05-11,"Energy and Petroleum","Umeme",2,10.8,17537882454,15600
2018-05-16,"Energy and Petroleum","Umeme",2,10,16238780050,12600
2018-05-21,"Energy and Petroleum","Umeme",3,10,16238780050,7200
2018-05-29,"Energy and Petroleum","Umeme",2,10.9,17700270255,4400
2018-06-04,"Energy and Petroleum","Umeme",3,9.9,16076392250,700
2018-06-07,"Energy and Petroleum","Umeme",2,10.8,17537882454,100
2018-06-18,"Energy and Petroleum","Umeme",2,10.8,17537882454,16000
2018-06-25,"Energy and Petroleum","Umeme",2,9.6,15589228848,5600
2018-07-03,"Energy and Petroleum","Umeme",2,8.5,13802963043,1100
2018-07-09,"Energy and Petroleum","Umeme",2,8.5,13802963043,100
2018-07-17,"Energy and Petroleum","Umeme",2,8.9,14452514245,15000
2018-07-31,"Energy and Petroleum","Umeme",8,8.95,14533708145,1100
2018-08-02,"Energy and Petroleum","Umeme",2,8.55,13884156943,510300
2018-08-07,"Energy and Petroleum","Umeme",3,8.6,13965350843,200
2018-08-14,"Energy and Petroleum","Umeme",3,8.9,14452514245,11000
2018-08-30,"Energy and Petroleum","Umeme",2,9.6,15589228848,300
2018-09-04,"Energy and Petroleum","Umeme",2,10.5,17050719053,100
2018-09-10,"Energy and Petroleum","Umeme",4,10.85,17619076354,5600
2018-10-01,"Energy and Petroleum","Umeme",2,8.95,14533708145,4000
2018-10-17,"Energy and Petroleum","Umeme",3,8.65,14046544743,100
2018-10-24,"Energy and Petroleum","Umeme",3,7.75,12585054539,300
2018-10-31,"Energy and Petroleum","Umeme",4,7.4,12016697237,12200
2018-11-05,"Energy and Petroleum","Umeme",2,8.8,14290126444,300
2018-11-13,"Energy and Petroleum","Umeme",2,7.25,11773115536,29800
2018-11-21,"Energy and Petroleum","Umeme",2,7.5,12179085038,800
2018-11-23,"Energy and Petroleum","Umeme",2,8.25,13396993541,100
2018-11-28,"Energy and Petroleum","Umeme",2,7.5,12179085038,300
2018-12-03,"Energy and Petroleum","Umeme",3,8.2,13315799641,100
2018-12-06,"Energy and Petroleum","Umeme",2,8.8,14290126444,200
2018-12-11,"Energy and Petroleum","Umeme",2,9,14614902045,200
2018-12-18,"Energy and Petroleum","Umeme",4,8.8,14290126444,1100
2019-01-03,"Energy and Petroleum","Umeme",7,8.1,13153411841,100
2019-01-10,"Energy and Petroleum","Umeme",2,8,12991024040,600
2019-01-28,"Energy and Petroleum","Umeme",2,7.7,12503860639,400
2019-02-06,"Energy and Petroleum","Umeme",2,7.82,12698725999,200
2019-03-25,"Energy and Petroleum","Umeme",2,8.04,13055979160,27900
2019-04-02,"Energy and Petroleum","Umeme",2,8.14,13218366961,65400
2019-04-26,"Energy and Petroleum","Umeme",4,8,12991024040,200
2019-05-02,"Energy and Petroleum","Umeme",2,8,12991024040,200
2019-05-09,"Energy and Petroleum","Umeme",2,8.2,13315799641,500
2019-05-22,"Energy and Petroleum","Umeme",2,8.28,13445709881,800
2019-05-24,"Energy and Petroleum","Umeme",2,8.3,13478187442,100
2019-06-10,"Energy and Petroleum","Umeme",4,7.5,12179085038,600
2019-06-13,"Energy and Petroleum","Umeme",3,7.68,12471383078,400
2019-06-18,"Energy and Petroleum","Umeme",2,7.58,12308995278,134300
2019-06-20,"Energy and Petroleum","Umeme",2,7.66,12438905518,21300
2019-07-10,"Energy and Petroleum","Umeme",9,7.5,12179085038,1300
2019-07-16,"Energy and Petroleum","Umeme",2,8,12991024040,500
2019-07-29,"Energy and Petroleum","Umeme",3,7.5,12179085038,1000
2019-07-31,"Energy and Petroleum","Umeme",2,8.1,13153411841,400
2019-08-05,"Energy and Petroleum","Umeme",2,8.1,13153411841,500
2019-08-16,"Energy and Petroleum","Umeme",7,7.6,12341472838,14500
2019-08-22,"Energy and Petroleum","Umeme",2,7.78,12633770879,300
2019-08-27,"Energy and Petroleum","Umeme",2,7.3,11854309437,100
2019-08-29,"Energy and Petroleum","Umeme",2,6.82,11074847994,11500
2019-09-04,"Energy and Petroleum","Umeme",2,6.58,10685117273,100
2019-09-10,"Energy and Petroleum","Umeme",3,6.68,10847505073,1200
2019-09-17,"Energy and Petroleum","Umeme",5,6.68,10847505073,7400
2019-09-24,"Energy and Petroleum","Umeme",2,6.04,9808223150,1400
2019-09-27,"Energy and Petroleum","Umeme",3,6.64,10782549953,33500
2019-10-02,"Energy and Petroleum","Umeme",2,7.16,11626966516,3300
2019-10-15,"Energy and Petroleum","Umeme",2,7.5,12179085038,3000
2019-10-22,"Energy and Petroleum","Umeme",2,8.06,13088456720,200
2019-10-25,"Energy and Petroleum","Umeme",3,8.14,13218366961,1100
2019-11-06,"Energy and Petroleum","Umeme",2,8,12991024040,4700
2019-11-11,"Energy and Petroleum","Umeme",2,8.3,13478187442,500
2019-11-20,"Energy and Petroleum","Umeme",3,6.8,11042370434,5100
2019-11-29,"Energy and Petroleum","Umeme",5,6.3,10230431432,2600
2019-12-04,"Energy and Petroleum","Umeme",2,6,9743268030,71400
2019-12-06,"Energy and Petroleum","Umeme",2,6.5,10555207033,1400
2019-12-10,"Energy and Petroleum","Umeme",2,6.54,10620162153,3100
2019-12-16,"Energy and Petroleum","Umeme",2,7,11367146035,100
2020-01-09,"Energy and Petroleum","Umeme",2,8.2,13315799641,500
2020-01-13,"Energy and Petroleum","Umeme",2,8,12991024040,100
2020-01-24,"Energy and Petroleum","Umeme",5,8,12991024040,100
2020-02-18,"Energy and Petroleum","Umeme",3,7.68,12471383078,5500
2020-02-20,"Energy and Petroleum","Umeme",2,7.96,12926068920,1000
2020-02-27,"Energy and Petroleum","Umeme",4,7.58,12308995278,400
2020-03-02,"Energy and Petroleum","Umeme",2,7.42,12049174797,300
2020-03-17,"Energy and Petroleum","Umeme",4,6.78,11009892874,1000
2020-04-07,"Energy and Petroleum","Umeme",3,6.82,11074847994,4000
2020-07-13,"Energy and Petroleum","Umeme",2,7,11367146035,6700
2020-08-27,"Energy and Petroleum","Umeme",2,7.04,11432101155,2500
2020-10-02,"Energy and Petroleum","Umeme",2,7.18,11659444076,5800
2020-10-07,"Energy and Petroleum","Umeme",2,7.48,12146607477,300
2020-10-09,"Energy and Petroleum","Umeme",2,7.5,12179085038,200
2020-10-15,"Energy and Petroleum","Umeme",2,6.9,11204758235,2000
2020-10-23,"Energy and Petroleum","Umeme",2,7.18,11659444076,100
2020-10-29,"Energy and Petroleum","Umeme",2,7.2,11691921636,16000
2020-11-06,"Energy and Petroleum","Umeme",2,7.18,11659444076,100
2020-11-12,"Energy and Petroleum","Umeme",2,7,11367146035,100
2020-11-17,"Energy and Petroleum","Umeme",2,7,11367146035,200
2020-11-19,"Energy and Petroleum","Umeme",2,7,11367146035,3000
2020-11-26,"Energy and Petroleum","Umeme",4,7.2,11691921636,200
2020-12-03,"Energy and Petroleum","Umeme",2,7,11367146035,700
2020-12-10,"Energy and Petroleum","Umeme",2,6.56,10652639713,700
2020-12-17,"Energy and Petroleum","Umeme",2,6.6,10717594833,100
2020-12-22,"Energy and Petroleum","Umeme",2,7.04,11432101155,900
2020-12-31,"Energy and Petroleum","Umeme",4,7.28,11821831876,200
2021-01-12,"Energy and Petroleum","Umeme",2,7.28,11821831876,400300
2021-01-18,"Energy and Petroleum","Umeme",2,7.2,11691921636,86300
2021-01-20,"Energy and Petroleum","Umeme",2,7.2,11691921636,10200
2021-01-27,"Energy and Petroleum","Umeme",2,7.12,11562011396,1300
2021-02-08,"Energy and Petroleum","Umeme",3,7,11367146035,100
2021-02-12,"Energy and Petroleum","Umeme",2,6.8,11042370434,200
2021-03-15,"Energy and Petroleum","Umeme",3,6.6,10717594833,30600
2021-03-18,"Energy and Petroleum","Umeme",2,6.62,10750072393,100
2021-03-22,"Energy and Petroleum","Umeme",2,6.9,11204758235,10600
2021-03-29,"Energy and Petroleum","Umeme",2,6.94,11269713355,500
2021-04-12,"Energy and Petroleum","Umeme",3,6.5,10555207033,1900
2021-04-16,"Energy and Petroleum","Umeme",2,6.82,11074847994,5200
2021-04-21,"Energy and Petroleum","Umeme",3,6.32,10262908992,200
2021-04-23,"Energy and Petroleum","Umeme",2,6.32,10262908992,48900
2021-05-04,"Energy and Petroleum","Umeme",2,6.18,10035566071,5600
2021-05-17,"Energy and Petroleum","Umeme",2,6.1,9905655831,1100
2021-05-27,"Energy and Petroleum","Umeme",3,5.58,9061239268,1500
2021-06-03,"Energy and Petroleum","Umeme",2,6.08,9873178270,10100
2021-07-06,"Energy and Petroleum","Umeme",2,5.52,8963806588,2600
2021-07-30,"Energy and Petroleum","Umeme",2,6.5,10555207033,6000
2021-08-10,"Energy and Petroleum","Umeme",3,6.4,10392819232,3100
2021-08-12,"Energy and Petroleum","Umeme",2,7,11367146035,200
2021-08-19,"Energy and Petroleum","Umeme",2,6.5,10555207033,5900
2021-09-03,"Energy and Petroleum","Umeme",3,7,11367146035,4000
2021-09-24,"Energy and Petroleum","Umeme",2,6.78,11009892874,5100
2021-09-28,"Energy and Petroleum","Umeme",2,7,11367146035,200
2021-09-30,"Energy and Petroleum","Umeme",2,7,11367146035,2000
2021-10-19,"Energy and Petroleum","Umeme",2,6.9,11204758235,100
2021-10-22,"Energy and Petroleum","Umeme",2,6.84,11107325554,1700
2021-10-29,"Energy and Petroleum","Umeme",2,6.64,10782549953,900
2021-11-04,"Energy and Petroleum","Umeme",2,6.9,11204758235,2100
2021-11-22,"Energy and Petroleum","Umeme",3,6.9,11204758235,300
2021-11-30,"Energy and Petroleum","Umeme",2,6.9,11204758235,100
2021-12-07,"Energy and Petroleum","Umeme",2,6.3,10230431432,3800
2021-12-14,"Energy and Petroleum","Umeme",3,6.9,11204758235,100
2021-12-28,"Energy and Petroleum","Umeme",3,7,11367146035,200
2022-01-06,"Energy and Petroleum","Umeme",6,6.74,10944937754,400
2022-01-12,"Energy and Petroleum","Umeme",2,6.74,10944937754,600
2022-01-18,"Energy and Petroleum","Umeme",2,6.5,10555207033,700
2022-02-04,"Energy and Petroleum","Umeme",5,5.94,9645835350,100
2022-02-11,"Energy and Petroleum","Umeme",2,6,9743268030,25600
2022-02-21,"Energy and Petroleum","Umeme",2,6.12,9938133391,1000
2022-03-17,"Energy and Petroleum","Umeme",3,6.7,10879982634,400
2022-03-21,"Energy and Petroleum","Umeme",2,6.12,9938133391,300
2022-04-19,"Energy and Petroleum","Umeme",2,7.86,12763681119,3100
2022-07-22,"Energy and Petroleum","Umeme",2,7.2,11691921636,1300
2022-07-27,"Energy and Petroleum","Umeme",2,7.36,11951742117,4600
2022-08-22,"Energy and Petroleum","Umeme",2,8.02,13023501600,50900
2022-08-29,"Energy and Petroleum","Umeme",2,7.74,12568815759,7600
2022-09-22,"Energy and Petroleum","Umeme",2,7.46,12114129917,3700
2022-10-06,"Energy and Petroleum","Umeme",2,7.24,11756876756,2600
2022-11-23,"Energy and Petroleum","Umeme",2,6.8,11042370434,218300
2022-11-29,"Energy and Petroleum","Umeme",2,7.1,11529533836,3800
2022-12-02,"Energy and Petroleum","Umeme",2,7,11367146035,700
2023-01-27,"Energy and Petroleum","Umeme",2,8.88,14420036684,1000
2023-08-28,"Energy and Petroleum","Umeme",2,13.55,22003546968,1500
2023-12-15,"Insurance","Britam Holdings",2,4.93,12440790003,8800
2016-08-09,"Insurance","JUBILEE HOLDINGS",2,470,30965710300,900
2016-08-11,"Insurance","JUBILEE HOLDINGS",2,470,30965710300,0
2018-03-27,"Insurance","JUBILEE HOLDINGS",2,530,38410663500,4800
2022-11-17,"Insurance","JUBILEE HOLDINGS",2,198.25,14367762338,2300
2022-12-13,"Insurance","JUBILEE HOLDINGS",2,200,14494590000,0
2023-01-26,"Insurance","JUBILEE HOLDINGS",2,194.25,14077870538,0
2023-06-27,"Insurance","JUBILEE HOLDINGS",2,181,13117603950,1000
2024-09-02,"Insurance","JUBILEE HOLDINGS",2,152,11015888400,800
2016-08-22,"Insurance","Liberty Kenya Holdings",2,14.4,7714187986,10000
2016-08-26,"Insurance","Liberty Kenya Holdings",2,16.45,8812388359,23400
2016-09-01,"Insurance","Liberty Kenya Holdings",2,16,8571319984,700
2016-09-14,"Insurance","Liberty Kenya Holdings",4,13.8,7392763486,13400
2016-09-20,"Insurance","Liberty Kenya Holdings",2,13.15,7044553612,20600
2016-09-23,"Insurance","Liberty Kenya Holdings",3,14,7499904986,900
2016-10-18,"Insurance","Liberty Kenya Holdings",2,13.8,7392763486,145000
2016-10-28,"Insurance","Liberty Kenya Holdings",2,13.65,7312407361,17500
2016-11-11,"Insurance","Liberty Kenya Holdings",2,14.6,7821329485,200
2016-12-06,"Insurance","Liberty Kenya Holdings",3,13.6,7285621986,700
2016-12-20,"Insurance","Liberty Kenya Holdings",3,13.9,7446334236,12400
2017-01-12,"Insurance","Liberty Kenya Holdings",2,13.5,7232051237,600
2017-01-24,"Insurance","Liberty Kenya Holdings",2,12.5,6696343738,700
2017-01-31,"Insurance","Liberty Kenya Holdings",2,12.55,6723129112,2400
2017-02-24,"Insurance","Liberty Kenya Holdings",2,12.4,6642772988,1400
2017-03-06,"Insurance","Liberty Kenya Holdings",2,11.05,5919567864,18500
2017-03-14,"Insurance","Liberty Kenya Holdings",2,11,5892782489,3400
2017-04-04,"Insurance","Liberty Kenya Holdings",2,11.3,6053494739,2700
2017-04-18,"Insurance","Liberty Kenya Holdings",2,10.75,5758855614,4500
2017-07-28,"Insurance","Liberty Kenya Holdings",3,12.95,6937412112,10300
2017-08-10,"Insurance","Liberty Kenya Holdings",2,13.4,7178480487,2100
2017-10-05,"Insurance","Liberty Kenya Holdings",2,12.5,6696343738,28500
2018-01-03,"Insurance","Liberty Kenya Holdings",2,12.8,6857055987,600
2018-03-16,"Insurance","Liberty Kenya Holdings",2,13.45,7205265862,25700
2018-04-27,"Insurance","Liberty Kenya Holdings",2,13.4,7178480487,7900
2018-06-28,"Insurance","Liberty Kenya Holdings",2,13.6,7285621986,2400
2018-07-05,"Insurance","Liberty Kenya Holdings",2,13.3,7124909737,16700
2018-09-11,"Insurance","Liberty Kenya Holdings",2,12.6,6749914487,41500
2018-10-18,"Insurance","Liberty Kenya Holdings",2,13.25,7098124362,100
2018-11-12,"Insurance","Liberty Kenya Holdings",2,12,6428489988,1000
2018-12-10,"Insurance","Liberty Kenya Holdings",2,12.95,6937412112,100
2018-12-19,"Insurance","Liberty Kenya Holdings",2,11.8,6321348488,700
2018-12-24,"Insurance","Liberty Kenya Holdings",2,12.9,6910626737,1800
2019-01-02,"Insurance","Liberty Kenya Holdings",3,12.95,6937412112,300
2019-01-04,"Insurance","Liberty Kenya Holdings",2,12.05,6455275363,6100
2019-02-19,"Insurance","Liberty Kenya Holdings",2,12,6428489988,100
2019-02-22,"Insurance","Liberty Kenya Holdings",2,11.2,5999923989,6100
2019-05-22,"Insurance","Liberty Kenya Holdings",2,9.58,5132077840,1800
2019-07-26,"Insurance","Liberty Kenya Holdings",2,10.5,5624928740,21300
2019-08-05,"Insurance","Liberty Kenya Holdings",2,10.8,5785640989,200
2019-08-13,"Insurance","Liberty Kenya Holdings",2,10.4,5571357990,10200
2019-09-11,"Insurance","Liberty Kenya Holdings",2,9.92,5314218390,600
2019-09-17,"Insurance","Liberty Kenya Holdings",2,9.98,5346360840,21300
2019-09-24,"Insurance","Liberty Kenya Holdings",2,10,5357074990,2700
2019-10-25,"Insurance","Liberty Kenya Holdings",3,10.4,5571357990,200
2019-11-05,"Insurance","Liberty Kenya Holdings",3,10,5357074990,22600
2019-11-12,"Insurance","Liberty Kenya Holdings",2,10.5,5624928740,900
2019-11-27,"Insurance","Liberty Kenya Holdings",3,10.15,5437431115,7300
2019-11-29,"Insurance","Liberty Kenya Holdings",2,9.96,5335646690,12200
2019-12-27,"Insurance","Liberty Kenya Holdings",2,10.35,5544572615,4100
2020-01-21,"Insurance","Liberty Kenya Holdings",2,10.65,5705284864,1500
2020-03-10,"Insurance","Liberty Kenya Holdings",2,6.88,3685667593,34700
2020-03-12,"Insurance","Liberty Kenya Holdings",2,7.02,3760666643,102010
2020-03-30,"Insurance","Liberty Kenya Holdings",2,8.46,4532085442,400
2020-04-14,"Insurance","Liberty Kenya Holdings",2,8.4,4499942992,200
2020-04-24,"Insurance","Liberty Kenya Holdings",3,8.2,4392801492,1800
2020-05-18,"Insurance","Liberty Kenya Holdings",2,7.5,4017806243,1200
2020-05-26,"Insurance","Liberty Kenya Holdings",2,8.32,4457086392,3000
2020-06-02,"Insurance","Liberty Kenya Holdings",2,8.3,4446372242,1000
2020-06-11,"Insurance","Liberty Kenya Holdings",2,7.98,4274945842,2100
2020-06-26,"Insurance","Liberty Kenya Holdings",2,7.22,3867808143,100
2020-07-06,"Insurance","Liberty Kenya Holdings",2,8.7,4660655241,200
2020-07-09,"Insurance","Liberty Kenya Holdings",2,8,4285659992,9900
2020-07-17,"Insurance","Liberty Kenya Holdings",4,7.9,4232089242,1300
2020-07-24,"Insurance","Liberty Kenya Holdings",2,8.04,4307088292,1000
2020-08-06,"Insurance","Liberty Kenya Holdings",4,7.96,4264231692,1800
2020-08-19,"Insurance","Liberty Kenya Holdings",3,7.8,4178518492,500
2020-08-24,"Insurance","Liberty Kenya Holdings",3,8.1,4339230742,300
2020-09-01,"Insurance","Liberty Kenya Holdings",3,7.7,4124947742,63500
2020-09-04,"Insurance","Liberty Kenya Holdings",2,8,4285659992,2500
2020-09-16,"Insurance","Liberty Kenya Holdings",3,7.98,4274945842,9300
2020-09-21,"Insurance","Liberty Kenya Holdings",3,7.5,4017806243,8100
2020-09-24,"Insurance","Liberty Kenya Holdings",2,7.78,4167804342,15600
2020-09-28,"Insurance","Liberty Kenya Holdings",2,7.6,4071376992,100
2020-10-06,"Insurance","Liberty Kenya Holdings",5,7.52,4028520392,12500
2020-10-16,"Insurance","Liberty Kenya Holdings",2,8,4285659992,400
2020-10-23,"Insurance","Liberty Kenya Holdings",2,7.8,4178518492,100
2020-11-05,"Insurance","Liberty Kenya Holdings",2,7.82,4189232642,700
2020-11-11,"Insurance","Liberty Kenya Holdings",2,7.2,3857093993,36400
2020-11-17,"Insurance","Liberty Kenya Holdings",2,7.5,4017806243,200
2020-11-19,"Insurance","Liberty Kenya Holdings",2,7.5,4017806243,2300
2020-11-26,"Insurance","Liberty Kenya Holdings",2,7.56,4049948692,600
2020-12-09,"Insurance","Liberty Kenya Holdings",4,7.7,4124947742,600
2020-12-11,"Insurance","Liberty Kenya Holdings",2,7.5,4017806243,600
2020-12-15,"Insurance","Liberty Kenya Holdings",2,6.8,3642810993,99800
2021-01-05,"Insurance","Liberty Kenya Holdings",2,7.5,4017806243,6200
2021-01-21,"Insurance","Liberty Kenya Holdings",2,7.4,3964235493,200
2021-01-28,"Insurance","Liberty Kenya Holdings",2,7.5,4017806243,4000
2021-02-05,"Insurance","Liberty Kenya Holdings",2,7.9,4232089242,6100
2021-02-19,"Insurance","Liberty Kenya Holdings",2,7.46,3996377943,1000
2021-03-01,"Insurance","Liberty Kenya Holdings",2,7.7,4124947742,3600
2021-03-26,"Insurance","Liberty Kenya Holdings",2,8.2,4392801492,100
2021-04-08,"Insurance","Liberty Kenya Holdings",2,8.32,4457086392,10500
2021-05-05,"Insurance","Liberty Kenya Holdings",2,7.6,4071376992,3200
2021-05-07,"Insurance","Liberty Kenya Holdings",2,7.58,4060662842,6700
2021-05-12,"Insurance","Liberty Kenya Holdings",2,7.98,4274945842,100
2021-05-17,"Insurance","Liberty Kenya Holdings",2,7.5,4017806243,500
2021-05-31,"Insurance","Liberty Kenya Holdings",2,7.02,3760666643,1000
2021-06-17,"Insurance","Liberty Kenya Holdings",3,6.9,3696381743,7100
2021-07-12,"Insurance","Liberty Kenya Holdings",2,8,4285659992,100
2021-08-02,"Insurance","Liberty Kenya Holdings",2,9.02,4832081641,600
2021-08-06,"Insurance","Liberty Kenya Holdings",3,9.06,4853509941,2200
2021-09-27,"Insurance","Liberty Kenya Holdings",2,7.76,4157090192,200
2021-10-13,"Insurance","Liberty Kenya Holdings",2,8.14,4360659042,2100
2021-11-11,"Insurance","Liberty Kenya Holdings",2,7.38,3953521343,1800
2021-11-19,"Insurance","Liberty Kenya Holdings",2,7.46,3996377943,2100
2021-11-29,"Insurance","Liberty Kenya Holdings",2,6.8,3642810993,100
2021-12-16,"Insurance","Liberty Kenya Holdings",2,7.04,3771380793,3200
2021-12-21,"Insurance","Liberty Kenya Holdings",2,7,3749952493,100
2021-12-28,"Insurance","Liberty Kenya Holdings",2,7.18,3846379843,300
2022-01-07,"Insurance","Liberty Kenya Holdings",2,7.04,3771380793,2000
2022-01-13,"Insurance","Liberty Kenya Holdings",2,7,3749952493,8600
2022-01-24,"Insurance","Liberty Kenya Holdings",2,6.9,3696381743,300
2022-01-27,"Insurance","Liberty Kenya Holdings",2,7,3749952493,200
2022-02-15,"Insurance","Liberty Kenya Holdings",2,7,3749952493,1500
2022-02-17,"Insurance","Liberty Kenya Holdings",2,7,3749952493,100
2022-03-17,"Insurance","Liberty Kenya Holdings",2,6.5,3482098744,22700
2022-03-21,"Insurance","Liberty Kenya Holdings",2,6.36,3407099694,200
2022-03-24,"Insurance","Liberty Kenya Holdings",2,6.34,3396385544,700
2022-03-31,"Insurance","Liberty Kenya Holdings",2,5.92,3171388394,1900
2022-04-12,"Insurance","Liberty Kenya Holdings",2,5.7,3053532744,8300
2022-05-11,"Insurance","Liberty Kenya Holdings",2,5.78,3096389344,8100
2022-05-13,"Insurance","Liberty Kenya Holdings",2,5.7,3053532744,200
2022-06-13,"Insurance","Liberty Kenya Holdings",2,5.16,2764250695,100
2022-07-01,"Insurance","Liberty Kenya Holdings",3,5.4,2892820495,2100
2022-07-06,"Insurance","Liberty Kenya Holdings",2,5.76,3085675194,10500
2022-07-13,"Insurance","Liberty Kenya Holdings",3,5.52,2957105394,1200
2022-07-26,"Insurance","Liberty Kenya Holdings",2,5.8,3107103494,600
2022-08-02,"Insurance","Liberty Kenya Holdings",2,5.72,3064246894,300
2022-08-11,"Insurance","Liberty Kenya Holdings",2,6.14,3289244044,1300
2022-08-17,"Insurance","Liberty Kenya Holdings",2,6.74,3610668543,200
2022-08-25,"Insurance","Liberty Kenya Holdings",2,6.78,3632096843,800
2022-09-01,"Insurance","Liberty Kenya Holdings",3,7.36,3942807193,600
2022-09-07,"Insurance","Liberty Kenya Holdings",2,7.46,3996377943,1300
2022-09-14,"Insurance","Liberty Kenya Holdings",4,7,3749952493,100
2022-09-20,"Insurance","Liberty Kenya Holdings",4,7,3749952493,500
2022-09-30,"Insurance","Liberty Kenya Holdings",2,5.8,3107103494,1800
2022-10-13,"Insurance","Liberty Kenya Holdings",2,5.38,2882106345,3900
2022-10-26,"Insurance","Liberty Kenya Holdings",2,5.34,2860678045,4800
2022-11-03,"Insurance","Liberty Kenya Holdings",3,5,2678537495,3800
2022-12-01,"Insurance","Liberty Kenya Holdings",2,4.28,2292828096,21200
2022-12-14,"Insurance","Liberty Kenya Holdings",2,4.91,2630323820,300
2022-12-21,"Insurance","Liberty Kenya Holdings",3,5.66,3032104444,2000
2023-01-06,"Insurance","Liberty Kenya Holdings",2,4.66,2496396945,5000
2023-02-03,"Insurance","Liberty Kenya Holdings",3,4.6,2464254495,15100
2023-02-09,"Insurance","Liberty Kenya Holdings",3,4.99,2673180420,2000
2023-04-05,"Insurance","Liberty Kenya Holdings",2,4.61,2469611570,8300
2023-05-08,"Insurance","Liberty Kenya Holdings",2,4,2142829996,1000
2023-06-07,"Insurance","Liberty Kenya Holdings",2,4.4,2357112996,2000
2023-06-14,"Insurance","Liberty Kenya Holdings",2,4.3,2303542246,500
2023-06-26,"Insurance","Liberty Kenya Holdings",3,3.7,1982117746,100
2023-06-29,"Insurance","Liberty Kenya Holdings",2,4.05,2169615371,500
2023-07-05,"Insurance","Liberty Kenya Holdings",2,4.07,2180329521,7700
2023-07-07,"Insurance","Liberty Kenya Holdings",2,4.24,2271399796,400
2023-07-17,"Insurance","Liberty Kenya Holdings",2,4.01,2148187071,10600
2023-07-21,"Insurance","Liberty Kenya Holdings",2,4.28,2292828096,300
2023-07-25,"Insurance","Liberty Kenya Holdings",2,3.95,2116044621,6600
2023-08-03,"Insurance","Liberty Kenya Holdings",3,4,2142829996,1000
2023-08-09,"Insurance","Liberty Kenya Holdings",2,3.99,2137472921,200
2023-08-17,"Insurance","Liberty Kenya Holdings",2,3.97,2126758771,34400
2023-08-29,"Insurance","Liberty Kenya Holdings",2,4,2142829996,4900
2023-09-20,"Insurance","Liberty Kenya Holdings",2,4,2142829996,400
2023-10-09,"Insurance","Liberty Kenya Holdings",3,3.45,1848190872,1000
2023-10-13,"Insurance","Liberty Kenya Holdings",2,4,2142829996,43000
2023-11-02,"Insurance","Liberty Kenya Holdings",3,3.73,1998188971,1300
2023-11-07,"Insurance","Liberty Kenya Holdings",3,3.63,1944618221,8000
2023-11-21,"Insurance","Liberty Kenya Holdings",2,3.85,2062473871,400
2023-11-23,"Insurance","Liberty Kenya Holdings",2,3.5,1874976247,100
2023-11-29,"Insurance","Liberty Kenya Holdings",3,3.56,1907118696,600
2023-12-01,"Insurance","Liberty Kenya Holdings",2,3.91,2094616321,500
2023-12-14,"Insurance","Liberty Kenya Holdings",3,3.85,2062473871,1000
2023-12-20,"Insurance","Liberty Kenya Holdings",3,4,2142829996,8200
2024-01-02,"Insurance","Liberty Kenya Holdings",5,3.86,2067830946,400
2024-01-04,"Insurance","Liberty Kenya Holdings",2,4.22,2260685646,200
2024-01-08,"Insurance","Liberty Kenya Holdings",2,4.22,2260685646,25900
2024-01-11,"Insurance","Liberty Kenya Holdings",2,4.93,2641037970,800
2024-02-01,"Insurance","Liberty Kenya Holdings",2,5.08,2721394095,37100
2024-02-07,"Insurance","Liberty Kenya Holdings",2,5,2678537495,41000
2024-02-15,"Insurance","Liberty Kenya Holdings",2,5.48,2935677095,400
2024-02-20,"Insurance","Liberty Kenya Holdings",2,5.54,2967819544,9000
2024-02-22,"Insurance","Liberty Kenya Holdings",2,5.2,2785678995,76500
2024-02-29,"Insurance","Liberty Kenya Holdings",4,5.5,2946391245,3400
2024-03-14,"Insurance","Liberty Kenya Holdings",3,5.5,2946391245,63000
2024-03-18,"Insurance","Liberty Kenya Holdings",2,5,2678537495,6400
2024-03-20,"Insurance","Liberty Kenya Holdings",2,5,2678537495,2700
2024-04-05,"Insurance","Liberty Kenya Holdings",2,5.12,2742822395,1000
2024-05-31,"Insurance","Liberty Kenya Holdings",2,5.8,3107103494,200
2024-06-10,"Insurance","Liberty Kenya Holdings",2,5.42,2903534645,100
2024-06-21,"Insurance","Liberty Kenya Holdings",2,5.82,3117817644,200
2024-07-16,"Insurance","Liberty Kenya Holdings",2,5.7,3053532744,1100
2024-07-22,"Insurance","Liberty Kenya Holdings",2,5.6,2999961994,200
2024-08-08,"Insurance","Liberty Kenya Holdings",2,4.87,2608895520,10700
2024-08-12,"Insurance","Liberty Kenya Holdings",2,5.06,2710679945,1100
2024-09-04,"Insurance","Liberty Kenya Holdings",2,5.5,2946391245,12300
2024-09-24,"Insurance","Liberty Kenya Holdings",2,5.46,2924962945,2500
2024-09-30,"Insurance","Liberty Kenya Holdings",2,5.36,2871392195,1000
2024-10-09,"Insurance","Liberty Kenya Holdings",3,6,3214244994,300
2024-10-15,"Insurance","Liberty Kenya Holdings",2,6.56,3514241193,300
2024-11-14,"Insurance","Liberty Kenya Holdings",2,7.96,4264231692,100
2024-11-19,"Insurance","Liberty Kenya Holdings",2,7.34,3932093043,11300
2024-11-22,"Insurance","Liberty Kenya Holdings",2,7.08,3792809093,6200
2024-12-03,"Insurance","Liberty Kenya Holdings",2,7.06,3782094943,600
2024-12-09,"Insurance","Liberty Kenya Holdings",3,7.36,3942807193,3100
2024-12-11,"Insurance","Liberty Kenya Holdings",2,6.9,3696381743,900
2024-12-20,"Insurance","Liberty Kenya Holdings",2,6.5,3482098744,200
2016-08-03,"Insurance","Sanlam Kenya PLC",2,23.83,3431520000,1116.187142
2016-08-10,"Insurance","Sanlam Kenya PLC",3,24.93,3589920000,159.455306
2016-08-15,"Insurance","Sanlam Kenya PLC",2,25.09,3612960000,956.7318362
2016-08-30,"Insurance","Sanlam Kenya PLC",2,22.26,3205440000,9567.318362
2016-09-02,"Insurance","Sanlam Kenya PLC",2,19.75,2.844e+09,159.455306
2016-09-09,"Insurance","Sanlam Kenya PLC",2,20.7,2980800000,1594.55306
2016-09-21,"Insurance","Sanlam Kenya PLC",3,22.89,3296160000,2232.374284
2016-09-23,"Insurance","Sanlam Kenya PLC",2,23.2,3340800000,159.455306
2016-09-28,"Insurance","Sanlam Kenya PLC",3,21.95,3160800000,637821.2241
2016-10-04,"Insurance","Sanlam Kenya PLC",2,23.2,3340800000,2870.195509
2016-10-10,"Insurance","Sanlam Kenya PLC",2,22.73,3273120000,1275.642448
2016-10-12,"Insurance","Sanlam Kenya PLC",2,22.73,3273120000,1594.55306
2016-10-28,"Insurance","Sanlam Kenya PLC",4,19.75,2.844e+09,1594.55306
2016-11-02,"Insurance","Sanlam Kenya PLC",3,21.64,3116160000,797.2765302
2016-11-10,"Insurance","Sanlam Kenya PLC",2,20.7,2980800000,5580.935711
2016-11-14,"Insurance","Sanlam Kenya PLC",2,20.85,3002400000,1435.097754
2016-11-22,"Insurance","Sanlam Kenya PLC",3,20.54,2957760000,159.455306
2016-11-29,"Insurance","Sanlam Kenya PLC",4,20.54,2957760000,3508.016733
2016-12-05,"Insurance","Sanlam Kenya PLC",2,20.38,2934720000,159.455306
2016-12-13,"Insurance","Sanlam Kenya PLC",3,17.87,2573280000,5580.935711
2016-12-15,"Insurance","Sanlam Kenya PLC",2,17.72,2551680000,5102.569793
2016-12-22,"Insurance","Sanlam Kenya PLC",4,17.4,2505600000,1116.187142
2016-12-30,"Insurance","Sanlam Kenya PLC",4,17.25,2.484e+09,9088.952444
2017-01-09,"Insurance","Sanlam Kenya PLC",2,16.46,2370240000,797.2765302
2017-01-25,"Insurance","Sanlam Kenya PLC",2,13.8,1987200000,10524.0502
2017-02-02,"Insurance","Sanlam Kenya PLC",3,12.42,1788480000,159.455306
2017-02-06,"Insurance","Sanlam Kenya PLC",2,12.54,1805760000,1594.55306
2017-02-10,"Insurance","Sanlam Kenya PLC",2,15.68,2257920000,159.455306
2017-03-14,"Insurance","Sanlam Kenya PLC",2,16.15,2325600000,11640.23734
2017-03-31,"Insurance","Sanlam Kenya PLC",2,15.52,2234880000,2232.374284
2017-04-10,"Insurance","Sanlam Kenya PLC",2,15.68,2257920000,8929.497138
2017-04-19,"Insurance","Sanlam Kenya PLC",2,14.11,2031840000,40820.55834
2017-04-21,"Insurance","Sanlam Kenya PLC",2,15.52,2234880000,159.455306
2017-04-26,"Insurance","Sanlam Kenya PLC",2,15.68,2257920000,159.455306
2017-05-02,"Insurance","Sanlam Kenya PLC",2,15.99,2302560000,637.8212241
2017-05-05,"Insurance","Sanlam Kenya PLC",2,15.52,2234880000,25034.48305
2017-05-09,"Insurance","Sanlam Kenya PLC",2,15.68,2257920000,21207.5557
2017-07-06,"Insurance","Sanlam Kenya PLC",2,18.03,2596320000,159.455306
2017-07-25,"Insurance","Sanlam Kenya PLC",3,16.93,2437920000,1275.642448
2017-08-24,"Insurance","Sanlam Kenya PLC",2,19.13,2754720000,8451.13122
2017-09-05,"Insurance","Sanlam Kenya PLC",2,17.87,2573280000,7016.033465
2017-09-13,"Insurance","Sanlam Kenya PLC",2,17.72,2551680000,7653.85469
2017-09-15,"Insurance","Sanlam Kenya PLC",2,18.66,2687040000,3189.106121
2017-09-21,"Insurance","Sanlam Kenya PLC",2,18.66,2687040000,4305.293263
2017-09-27,"Insurance","Sanlam Kenya PLC",3,17.56,2528640000,2551.284897
2017-10-09,"Insurance","Sanlam Kenya PLC",2,18.34,2640960000,1275.642448
2017-10-17,"Insurance","Sanlam Kenya PLC",2,18.19,2619360000,159.455306
2017-10-19,"Insurance","Sanlam Kenya PLC",2,16.93,2437920000,1594.55306
2017-11-01,"Insurance","Sanlam Kenya PLC",5,18.19,2619360000,14829.34346
2017-11-13,"Insurance","Sanlam Kenya PLC",2,16.78,2416320000,19613.00264
2017-11-17,"Insurance","Sanlam Kenya PLC",3,16.93,2437920000,1275.642448
2017-11-22,"Insurance","Sanlam Kenya PLC",2,17.09,2460960000,891674.0713
2017-12-04,"Insurance","Sanlam Kenya PLC",2,18.03,2596320000,10364.59489
2017-12-07,"Insurance","Sanlam Kenya PLC",2,18.81,2708640000,159.455306
2017-12-13,"Insurance","Sanlam Kenya PLC",3,18.03,2596320000,5102.569793
2017-12-19,"Insurance","Sanlam Kenya PLC",3,17.09,2460960000,4145.837957
2017-12-22,"Insurance","Sanlam Kenya PLC",2,17.4,2505600000,1754.008366
2017-12-29,"Insurance","Sanlam Kenya PLC",3,17.4,2505600000,1594.55306
2018-01-09,"Insurance","Sanlam Kenya PLC",4,18.5,2.664e+09,2072.918978
2018-01-11,"Insurance","Sanlam Kenya PLC",2,17.4,2505600000,1594.55306
2018-01-15,"Insurance","Sanlam Kenya PLC",2,17.56,2528640000,159.455306
2018-01-19,"Insurance","Sanlam Kenya PLC",2,16.93,2437920000,49271.68956
2018-02-08,"Insurance","Sanlam Kenya PLC",2,17.25,2.484e+09,1913.463672
2018-02-15,"Insurance","Sanlam Kenya PLC",3,17.25,2.484e+09,5580.935711
2018-02-20,"Insurance","Sanlam Kenya PLC",2,17.25,2.484e+09,637.8212241
2018-02-23,"Insurance","Sanlam Kenya PLC",2,17.25,2.484e+09,4624.203875
2018-03-02,"Insurance","Sanlam Kenya PLC",4,17.4,2505600000,8132.220608
2018-03-28,"Insurance","Sanlam Kenya PLC",2,16.78,2416320000,637.8212241
2018-04-23,"Insurance","Sanlam Kenya PLC",2,14.42,2076480000,20250.82387
2018-05-25,"Insurance","Sanlam Kenya PLC",2,15.68,2257920000,159.455306
2018-06-18,"Insurance","Sanlam Kenya PLC",2,15.21,2190240000,3348.561427
2018-06-27,"Insurance","Sanlam Kenya PLC",6,15.36,2211840000,33485.61427
2018-07-02,"Insurance","Sanlam Kenya PLC",3,15.68,2257920000,2232.374284
2018-07-09,"Insurance","Sanlam Kenya PLC",3,15.05,2167200000,183692.5125
2018-07-13,"Insurance","Sanlam Kenya PLC",3,15.21,2190240000,10683.5055
2018-07-25,"Insurance","Sanlam Kenya PLC",2,15.36,2211840000,1913.463672
2018-07-30,"Insurance","Sanlam Kenya PLC",2,15.68,2257920000,1594.55306
2018-08-06,"Insurance","Sanlam Kenya PLC",2,15.68,2257920000,159.455306
2018-08-24,"Insurance","Sanlam Kenya PLC",2,14.74,2122560000,478.3659181
2018-09-07,"Insurance","Sanlam Kenya PLC",2,12.54,1805760000,2710.740203
2018-09-26,"Insurance","Sanlam Kenya PLC",2,12.86,1851840000,3986.382651
2018-10-01,"Insurance","Sanlam Kenya PLC",2,15.05,2167200000,956.7318362
2018-10-04,"Insurance","Sanlam Kenya PLC",2,13.17,1896480000,797.2765302
2018-10-11,"Insurance","Sanlam Kenya PLC",3,14.42,2076480000,159.455306
2018-10-25,"Insurance","Sanlam Kenya PLC",2,14.58,2099520000,1275.642448
2018-10-31,"Insurance","Sanlam Kenya PLC",2,14.42,2076480000,17699.53897
2018-11-07,"Insurance","Sanlam Kenya PLC",3,15.68,2257920000,1594.55306
2018-11-22,"Insurance","Sanlam Kenya PLC",2,15.68,2257920000,3189.106121
2018-11-26,"Insurance","Sanlam Kenya PLC",2,14.58,2099520000,1275.642448
2018-12-03,"Insurance","Sanlam Kenya PLC",2,16.15,2325600000,797.2765302
2018-12-07,"Insurance","Sanlam Kenya PLC",2,14.27,2054880000,318.9106121
2018-12-14,"Insurance","Sanlam Kenya PLC",4,14.02,2018880000,2710.740203
2018-12-18,"Insurance","Sanlam Kenya PLC",2,13.8,1987200000,159.455306
2019-01-02,"Insurance","Sanlam Kenya PLC",5,12.73,1833120000,4305.293263
2019-01-09,"Insurance","Sanlam Kenya PLC",2,13.14,1892160000,3667.472039
2019-01-11,"Insurance","Sanlam Kenya PLC",2,13.17,1896480000,3667.472039
2019-01-16,"Insurance","Sanlam Kenya PLC",2,13.17,1896480000,4305.293263
2019-01-24,"Insurance","Sanlam Kenya PLC",2,16.18,2329920000,3189.106121
2019-01-29,"Insurance","Sanlam Kenya PLC",3,16.31,2348640000,318.9106121
2019-02-01,"Insurance","Sanlam Kenya PLC",2,14.74,2122560000,15945.5306
2019-02-07,"Insurance","Sanlam Kenya PLC",3,16.21,2334240000,797.2765302
2019-02-11,"Insurance","Sanlam Kenya PLC",2,14.71,2118240000,159.455306
2019-02-21,"Insurance","Sanlam Kenya PLC",2,14.02,2018880000,11002.41612
2019-03-05,"Insurance","Sanlam Kenya PLC",3,13.99,2014560000,797.2765302
2019-03-08,"Insurance","Sanlam Kenya PLC",2,12.76,1837440000,7175.488771
2019-03-14,"Insurance","Sanlam Kenya PLC",3,13.17,1896480000,637.8212241
2019-03-19,"Insurance","Sanlam Kenya PLC",3,13.17,1896480000,22164.28754
2019-03-25,"Insurance","Sanlam Kenya PLC",2,13.26,1909440000,2072.918978
2019-04-04,"Insurance","Sanlam Kenya PLC",6,12.54,1805760000,956.7318362
2019-04-09,"Insurance","Sanlam Kenya PLC",2,12.23,1761120000,4464.748569
2019-04-11,"Insurance","Sanlam Kenya PLC",2,11.92,1716480000,478.3659181
2019-04-24,"Insurance","Sanlam Kenya PLC",3,12.14,1748160000,637.8212241
2019-05-06,"Insurance","Sanlam Kenya PLC",2,12.54,1805760000,1435.097754
2019-05-08,"Insurance","Sanlam Kenya PLC",2,12.54,1805760000,168703.7138
2019-05-13,"Insurance","Sanlam Kenya PLC",2,12.04,1733760000,2391.82959
2019-05-17,"Insurance","Sanlam Kenya PLC",2,11.85,1706400000,637.8212241
2019-05-21,"Insurance","Sanlam Kenya PLC",2,11.82,1702080000,2870.195509
2019-05-27,"Insurance","Sanlam Kenya PLC",4,11.7,1684800000,318.9106121
2019-06-07,"Insurance","Sanlam Kenya PLC",4,13.17,1896480000,159.455306
2019-06-12,"Insurance","Sanlam Kenya PLC",2,14.36,2067840000,159.455306
2019-06-26,"Insurance","Sanlam Kenya PLC",2,12.86,1851840000,15945.5306
2019-06-28,"Insurance","Sanlam Kenya PLC",2,12.86,1851840000,1594.55306
2019-07-03,"Insurance","Sanlam Kenya PLC",3,12.86,1851840000,797.2765302
2019-07-17,"Insurance","Sanlam Kenya PLC",7,12.1,1742400000,14350.97754
2019-07-23,"Insurance","Sanlam Kenya PLC",2,12.17,1752480000,4624.203875
2019-07-26,"Insurance","Sanlam Kenya PLC",2,12.17,1752480000,1594.55306
2019-07-30,"Insurance","Sanlam Kenya PLC",2,12.2,1756800000,184649.2444
2019-08-06,"Insurance","Sanlam Kenya PLC",4,11.92,1716480000,478.3659181
2019-08-09,"Insurance","Sanlam Kenya PLC",3,11.29,1625760000,1435.097754
2019-08-15,"Insurance","Sanlam Kenya PLC",2,11.92,1716480000,797.2765302
2019-09-02,"Insurance","Sanlam Kenya PLC",2,11.23,1617120000,56766.08895
2019-09-04,"Insurance","Sanlam Kenya PLC",2,11.29,1625760000,10045.68428
2019-09-16,"Insurance","Sanlam Kenya PLC",2,11.45,1648800000,1754.008366
2019-09-18,"Insurance","Sanlam Kenya PLC",2,10.91,1571040000,3667.472039
2019-09-24,"Insurance","Sanlam Kenya PLC",3,11.76,1693440000,1594.55306
2019-10-02,"Insurance","Sanlam Kenya PLC",3,11.73,1689120000,8132.220608
2019-10-08,"Insurance","Sanlam Kenya PLC",2,10.66,1535040000,19134.63672
2019-10-15,"Insurance","Sanlam Kenya PLC",3,10.91,1571040000,637.8212241
2019-10-18,"Insurance","Sanlam Kenya PLC",3,10.69,1539360000,128042.6107
2019-10-23,"Insurance","Sanlam Kenya PLC",2,10.69,1539360000,17221.17305
2019-10-29,"Insurance","Sanlam Kenya PLC",3,10.69,1539360000,13075.33509
2019-11-27,"Insurance","Sanlam Kenya PLC",2,10.63,1530720000,86265.32056
2019-12-05,"Insurance","Sanlam Kenya PLC",3,10.66,1535040000,478.3659181
2019-12-11,"Insurance","Sanlam Kenya PLC",2,10.66,1535040000,159.455306
2019-12-20,"Insurance","Sanlam Kenya PLC",3,10.76,1549440000,7016.033465
2019-12-24,"Insurance","Sanlam Kenya PLC",2,11.29,1625760000,1594.55306
2020-01-06,"Insurance","Sanlam Kenya PLC",2,11.29,1625760000,36993.631
2020-01-13,"Insurance","Sanlam Kenya PLC",2,11.29,1625760000,6378.212241
2020-02-03,"Insurance","Sanlam Kenya PLC",3,11.1,1598400000,3986.382651
2020-02-06,"Insurance","Sanlam Kenya PLC",3,10.19,1467360000,8610.586526
2020-02-14,"Insurance","Sanlam Kenya PLC",2,11.29,1625760000,1594.55306
2020-02-21,"Insurance","Sanlam Kenya PLC",2,10.44,1503360000,3348.561427
2020-02-26,"Insurance","Sanlam Kenya PLC",2,10.47,1507680000,318.9106121
2020-03-02,"Insurance","Sanlam Kenya PLC",2,11.29,1625760000,159.455306
2020-03-04,"Insurance","Sanlam Kenya PLC",2,10.69,1539360000,17699.53897
2020-04-07,"Insurance","Sanlam Kenya PLC",5,10.29,1481760000,159.455306
2020-04-09,"Insurance","Sanlam Kenya PLC",2,9.41,1355040000,5421.480405
2020-04-15,"Insurance","Sanlam Kenya PLC",2,8.72,1255680000,159.455306
2020-04-23,"Insurance","Sanlam Kenya PLC",5,9.41,1355040000,159.455306
2020-04-30,"Insurance","Sanlam Kenya PLC",4,9.41,1355040000,159.455306
2020-05-06,"Insurance","Sanlam Kenya PLC",3,9.72,1399680000,6697.122853
2020-05-12,"Insurance","Sanlam Kenya PLC",2,10.03,1444320000,1275.642448
2020-05-19,"Insurance","Sanlam Kenya PLC",3,9.66,1391040000,16742.80713
2020-05-27,"Insurance","Sanlam Kenya PLC",2,10.03,1444320000,80524.92955
2020-06-03,"Insurance","Sanlam Kenya PLC",4,10.03,1444320000,318.9106121
2020-06-08,"Insurance","Sanlam Kenya PLC",3,9.41,1355040000,5899.846323
2020-06-11,"Insurance","Sanlam Kenya PLC",3,9.38,1350720000,13234.7904
2020-06-16,"Insurance","Sanlam Kenya PLC",3,9.03,1300320000,2391.82959
2020-06-23,"Insurance","Sanlam Kenya PLC",3,8.56,1232640000,19134.63672
2020-06-29,"Insurance","Sanlam Kenya PLC",4,8.47,1219680000,12915.87979
2020-07-09,"Insurance","Sanlam Kenya PLC",5,8.22,1183680000,3667.472039
2020-07-15,"Insurance","Sanlam Kenya PLC",2,8.78,1264320000,159.455306
2020-07-24,"Insurance","Sanlam Kenya PLC",2,8.78,1264320000,4783.659181
2020-07-28,"Insurance","Sanlam Kenya PLC",2,8.15,1173600000,1275.642448
2020-08-07,"Insurance","Sanlam Kenya PLC",3,8.72,1255680000,318.9106121
2020-08-11,"Insurance","Sanlam Kenya PLC",2,8.72,1255680000,159.455306
2020-08-17,"Insurance","Sanlam Kenya PLC",2,8.59,1236960000,3189.106121
2020-08-19,"Insurance","Sanlam Kenya PLC",2,8.5,1.224e+09,1435.097754
2020-08-21,"Insurance","Sanlam Kenya PLC",2,8.5,1.224e+09,637.8212241
2020-08-25,"Insurance","Sanlam Kenya PLC",2,7.65,1101600000,2232.374284
2020-08-31,"Insurance","Sanlam Kenya PLC",2,7.59,1092960000,271711.8415
2020-09-08,"Insurance","Sanlam Kenya PLC",2,7.81,1124640000,3348.561427
2020-09-15,"Insurance","Sanlam Kenya PLC",3,8.5,1.224e+09,1754.008366
2020-09-21,"Insurance","Sanlam Kenya PLC",2,7.53,1084320000,5421.480405
2020-09-23,"Insurance","Sanlam Kenya PLC",2,7.53,1084320000,1116.187142
2020-09-29,"Insurance","Sanlam Kenya PLC",3,8.15,1173600000,159.455306
2020-10-01,"Insurance","Sanlam Kenya PLC",2,7.84,1128960000,797.2765302
2020-10-05,"Insurance","Sanlam Kenya PLC",2,8.15,1173600000,637.8212241
2020-10-07,"Insurance","Sanlam Kenya PLC",2,8.15,1173600000,637.8212241
2020-10-09,"Insurance","Sanlam Kenya PLC",2,7.53,1084320000,3189.106121
2020-10-19,"Insurance","Sanlam Kenya PLC",3,7.84,1128960000,159.455306
2020-10-23,"Insurance","Sanlam Kenya PLC",3,7.56,1088640000,9407.863056
2020-10-28,"Insurance","Sanlam Kenya PLC",2,7.71,1110240000,16423.89652
2020-11-03,"Insurance","Sanlam Kenya PLC",2,7.84,1128960000,159.455306
2020-11-05,"Insurance","Sanlam Kenya PLC",2,8,1.152e+09,478.3659181
2020-11-11,"Insurance","Sanlam Kenya PLC",2,8.25,1.188e+09,2072.918978
2020-11-17,"Insurance","Sanlam Kenya PLC",2,7.4,1065600000,1754.008366
2020-11-27,"Insurance","Sanlam Kenya PLC",3,6.9,993600000,318.9106121
2020-12-07,"Insurance","Sanlam Kenya PLC",6,6.9,993600000,159.455306
2020-12-09,"Insurance","Sanlam Kenya PLC",2,7.56,1088640000,7016.033465
2020-12-11,"Insurance","Sanlam Kenya PLC",2,7.93,1141920000,637.8212241
2020-12-18,"Insurance","Sanlam Kenya PLC",3,7.4,1065600000,1275.642448
2020-12-24,"Insurance","Sanlam Kenya PLC",3,8.12,1169280000,8132.220608
2020-12-30,"Insurance","Sanlam Kenya PLC",2,8.12,1169280000,478.3659181
2021-01-04,"Insurance","Sanlam Kenya PLC",2,8.15,1173600000,6856.578159
2021-01-06,"Insurance","Sanlam Kenya PLC",2,7.53,1084320000,4783.659181
2021-01-11,"Insurance","Sanlam Kenya PLC",3,7.84,1128960000,318.9106121
2021-01-19,"Insurance","Sanlam Kenya PLC",2,8.75,1.26e+09,6697.122853
2021-01-29,"Insurance","Sanlam Kenya PLC",2,8.15,1173600000,20729.18978
2021-02-05,"Insurance","Sanlam Kenya PLC",2,7.37,1061280000,7175.488771
2021-02-10,"Insurance","Sanlam Kenya PLC",2,7.09,1020960000,4464.748569
2021-02-15,"Insurance","Sanlam Kenya PLC",3,6.65,957600000,106356.6891
2021-02-19,"Insurance","Sanlam Kenya PLC",2,6.33,911520000,12915.87979
2021-02-26,"Insurance","Sanlam Kenya PLC",2,6.01,865440000,8610.586526
2021-03-22,"Insurance","Sanlam Kenya PLC",2,7.53,1084320000,3986.382651
2021-03-26,"Insurance","Sanlam Kenya PLC",2,7.53,1084320000,159.455306
2021-03-30,"Insurance","Sanlam Kenya PLC",2,6.77,974880000,1594.55306
2021-04-01,"Insurance","Sanlam Kenya PLC",2,6.9,993600000,4145.837957
2021-04-09,"Insurance","Sanlam Kenya PLC",2,7.21,1038240000,3029.650815
2021-04-13,"Insurance","Sanlam Kenya PLC",2,6.9,993600000,159.455306
2021-04-15,"Insurance","Sanlam Kenya PLC",2,6.84,984960000,159.455306
2021-04-20,"Insurance","Sanlam Kenya PLC",2,6.84,984960000,1754.008366
2021-04-23,"Insurance","Sanlam Kenya PLC",2,7.18,1033920000,1435.097754
2021-04-27,"Insurance","Sanlam Kenya PLC",2,7.21,1038240000,2391.82959
2021-04-30,"Insurance","Sanlam Kenya PLC",3,7.21,1038240000,159.455306
2021-05-05,"Insurance","Sanlam Kenya PLC",2,7.21,1038240000,3029.650815
2021-05-10,"Insurance","Sanlam Kenya PLC",2,7.12,1025280000,159.455306
2021-05-21,"Insurance","Sanlam Kenya PLC",3,7.09,1020960000,159.455306
2021-06-02,"Insurance","Sanlam Kenya PLC",2,6.84,984960000,1275.642448
2021-06-29,"Insurance","Sanlam Kenya PLC",2,6.17,888480000,3348.561427
2021-07-13,"Insurance","Sanlam Kenya PLC",3,6.43,925920000,4943.114487
2021-07-23,"Insurance","Sanlam Kenya PLC",2,7.27,1046880000,478.3659181
2021-07-29,"Insurance","Sanlam Kenya PLC",3,7.27,1046880000,9407.863056
2021-08-05,"Insurance","Sanlam Kenya PLC",2,6.9,993600000,1435.097754
2021-08-20,"Insurance","Sanlam Kenya PLC",2,7.46,1074240000,637.8212241
2021-08-26,"Insurance","Sanlam Kenya PLC",2,7.09,1020960000,318.9106121
2021-08-30,"Insurance","Sanlam Kenya PLC",2,6.55,943200000,2232.374284
2021-09-03,"Insurance","Sanlam Kenya PLC",3,6.58,947520000,2710.740203
2021-09-07,"Insurance","Sanlam Kenya PLC",2,6.71,966240000,1594.55306
2021-09-14,"Insurance","Sanlam Kenya PLC",3,6.71,966240000,3189.106121
2021-09-21,"Insurance","Sanlam Kenya PLC",2,7.21,1038240000,8132.220608
2021-10-01,"Insurance","Sanlam Kenya PLC",2,7.21,1038240000,7813.309996
2021-10-06,"Insurance","Sanlam Kenya PLC",3,7.53,1084320000,637.8212241
2021-10-15,"Insurance","Sanlam Kenya PLC",2,7.49,1078560000,4305.293263
2021-10-22,"Insurance","Sanlam Kenya PLC",2,7.31,1052640000,797.2765302
2021-11-01,"Insurance","Sanlam Kenya PLC",4,7.34,1056960000,159.455306
2021-11-15,"Insurance","Sanlam Kenya PLC",2,7.43,1069920000,4783.659181
2021-11-19,"Insurance","Sanlam Kenya PLC",3,7.21,1038240000,159.455306
2021-11-24,"Insurance","Sanlam Kenya PLC",3,7.15,1029600000,6697.122853
2021-11-29,"Insurance","Sanlam Kenya PLC",2,7.43,1069920000,478.3659181
2021-12-03,"Insurance","Sanlam Kenya PLC",2,7.21,1038240000,41298.92426
2021-12-15,"Insurance","Sanlam Kenya PLC",4,7.24,1042560000,7016.033465
2021-12-17,"Insurance","Sanlam Kenya PLC",2,7.21,1038240000,318.9106121
2022-01-10,"Insurance","Sanlam Kenya PLC",14,6.58,947520000,1594.55306
2022-01-13,"Insurance","Sanlam Kenya PLC",2,6.58,947520000,637.8212241
2022-01-20,"Insurance","Sanlam Kenya PLC",5,6.58,947520000,318.9106121
2022-01-27,"Insurance","Sanlam Kenya PLC",3,6.62,953280000,637.8212241
2022-02-08,"Insurance","Sanlam Kenya PLC",6,6.58,947520000,1594.55306
2022-02-11,"Insurance","Sanlam Kenya PLC",3,6.9,993600000,2710.740203
2022-02-15,"Insurance","Sanlam Kenya PLC",2,7.43,1069920000,6378.212241
2022-02-22,"Insurance","Sanlam Kenya PLC",2,9.41,1355040000,159.455306
2022-02-28,"Insurance","Sanlam Kenya PLC",4,8.47,1219680000,318.9106121
2022-03-03,"Insurance","Sanlam Kenya PLC",2,7.68,1105920000,2072.918978
2022-03-17,"Insurance","Sanlam Kenya PLC",2,6.9,993600000,478.3659181
2022-03-24,"Insurance","Sanlam Kenya PLC",5,7.15,1029600000,318.9106121
2022-03-28,"Insurance","Sanlam Kenya PLC",2,6.9,993600000,478.3659181
2022-04-01,"Insurance","Sanlam Kenya PLC",4,6.9,993600000,31891.06121
2022-04-08,"Insurance","Sanlam Kenya PLC",4,6.9,993600000,4783.659181
2022-04-21,"Insurance","Sanlam Kenya PLC",7,6.9,993600000,159.455306
2022-04-28,"Insurance","Sanlam Kenya PLC",3,6.37,917280000,1116.187142
2022-05-13,"Insurance","Sanlam Kenya PLC",2,9.31,1340640000,6378.212241
2022-05-19,"Insurance","Sanlam Kenya PLC",3,9.31,1340640000,318.9106121
2022-05-25,"Insurance","Sanlam Kenya PLC",2,8.78,1264320000,637.8212241
2022-05-31,"Insurance","Sanlam Kenya PLC",4,8.78,1264320000,478.3659181
2022-06-09,"Insurance","Sanlam Kenya PLC",5,8.15,1173600000,159.455306
2022-06-13,"Insurance","Sanlam Kenya PLC",2,8.15,1173600000,797.2765302
2022-06-17,"Insurance","Sanlam Kenya PLC",3,8.15,1173600000,1435.097754
2022-06-22,"Insurance","Sanlam Kenya PLC",3,8.15,1173600000,159.455306
2022-06-27,"Insurance","Sanlam Kenya PLC",3,7.53,1084320000,1594.55306
2022-06-30,"Insurance","Sanlam Kenya PLC",3,7.53,1084320000,1594.55306
2022-07-06,"Insurance","Sanlam Kenya PLC",4,7.06,1016640000,318.9106121
2022-07-08,"Insurance","Sanlam Kenya PLC",2,6.9,993600000,159.455306
2022-07-13,"Insurance","Sanlam Kenya PLC",2,6.9,993600000,15307.70938
2022-07-20,"Insurance","Sanlam Kenya PLC",4,7.27,1046880000,2551.284897
2022-07-27,"Insurance","Sanlam Kenya PLC",5,7.53,1084320000,478.3659181
2022-08-02,"Insurance","Sanlam Kenya PLC",4,7.34,1056960000,318.9106121
2022-08-04,"Insurance","Sanlam Kenya PLC",2,6.99,1006560000,318.9106121
2022-08-10,"Insurance","Sanlam Kenya PLC",2,7.34,1056960000,159.455306
2022-08-16,"Insurance","Sanlam Kenya PLC",3,7.21,1038240000,2551.284897
2022-08-24,"Insurance","Sanlam Kenya PLC",2,7.34,1056960000,637.8212241
2022-08-31,"Insurance","Sanlam Kenya PLC",3,7.21,1038240000,17380.62836
2022-09-07,"Insurance","Sanlam Kenya PLC",4,7.27,1046880000,159.455306
2022-09-12,"Insurance","Sanlam Kenya PLC",2,7.34,1056960000,159.455306
2022-09-20,"Insurance","Sanlam Kenya PLC",2,6.52,938880000,16583.35183
2022-09-29,"Insurance","Sanlam Kenya PLC",2,6.27,902880000,1594.55306
2022-11-18,"Insurance","Sanlam Kenya PLC",2,5.64,812160000,18177.90489
2022-11-24,"Insurance","Sanlam Kenya PLC",2,5.49,790560000,797.2765302
2022-11-28,"Insurance","Sanlam Kenya PLC",2,5.63,810720000,1754.008366
2022-12-07,"Insurance","Sanlam Kenya PLC",2,5.56,800640000,10683.5055
2022-12-14,"Insurance","Sanlam Kenya PLC",2,5.54,797760000,11799.69265
2022-12-21,"Insurance","Sanlam Kenya PLC",2,6.07,874080000,1116.187142
2022-12-30,"Insurance","Sanlam Kenya PLC",4,6.01,865440000,797.2765302
2023-01-09,"Insurance","Sanlam Kenya PLC",2,5.47,787680000,159.455306
2023-01-17,"Insurance","Sanlam Kenya PLC",4,5.52,794880000,1754.008366
2023-01-20,"Insurance","Sanlam Kenya PLC",2,5.23,753120000,5421.480405
2023-01-30,"Insurance","Sanlam Kenya PLC",3,5.23,753120000,318.9106121
2023-02-01,"Insurance","Sanlam Kenya PLC",2,5.23,753120000,1116.187142
2023-02-03,"Insurance","Sanlam Kenya PLC",2,5.23,753120000,2232.374284
2023-02-14,"Insurance","Sanlam Kenya PLC",3,5.47,787680000,637.8212241
2023-03-01,"Insurance","Sanlam Kenya PLC",2,5.38,774720000,956.7318362
2023-03-03,"Insurance","Sanlam Kenya PLC",2,5.43,781920000,3667.472039
2023-03-22,"Insurance","Sanlam Kenya PLC",3,5.72,823680000,159.455306
2023-03-27,"Insurance","Sanlam Kenya PLC",2,5.64,812160000,159.455306
2023-03-30,"Insurance","Sanlam Kenya PLC",2,5.52,794880000,159.455306
2023-04-06,"Insurance","Sanlam Kenya PLC",2,5.38,774720000,956.7318362
2023-04-18,"Insurance","Sanlam Kenya PLC",2,4.55,655200000,2391.82959
2023-04-25,"Insurance","Sanlam Kenya PLC",3,4.98,717120000,1594.55306
2023-04-27,"Insurance","Sanlam Kenya PLC",2,5.09,732960000,2072.918978
2023-05-02,"Insurance","Sanlam Kenya PLC",2,5.02,722880000,159.455306
2023-05-16,"Insurance","Sanlam Kenya PLC",7,5.27,758880000,159.455306
2023-05-25,"Insurance","Sanlam Kenya PLC",4,4.89,704160000,1913.463672
2023-06-23,"Insurance","Sanlam Kenya PLC",2,5,7.2e+08,6378.212241
2023-06-30,"Insurance","Sanlam Kenya PLC",3,4.58,659520000,4624.203875
2023-07-12,"Insurance","Sanlam Kenya PLC",2,5.27,758880000,3508.016733
2023-07-14,"Insurance","Sanlam Kenya PLC",2,5.27,758880000,637.8212241
2023-07-24,"Insurance","Sanlam Kenya PLC",4,4.93,709920000,2072.918978
2023-07-26,"Insurance","Sanlam Kenya PLC",2,4.63,666720000,8451.13122
2023-08-03,"Insurance","Sanlam Kenya PLC",3,5.18,745920000,3348.561427
2023-08-08,"Insurance","Sanlam Kenya PLC",2,5.21,750240000,318.9106121
2023-08-14,"Insurance","Sanlam Kenya PLC",4,5.22,751680000,1913.463672
2023-08-21,"Insurance","Sanlam Kenya PLC",2,5.02,722880000,40342.19243
2023-08-25,"Insurance","Sanlam Kenya PLC",2,4.89,704160000,318.9106121
2023-08-31,"Insurance","Sanlam Kenya PLC",2,5.02,722880000,3508.016733
2023-09-06,"Insurance","Sanlam Kenya PLC",4,5.02,722880000,318.9106121
2023-09-14,"Insurance","Sanlam Kenya PLC",3,4.64,668160000,318.9106121
2023-09-21,"Insurance","Sanlam Kenya PLC",3,4.5,6.48e+08,159.455306
2023-09-25,"Insurance","Sanlam Kenya PLC",2,4.39,632160000,2391.82959
2023-09-27,"Insurance","Sanlam Kenya PLC",2,4.4,633600000,8291.675914
2023-10-02,"Insurance","Sanlam Kenya PLC",2,4.39,632160000,478.3659181
2023-10-13,"Insurance","Sanlam Kenya PLC",3,4.83,695520000,478.3659181
2023-10-26,"Insurance","Sanlam Kenya PLC",7,4.64,668160000,8451.13122
2023-10-30,"Insurance","Sanlam Kenya PLC",2,4.43,637920000,2710.740203
2023-11-07,"Insurance","Sanlam Kenya PLC",4,4.26,613440000,1913.463672
2023-11-10,"Insurance","Sanlam Kenya PLC",2,4.26,613440000,159.455306
2023-11-15,"Insurance","Sanlam Kenya PLC",2,4.26,613440000,797.2765302
2023-11-21,"Insurance","Sanlam Kenya PLC",3,4.69,675360000,797.2765302
2023-11-24,"Insurance","Sanlam Kenya PLC",3,4.26,613440000,7813.309996
2023-12-01,"Insurance","Sanlam Kenya PLC",5,4.69,675360000,1754.008366
2023-12-06,"Insurance","Sanlam Kenya PLC",3,4.64,668160000,1594.55306
2023-12-19,"Insurance","Sanlam Kenya PLC",3,4.23,609120000,159.455306
2023-12-28,"Insurance","Sanlam Kenya PLC",5,3.81,548640000,159.455306
2024-01-08,"Insurance","Sanlam Kenya PLC",2,3.57,514080000,159.455306
2024-01-11,"Insurance","Sanlam Kenya PLC",2,3.76,541440000,3348.561427
2024-01-19,"Insurance","Sanlam Kenya PLC",2,4.77,686880000,6697.122853
2024-01-25,"Insurance","Sanlam Kenya PLC",2,4.4,633600000,318.9106121
2024-02-01,"Insurance","Sanlam Kenya PLC",5,3.98,573120000,2072.918978
2024-02-05,"Insurance","Sanlam Kenya PLC",2,4.34,624960000,159.455306
2024-02-29,"Insurance","Sanlam Kenya PLC",3,4.26,613440000,637.8212241
2024-03-08,"Insurance","Sanlam Kenya PLC",2,4.4,633600000,1754.008366
2024-03-19,"Insurance","Sanlam Kenya PLC",3,4.36,627840000,159.455306
2024-03-21,"Insurance","Sanlam Kenya PLC",2,3.94,567360000,1435.097754
2024-03-27,"Insurance","Sanlam Kenya PLC",2,4.05,583200000,2391.82959
2024-04-03,"Insurance","Sanlam Kenya PLC",3,4.11,591840000,2232.374284
2024-04-09,"Insurance","Sanlam Kenya PLC",2,4.03,580320000,8132.220608
2024-04-15,"Insurance","Sanlam Kenya PLC",2,4.31,620640000,159.455306
2024-04-30,"Insurance","Sanlam Kenya PLC",2,3.73,537120000,1754.008366
2024-05-13,"Insurance","Sanlam Kenya PLC",2,4.06,584640000,159.455306
2024-05-15,"Insurance","Sanlam Kenya PLC",2,3.66,527040000,4783.659181
2024-05-22,"Insurance","Sanlam Kenya PLC",2,3.9,561600000,10524.0502
2024-05-27,"Insurance","Sanlam Kenya PLC",3,3.94,567360000,14032.06693
2024-05-31,"Insurance","Sanlam Kenya PLC",3,3.93,565920000,5740.391017
2024-06-13,"Insurance","Sanlam Kenya PLC",2,3.76,541440000,159.455306
2024-06-20,"Insurance","Sanlam Kenya PLC",3,3.76,541440000,797.2765302
2024-06-24,"Insurance","Sanlam Kenya PLC",2,3.78,544320000,6537.667547
2024-06-26,"Insurance","Sanlam Kenya PLC",2,3.83,551520000,1594.55306
2024-07-08,"Insurance","Sanlam Kenya PLC",2,3.56,512640000,797.2765302
2024-07-15,"Insurance","Sanlam Kenya PLC",2,3.76,541440000,2551.284897
2024-07-17,"Insurance","Sanlam Kenya PLC",2,3.64,524160000,7175.488771
2024-07-19,"Insurance","Sanlam Kenya PLC",2,3.88,558720000,1435.097754
2024-07-24,"Insurance","Sanlam Kenya PLC",2,3.6,518400000,8291.675914
2024-07-26,"Insurance","Sanlam Kenya PLC",2,3.8,547200000,3826.927345
2024-08-05,"Insurance","Sanlam Kenya PLC",3,4,5.76e+08,318.9106121
2024-08-08,"Insurance","Sanlam Kenya PLC",2,3.52,506880000,3348.561427
2024-08-12,"Insurance","Sanlam Kenya PLC",2,3.52,506880000,159.455306
2024-08-21,"Insurance","Sanlam Kenya PLC",4,3.76,541440000,318.9106121
2024-08-26,"Insurance","Sanlam Kenya PLC",3,3.78,544320000,1913.463672
2024-09-06,"Insurance","Sanlam Kenya PLC",3,3.83,551520000,19294.09203
2024-09-19,"Insurance","Sanlam Kenya PLC",2,3.89,560160000,3667.472039
2024-09-30,"Insurance","Sanlam Kenya PLC",2,3.98,573120000,2391.82959
2024-10-09,"Insurance","Sanlam Kenya PLC",2,3.78,544320000,10683.5055
2024-10-14,"Insurance","Sanlam Kenya PLC",2,4.06,584640000,159.455306
2024-10-18,"Insurance","Sanlam Kenya PLC",2,4.06,584640000,2710.740203
2024-10-29,"Insurance","Sanlam Kenya PLC",2,3.76,541440000,6856.578159
2019-01-09,"Investment","Centum",2,28.8,19164721363,85500
2020-11-20,"Investment","Home Africa",2,0.4,162102128,13800
2022-07-27,"Investment","Home Africa",2,0.36,145891915,352100
2022-08-11,"Investment","Home Africa",2,0.36,145891915,200
2023-02-21,"Investment","Home Africa",2,0.32,129681702,19500
2023-09-26,"Investment","Home Africa",2,0.32,129681702,1100
2023-12-05,"Investment","Home Africa",2,0.32,129681702,2600
2024-07-31,"Investment","Home Africa",2,0.33,133734256,14500
2016-09-26,"Investment","Olympia",2,2.75,1.1e+08,1600
2016-10-05,"Investment","Olympia",2,2.85,1.14e+08,3200
2016-10-10,"Investment","Olympia",2,3.15,1.26e+08,4100
2016-10-25,"Investment","Olympia",2,3.15,1.26e+08,100
2016-11-08,"Investment","Olympia",2,3.2,1.28e+08,100
2016-12-07,"Investment","Olympia",2,3,1.2e+08,200
2016-12-15,"Investment","Olympia",3,3,1.2e+08,10300
2016-12-20,"Investment","Olympia",2,2.95,1.18e+08,1300
2017-01-03,"Investment","Olympia",2,2.85,1.14e+08,7800
2017-01-05,"Investment","Olympia",2,3.05,1.22e+08,1700
2017-01-11,"Investment","Olympia",2,3,1.2e+08,600
2017-01-24,"Investment","Olympia",3,2.85,1.14e+08,11300
2017-01-30,"Investment","Olympia",4,2.85,1.14e+08,6500
2017-02-01,"Investment","Olympia",2,2.85,1.14e+08,200
2017-02-13,"Investment","Olympia",2,2.65,1.06e+08,2900
2017-02-15,"Investment","Olympia",2,2.65,1.06e+08,200
2017-02-22,"Investment","Olympia",3,2.65,1.06e+08,2600
2017-03-03,"Investment","Olympia",2,2.65,1.06e+08,800
2017-03-24,"Investment","Olympia",2,2.55,1.02e+08,1400
2017-04-06,"Investment","Olympia",2,2.55,1.02e+08,3500
2017-04-18,"Investment","Olympia",2,2.25,9e+07,49800
2017-05-10,"Investment","Olympia",2,2.45,9.8e+07,600
2017-05-16,"Investment","Olympia",2,2.3,9.2e+07,2200
2017-05-19,"Investment","Olympia",3,2.35,9.4e+07,3200
2017-06-13,"Investment","Olympia",2,2.35,9.4e+07,1300
2017-06-15,"Investment","Olympia",2,2.35,9.4e+07,12500
2017-06-30,"Investment","Olympia",2,2.5,1e+08,47800
2017-07-07,"Investment","Olympia",2,2.6,1.04e+08,400
2017-07-25,"Investment","Olympia",2,2.6,1.04e+08,300
2017-07-27,"Investment","Olympia",2,2.65,1.06e+08,7600
2017-09-08,"Investment","Olympia",2,2.9,1.16e+08,4900
2017-09-12,"Investment","Olympia",2,2.9,1.16e+08,700
2017-10-30,"Investment","Olympia",2,3.1,1.24e+08,13400
2017-11-09,"Investment","Olympia",2,3.1,1.24e+08,15300
2017-11-13,"Investment","Olympia",2,3.1,1.24e+08,7100
2017-11-15,"Investment","Olympia",2,3,1.2e+08,16700
2017-11-17,"Investment","Olympia",2,3.3,1.32e+08,100
2017-12-11,"Investment","Olympia",2,3.1,1.24e+08,10500
2018-01-11,"Investment","Olympia",2,3.2,1.28e+08,2300
2018-01-23,"Investment","Olympia",2,3.4,1.36e+08,2500
2018-02-07,"Investment","Olympia",3,3.45,1.38e+08,1200
2018-04-04,"Investment","Olympia",2,3.05,1.22e+08,1600
2018-04-16,"Investment","Olympia",2,2.9,1.16e+08,100
2018-04-23,"Investment","Olympia",2,2.95,1.18e+08,900
2018-05-21,"Investment","Olympia",2,2.65,1.06e+08,12900
2018-05-25,"Investment","Olympia",3,2.7,1.08e+08,100
2018-06-07,"Investment","Olympia",2,2.85,1.14e+08,600
2018-06-14,"Investment","Olympia",2,2.75,1.1e+08,1000
2018-06-26,"Investment","Olympia",5,2.9,1.16e+08,13200
2018-06-29,"Investment","Olympia",2,2.8,1.12e+08,2000
2018-07-05,"Investment","Olympia",2,2.8,1.12e+08,1000
2018-07-18,"Investment","Olympia",2,2.75,1.1e+08,600
2018-08-01,"Investment","Olympia",2,3.55,1.42e+08,500
2018-08-23,"Investment","Olympia",2,3.1,1.24e+08,4200
2018-08-29,"Investment","Olympia",2,3,1.2e+08,3000
2018-09-11,"Investment","Olympia",2,3.3,1.32e+08,900
2018-09-27,"Investment","Olympia",2,2.3,9.2e+07,22900
2018-10-15,"Investment","Olympia",2,2.15,8.6e+07,33900
2018-10-22,"Investment","Olympia",3,1.9,7.6e+07,9400
2018-10-25,"Investment","Olympia",2,2.05,8.2e+07,3200
2018-11-14,"Investment","Olympia",2,2.4,9.6e+07,1300
2018-11-23,"Investment","Olympia",2,2.45,9.8e+07,100
2019-01-18,"Investment","Olympia",2,3.17,126800000,47000
2019-01-22,"Investment","Olympia",2,3.04,121600000,4800
2019-01-29,"Investment","Olympia",2,3.05,1.22e+08,500
2019-02-13,"Investment","Olympia",3,2.64,105600000,100
2019-02-19,"Investment","Olympia",3,2.78,111200000,3400
2019-02-27,"Investment","Olympia",2,2.55,1.02e+08,200
2019-03-14,"Investment","Olympia",2,2.33,93200000,1000
2019-04-02,"Investment","Olympia",4,2.45,9.8e+07,2100
2019-04-18,"Investment","Olympia",2,2.3,9.2e+07,59700
2019-04-29,"Investment","Olympia",2,2.47,98800000,100
2019-05-02,"Investment","Olympia",2,2.47,98800000,1100
2019-05-08,"Investment","Olympia",2,2.3,9.2e+07,300
2019-05-10,"Investment","Olympia",2,2.27,90800000,700
2019-05-24,"Investment","Olympia",2,2.35,9.4e+07,500
2019-06-06,"Investment","Olympia",3,2.42,96800000,3200
2019-06-12,"Investment","Olympia",3,2.5,1e+08,300
2019-06-18,"Investment","Olympia",2,2.31,92400000,1900
2019-07-03,"Investment","Olympia",2,2.64,105600000,600
2019-07-10,"Investment","Olympia",2,2.59,103600000,4000
2019-07-18,"Investment","Olympia",4,2.64,105600000,100
2019-07-23,"Investment","Olympia",2,2.34,93600000,600
2019-07-29,"Investment","Olympia",3,2.49,99600000,700
2019-07-31,"Investment","Olympia",2,2.5,1e+08,2300
2019-08-02,"Investment","Olympia",2,2.5,1e+08,1100
2019-08-08,"Investment","Olympia",2,2.5,1e+08,300
2019-08-19,"Investment","Olympia",2,2.15,8.6e+07,5500
2019-09-04,"Investment","Olympia",2,2.18,87200000,400
2019-09-11,"Investment","Olympia",2,2.18,87200000,500
2019-10-15,"Investment","Olympia",3,2.02,80800000,3100
2019-10-18,"Investment","Olympia",2,2.11,84400000,2500
2019-10-25,"Investment","Olympia",2,2.2,8.8e+07,300
2019-10-31,"Investment","Olympia",3,2.05,8.2e+07,10200
2019-11-12,"Investment","Olympia",2,2.5,1e+08,6000
2019-11-20,"Investment","Olympia",2,2.44,97600000,1800
2019-11-25,"Investment","Olympia",3,2.25,9e+07,9400
2019-11-28,"Investment","Olympia",2,2.14,85600000,700
2019-12-02,"Investment","Olympia",2,2.16,86400000,2300
2019-12-13,"Investment","Olympia",2,2.01,80400000,1800
2019-12-18,"Investment","Olympia",3,2.2,8.8e+07,100
2019-12-20,"Investment","Olympia",2,2.03,81200000,7600
2019-12-24,"Investment","Olympia",2,2.01,80400000,4800
2020-01-14,"Investment","Olympia",10,2.03,81200000,100
2020-01-16,"Investment","Olympia",2,2.03,81200000,1200
2020-01-21,"Investment","Olympia",3,2.02,80800000,300
2020-02-06,"Investment","Olympia",2,2.2,8.8e+07,100
2020-02-20,"Investment","Olympia",2,2.4,9.6e+07,8100
2020-02-24,"Investment","Olympia",2,2.58,103200000,14600
2020-02-28,"Investment","Olympia",2,2.5,1e+08,400
2020-03-04,"Investment","Olympia",2,2.35,9.4e+07,300
2020-03-09,"Investment","Olympia",2,2.5,1e+08,300
2020-03-24,"Investment","Olympia",6,2.1,8.4e+07,100
2020-03-31,"Investment","Olympia",4,2.1,8.4e+07,100
2020-04-03,"Investment","Olympia",2,2.5,1e+08,300
2020-04-15,"Investment","Olympia",4,2.3,9.2e+07,100
2020-04-20,"Investment","Olympia",2,2.3,9.2e+07,500
2020-04-22,"Investment","Olympia",2,2.3,9.2e+07,300
2020-04-24,"Investment","Olympia",2,2.3,9.2e+07,100
2020-04-30,"Investment","Olympia",2,2.32,92800000,1000
2020-05-13,"Investment","Olympia",2,2,8e+07,1100
2020-05-15,"Investment","Olympia",2,1.98,79200000,22300
2020-05-19,"Investment","Olympia",2,1.98,79200000,100
2020-05-22,"Investment","Olympia",2,2,8e+07,3800
2020-06-10,"Investment","Olympia",4,2.17,86800000,11200
2020-06-16,"Investment","Olympia",2,2.28,91200000,100
2020-06-19,"Investment","Olympia",2,2.44,97600000,14400
2020-06-25,"Investment","Olympia",2,2.28,91200000,300
2020-06-30,"Investment","Olympia",2,2.3,9.2e+07,700
2020-07-07,"Investment","Olympia",3,2.45,9.8e+07,200
2020-07-16,"Investment","Olympia",5,2.44,97600000,30000
2020-08-04,"Investment","Olympia",7,2.24,89600000,10700
2020-08-24,"Investment","Olympia",7,2.53,101200000,200
2020-08-26,"Investment","Olympia",2,2.45,9.8e+07,500
2020-09-03,"Investment","Olympia",3,2.3,9.2e+07,5100
2020-09-07,"Investment","Olympia",2,2.4,9.6e+07,300
2020-09-11,"Investment","Olympia",4,2.3,9.2e+07,200
2020-09-25,"Investment","Olympia",9,2.11,84400000,100
2020-09-30,"Investment","Olympia",2,2.1,8.4e+07,800
2020-10-05,"Investment","Olympia",2,2.11,84400000,4000
2020-10-13,"Investment","Olympia",3,2.3,9.2e+07,400
2020-10-23,"Investment","Olympia",2,1.92,76800000,700
2020-10-28,"Investment","Olympia",3,1.95,7.8e+07,800
2020-11-03,"Investment","Olympia",4,2.14,85600000,100
2020-11-06,"Investment","Olympia",2,2.2,8.8e+07,100
2020-11-16,"Investment","Olympia",4,2.01,80400000,8200
2020-11-30,"Investment","Olympia",4,2.2,8.8e+07,300
2020-12-09,"Investment","Olympia",2,2.39,95600000,1100
2020-12-15,"Investment","Olympia",2,2.2,8.8e+07,1400
2020-12-18,"Investment","Olympia",3,2.02,80800000,5400
2020-12-30,"Investment","Olympia",4,2,8e+07,2700
2021-01-08,"Investment","Olympia",2,2.07,82800000,900
2021-01-14,"Investment","Olympia",2,2.26,90400000,1600
2021-01-22,"Investment","Olympia",3,2.39,95600000,400
2021-01-27,"Investment","Olympia",3,2.4,9.6e+07,3400
2021-02-09,"Investment","Olympia",4,2.15,8.6e+07,2000
2021-02-11,"Investment","Olympia",2,2.28,91200000,3200
2021-02-15,"Investment","Olympia",2,2.12,84800000,3000
2021-03-10,"Investment","Olympia",2,2.16,86400000,1000
2021-03-16,"Investment","Olympia",3,2.29,91600000,600
2021-03-24,"Investment","Olympia",5,2.2,8.8e+07,3000
2021-03-26,"Investment","Olympia",2,2.2,8.8e+07,2000
2021-04-01,"Investment","Olympia",2,2.29,91600000,100
2021-04-12,"Investment","Olympia",3,2.29,91600000,100
2021-04-16,"Investment","Olympia",4,2.29,91600000,1600
2021-04-26,"Investment","Olympia",4,2.21,88400000,700
2021-04-28,"Investment","Olympia",2,2,8e+07,1800
2021-05-10,"Investment","Olympia",2,2.18,87200000,2000
2021-05-13,"Investment","Olympia",2,2.03,81200000,1200
2021-05-18,"Investment","Olympia",2,2,8e+07,2000
2021-05-21,"Investment","Olympia",2,2,8e+07,11200
2021-05-25,"Investment","Olympia",2,2,8e+07,100
2021-06-07,"Investment","Olympia",3,1.99,79600000,2500
2021-06-09,"Investment","Olympia",2,1.85,7.4e+07,100
2021-06-11,"Investment","Olympia",2,1.99,79600000,600
2021-06-15,"Investment","Olympia",2,1.99,79600000,3000
2021-06-22,"Investment","Olympia",3,1.9,7.6e+07,400
2021-06-29,"Investment","Olympia",3,2.15,8.6e+07,100
2021-07-02,"Investment","Olympia",2,2.15,8.6e+07,100
2021-07-09,"Investment","Olympia",3,2.15,8.6e+07,100
2021-07-19,"Investment","Olympia",2,1.91,76400000,10200
2021-07-23,"Investment","Olympia",2,1.91,76400000,100
2021-07-28,"Investment","Olympia",2,1.9,7.6e+07,1500
2021-08-05,"Investment","Olympia",2,2.18,87200000,2900
2021-08-26,"Investment","Olympia",6,2.09,83600000,4300
2021-09-08,"Investment","Olympia",2,2.2,8.8e+07,12700
2021-10-01,"Investment","Olympia",2,2,8e+07,300
2021-10-07,"Investment","Olympia",2,1.92,76800000,8600
2021-10-13,"Investment","Olympia",2,1.91,76400000,3500
2021-10-15,"Investment","Olympia",2,2,8e+07,2900
2021-10-25,"Investment","Olympia",2,2,8e+07,100
2021-11-08,"Investment","Olympia",2,1.97,78800000,700
2021-11-15,"Investment","Olympia",3,2,8e+07,1500
2021-12-06,"Investment","Olympia",2,1.94,77600000,1400
2022-01-07,"Investment","Olympia",2,1.88,75200000,400
2022-01-13,"Investment","Olympia",2,1.8,7.2e+07,7700
2022-01-19,"Investment","Olympia",2,1.93,77200000,700
2022-01-28,"Investment","Olympia",2,1.93,77200000,3300
2022-02-15,"Investment","Olympia",3,2.1,8.4e+07,300
2022-03-02,"Investment","Olympia",2,2,8e+07,200
2022-03-17,"Investment","Olympia",2,2.1,8.4e+07,8000
2022-03-21,"Investment","Olympia",2,2.1,8.4e+07,200
2022-03-25,"Investment","Olympia",2,2.12,84800000,1100
2022-03-29,"Investment","Olympia",2,2.04,81600000,23900
2022-04-04,"Investment","Olympia",2,2,8e+07,300
2022-04-13,"Investment","Olympia",2,2.1,8.4e+07,38800
2022-05-16,"Investment","Olympia",4,2.08,83200000,100
2022-05-19,"Investment","Olympia",2,2.08,83200000,11300
2022-05-26,"Investment","Olympia",2,2.01,80400000,6000
2022-05-30,"Investment","Olympia",2,2.19,87600000,5100
2022-06-06,"Investment","Olympia",2,2.01,80400000,1600
2022-06-10,"Investment","Olympia",2,2.3,9.2e+07,35200
2022-06-27,"Investment","Olympia",2,2.1,8.4e+07,200
2022-06-29,"Investment","Olympia",2,2.1,8.4e+07,900
2022-07-06,"Investment","Olympia",2,2.25,9e+07,100
2022-07-12,"Investment","Olympia",2,2.29,91600000,600
2022-07-21,"Investment","Olympia",2,2.41,96400000,1500
2022-07-25,"Investment","Olympia",2,2.18,87200000,3000
2022-07-28,"Investment","Olympia",3,2.18,87200000,17700
2022-08-04,"Investment","Olympia",3,2.31,92400000,1800
2022-08-11,"Investment","Olympia",2,2.19,87600000,800
2022-08-19,"Investment","Olympia",2,2.1,8.4e+07,100
2022-08-30,"Investment","Olympia",2,2.53,101200000,95300
2022-09-06,"Investment","Olympia",4,2.73,109200000,200
2022-09-19,"Investment","Olympia",2,2.58,103200000,1000
2022-09-28,"Investment","Olympia",3,3,1.2e+08,100
2022-10-03,"Investment","Olympia",2,2.52,100800000,600
2022-10-17,"Investment","Olympia",3,2.28,91200000,100
2022-11-01,"Investment","Olympia",2,2.25,9e+07,10100
2022-11-03,"Investment","Olympia",2,2.26,90400000,3600
2022-11-22,"Investment","Olympia",2,2.78,111200000,63300
2022-11-25,"Investment","Olympia",2,3.1,1.24e+08,100
2022-11-30,"Investment","Olympia",2,2.64,105600000,500
2022-12-07,"Investment","Olympia",4,2.76,110400000,1000
2022-12-15,"Investment","Olympia",3,2.8,1.12e+08,200
2023-01-03,"Investment","Olympia",2,2.96,118400000,5100
2023-01-30,"Investment","Olympia",2,2.85,1.14e+08,300
2023-02-13,"Investment","Olympia",9,2.61,104400000,100
2023-02-22,"Investment","Olympia",2,2.87,114800000,100
2023-03-07,"Investment","Olympia",2,2.73,109200000,1500
2023-03-09,"Investment","Olympia",2,2.47,98800000,3100
2023-03-13,"Investment","Olympia",2,2.58,103200000,41700
2023-03-21,"Investment","Olympia",2,2.59,103600000,100
2023-03-23,"Investment","Olympia",2,2.58,103200000,17900
2023-03-30,"Investment","Olympia",3,2.6,1.04e+08,5000
2023-04-05,"Investment","Olympia",4,2.4,9.6e+07,2000
2023-04-18,"Investment","Olympia",3,2.65,1.06e+08,2100
2023-04-25,"Investment","Olympia",3,2.66,106400000,900
2023-05-02,"Investment","Olympia",2,2.49,99600000,1400
2023-05-10,"Investment","Olympia",2,3.2,1.28e+08,200
2023-05-16,"Investment","Olympia",2,2.85,1.14e+08,1400
2023-05-19,"Investment","Olympia",2,2.71,108400000,3400
2023-05-23,"Investment","Olympia",2,2.7,1.08e+08,15200
2023-06-09,"Investment","Olympia",2,3.27,130800000,6000
2023-06-15,"Investment","Olympia",2,3.7,1.48e+08,500
2023-06-19,"Investment","Olympia",2,3.7,1.48e+08,100
2023-06-21,"Investment","Olympia",2,3.35,1.34e+08,200
2023-07-28,"Investment","Olympia",6,5,2e+08,600
2023-08-04,"Investment","Olympia",5,4.7,1.88e+08,500
2023-08-09,"Investment","Olympia",3,4.24,169600000,200
2023-08-15,"Investment","Olympia",4,3.82,152800000,400
2023-08-22,"Investment","Olympia",2,3.21,128400000,1000
2023-08-30,"Investment","Olympia",2,3.11,124400000,400
2023-09-08,"Investment","Olympia",4,3.5,1.4e+08,100
2023-09-18,"Investment","Olympia",2,3.8,1.52e+08,400
2023-09-20,"Investment","Olympia",2,3.53,141200000,2000
2023-09-26,"Investment","Olympia",2,3.5,1.4e+08,100
2023-10-03,"Investment","Olympia",4,3.5,1.4e+08,600
2023-10-11,"Investment","Olympia",4,3.06,122400000,28800
2023-10-16,"Investment","Olympia",2,3,1.2e+08,100
2023-10-18,"Investment","Olympia",2,3.1,1.24e+08,100
2023-10-26,"Investment","Olympia",2,3.29,131600000,100
2023-10-31,"Investment","Olympia",2,3.19,127600000,300
2023-11-03,"Investment","Olympia",3,2.9,1.16e+08,20500
2023-11-17,"Investment","Olympia",2,3.05,1.22e+08,200
2023-11-27,"Investment","Olympia",2,2.8,1.12e+08,200
2023-12-05,"Investment","Olympia",3,3.1,1.24e+08,1000
2023-12-18,"Investment","Olympia",6,3.03,121200000,600
2024-01-03,"Investment","Olympia",4,3.5,1.4e+08,1300
2024-01-09,"Investment","Olympia",2,3.2,1.28e+08,700
2024-01-18,"Investment","Olympia",3,3.49,139600000,1100
2024-01-22,"Investment","Olympia",2,3.45,1.38e+08,3600
2024-01-29,"Investment","Olympia",4,3.5,1.4e+08,200
2024-02-08,"Investment","Olympia",2,3.45,1.38e+08,500
2024-02-13,"Investment","Olympia",3,3.45,1.38e+08,200
2024-02-28,"Investment","Olympia",4,3.4,1.36e+08,100
2024-03-04,"Investment","Olympia",3,3.4,1.36e+08,400
2024-03-11,"Investment","Olympia",4,3.4,1.36e+08,1000
2024-03-18,"Investment","Olympia",2,3.4,1.36e+08,600
2024-03-25,"Investment","Olympia",2,3.4,1.36e+08,300
2024-03-27,"Investment","Olympia",2,3.4,1.36e+08,1100
2024-04-03,"Investment","Olympia",3,3.7,1.48e+08,300
2024-04-12,"Investment","Olympia",2,3.5,1.4e+08,16100
2024-04-22,"Investment","Olympia",4,3.43,137200000,200
2024-04-25,"Investment","Olympia",3,3.1,1.24e+08,10000
2024-05-09,"Investment","Olympia",2,2.71,108400000,15400
2024-05-16,"Investment","Olympia",2,2.79,111600000,2200
2024-05-23,"Investment","Olympia",2,2.74,109600000,800
2024-05-27,"Investment","Olympia",2,2.83,113200000,24000
2024-06-21,"Investment","Olympia",6,2.71,108400000,1100
2024-06-26,"Investment","Olympia",2,2.96,118400000,1100
2024-07-01,"Investment","Olympia",2,2.7,1.08e+08,20400
2024-07-05,"Investment","Olympia",2,2.69,107600000,2300
2024-07-22,"Investment","Olympia",2,2.8,1.12e+08,1700
2024-08-06,"Investment","Olympia",3,2.73,109200000,400
2024-08-12,"Investment","Olympia",3,2.82,112800000,1000
2024-08-20,"Investment","Olympia",2,2.9,1.16e+08,8000
2024-08-26,"Investment","Olympia",4,2.65,1.06e+08,6500
2024-09-03,"Investment","Olympia",2,2.66,106400000,1000
2024-09-09,"Investment","Olympia",3,2.8,1.12e+08,400
2024-09-12,"Investment","Olympia",2,2.85,1.14e+08,700
2024-09-17,"Investment","Olympia",2,2.7,1.08e+08,200
2024-09-20,"Investment","Olympia",2,2.75,1.1e+08,500
2024-09-27,"Investment","Olympia",2,2.93,117200000,500
2024-10-04,"Investment","Olympia",2,2.96,118400000,19600
2024-10-09,"Investment","Olympia",2,3.15,1.26e+08,400
2024-10-14,"Investment","Olympia",2,3.15,1.26e+08,1200
2024-10-18,"Investment","Olympia",4,3.14,125600000,1100
2024-11-20,"Investment","Olympia",2,2.8,1.12e+08,11800
2024-12-13,"Investment","Olympia",2,3.1,1.24e+08,500
2024-12-27,"Investment","Olympia",2,2.89,115600000,3200
2018-03-27,"Investment Services","Nairobi Securities Exchange",2,20,5190015820,58700
2022-04-19,"Investment Services","Nairobi Securities Exchange",2,8,2080034560,817700
2022-05-06,"Investment Services","Nairobi Securities Exchange",2,8,2080034560,60000
2022-06-17,"Investment Services","Nairobi Securities Exchange",2,6.88,1788829722,6500
2022-07-19,"Investment Services","Nairobi Securities Exchange",2,7.98,2074834474,10300
2022-11-17,"Investment Services","Nairobi Securities Exchange",2,6.82,1773229462,60800
2022-12-13,"Investment Services","Nairobi Securities Exchange",2,6.82,1773229462,1600
2023-01-26,"Investment Services","Nairobi Securities Exchange",2,6.4,1664027648,39900
2023-02-15,"Investment Services","Nairobi Securities Exchange",2,6.88,1788829722,8400
2023-03-22,"Investment Services","Nairobi Securities Exchange",2,6.2,1612026784,100
2023-06-27,"Investment Services","Nairobi Securities Exchange",2,6.02,1565226006,1000
2024-09-02,"Investment Services","Nairobi Securities Exchange",2,5.44,1414423501,72400
2017-06-05,"Manufacturing and Allied","Africa Mega Agricorp",193,97,1248208028,100
2017-11-14,"Manufacturing and Allied","Africa Mega Agricorp",111,95,1222471780,100
2017-11-17,"Manufacturing and Allied","Africa Mega Agricorp",3,94.5,1216037718,300
2017-12-11,"Manufacturing and Allied","Africa Mega Agricorp",15,94,1209603656,100
2018-01-12,"Manufacturing and Allied","Africa Mega Agricorp",18,90,1158131160,100
2018-01-19,"Manufacturing and Allied","Africa Mega Agricorp",3,95,1222471780,100
2018-01-24,"Manufacturing and Allied","Africa Mega Agricorp",3,90,1158131160,500
2018-03-07,"Manufacturing and Allied","Africa Mega Agricorp",30,82,1055186168,100
2018-05-28,"Manufacturing and Allied","Africa Mega Agricorp",55,82,1055186168,100
2018-09-17,"Manufacturing and Allied","Africa Mega Agricorp",77,82,1055186168,500
2018-09-25,"Manufacturing and Allied","Africa Mega Agricorp",5,14,180153736,300
2018-10-15,"Manufacturing and Allied","Africa Mega Agricorp",13,14,180153736,500
2019-03-13,"Manufacturing and Allied","Africa Mega Agricorp",103,14,180153736,300
2019-03-15,"Manufacturing and Allied","Africa Mega Agricorp",2,14,180153736,100
2019-03-19,"Manufacturing and Allied","Africa Mega Agricorp",2,14,180153736,100
2019-04-01,"Manufacturing and Allied","Africa Mega Agricorp",8,12.6,162138362,400
2019-07-17,"Manufacturing and Allied","Africa Mega Agricorp",73,12.6,162138362,800
2019-07-24,"Manufacturing and Allied","Africa Mega Agricorp",5,12.6,162138362,100
2019-10-14,"Manufacturing and Allied","Africa Mega Agricorp",56,12.6,162138362,300
2019-10-16,"Manufacturing and Allied","Africa Mega Agricorp",2,12.6,162138362,200
2020-03-25,"Manufacturing and Allied","Africa Mega Agricorp",108,12.25,157634519,200
2020-08-27,"Manufacturing and Allied","Africa Mega Agricorp",105,12.25,157634519,200
2020-09-22,"Manufacturing and Allied","Africa Mega Agricorp",18,11.05,142192770,300
2020-12-18,"Manufacturing and Allied","Africa Mega Agricorp",62,10.5,135115302,100
2020-12-22,"Manufacturing and Allied","Africa Mega Agricorp",2,10.5,135115302,600
2021-01-15,"Manufacturing and Allied","Africa Mega Agricorp",16,10.4,133828490,100
2021-09-06,"Manufacturing and Allied","Africa Mega Agricorp",161,10.4,133828490,100
2023-01-13,"Manufacturing and Allied","Africa Mega Agricorp",335,11.4,146696614,900
2023-01-19,"Manufacturing and Allied","Africa Mega Agricorp",4,12.5,160851550,200
2023-01-25,"Manufacturing and Allied","Africa Mega Agricorp",4,13.7,176293299,500
2023-02-02,"Manufacturing and Allied","Africa Mega Agricorp",6,15,193021860,1000
2023-05-18,"Manufacturing and Allied","Africa Mega Agricorp",69,15,193021860,100
2023-05-30,"Manufacturing and Allied","Africa Mega Agricorp",8,15,193021860,1500
2023-07-31,"Manufacturing and Allied","Africa Mega Agricorp",42,15,193021860,1000
2023-08-17,"Manufacturing and Allied","Africa Mega Agricorp",13,16.45,211680640,100
2023-09-07,"Manufacturing and Allied","Africa Mega Agricorp",15,18,231626232,500
2023-09-11,"Manufacturing and Allied","Africa Mega Agricorp",2,19.5,250928418,400
2023-12-01,"Manufacturing and Allied","Africa Mega Agricorp",56,19.5,250928418,200
2023-12-15,"Manufacturing and Allied","Africa Mega Agricorp",9,19.5,250928418,100
2024-01-24,"Manufacturing and Allied","Africa Mega Agricorp",25,19.5,250928418,300
2024-02-14,"Manufacturing and Allied","Africa Mega Agricorp",14,19.5,250928418,100
2024-05-20,"Manufacturing and Allied","Africa Mega Agricorp",63,19.5,250928418,100
2024-08-08,"Manufacturing and Allied","Africa Mega Agricorp",57,19.5,250928418,1500
2024-09-19,"Manufacturing and Allied","Africa Mega Agricorp",30,19.8,254788855,600
2024-09-27,"Manufacturing and Allied","Africa Mega Agricorp",5,20.9,268943792,100
2024-10-11,"Manufacturing and Allied","Africa Mega Agricorp",2,44.05,566840862,100
2024-10-25,"Manufacturing and Allied","Africa Mega Agricorp",2,75,965109300,200
2024-10-30,"Manufacturing and Allied","Africa Mega Agricorp",3,70,900768680,100
2024-12-11,"Manufacturing and Allied","Africa Mega Agricorp",29,70,900768680,100
2025-01-02,"Manufacturing and Allied","Africa Mega Agricorp",12,70,900768680,
2016-08-12,"Manufacturing and Allied","BAT Kenya",3,858,8.58e+10,28400
2016-08-18,"Manufacturing and Allied","BAT Kenya",3,855,8.55e+10,2700
2016-08-26,"Manufacturing and Allied","BAT Kenya",2,860,8.6e+10,81000
2016-09-05,"Manufacturing and Allied","BAT Kenya",3,810,8.1e+10,200
2016-09-26,"Manufacturing and Allied","BAT Kenya",4,819,8.19e+10,2400
2016-10-03,"Manufacturing and Allied","BAT Kenya",2,825,8.25e+10,500
2016-10-06,"Manufacturing and Allied","BAT Kenya",2,837,8.37e+10,8600
2016-10-26,"Manufacturing and Allied","BAT Kenya",2,840,8.4e+10,100
2016-10-31,"Manufacturing and Allied","BAT Kenya",2,840,8.4e+10,100
2016-11-03,"Manufacturing and Allied","BAT Kenya",2,845,8.45e+10,2000
2016-11-08,"Manufacturing and Allied","BAT Kenya",2,826,8.26e+10,100
2016-11-16,"Manufacturing and Allied","BAT Kenya",6,828,8.28e+10,200
2016-11-22,"Manufacturing and Allied","BAT Kenya",3,830,8.3e+10,4600
2016-11-25,"Manufacturing and Allied","BAT Kenya",2,830,8.3e+10,200
2016-11-30,"Manufacturing and Allied","BAT Kenya",3,850,8.5e+10,14900
2016-12-05,"Manufacturing and Allied","BAT Kenya",3,850,8.5e+10,100
2016-12-07,"Manufacturing and Allied","BAT Kenya",2,842,8.42e+10,2900
2016-12-13,"Manufacturing and Allied","BAT Kenya",2,840,8.4e+10,10000
2016-12-30,"Manufacturing and Allied","BAT Kenya",4,909,9.09e+10,181000
2017-01-05,"Manufacturing and Allied","BAT Kenya",3,900,9e+10,10900
2017-01-11,"Manufacturing and Allied","BAT Kenya",3,850,8.5e+10,100
2017-01-20,"Manufacturing and Allied","BAT Kenya",3,910,9.1e+10,80300
2017-01-27,"Manufacturing and Allied","BAT Kenya",3,899,8.99e+10,42800
2017-02-02,"Manufacturing and Allied","BAT Kenya",2,902,9.02e+10,13000
2017-02-16,"Manufacturing and Allied","BAT Kenya",3,900,9e+10,1000
2017-02-23,"Manufacturing and Allied","BAT Kenya",2,902,9.02e+10,9400
2017-02-27,"Manufacturing and Allied","BAT Kenya",2,905,9.05e+10,1600
2017-03-07,"Manufacturing and Allied","BAT Kenya",2,900,9e+10,100
2017-03-13,"Manufacturing and Allied","BAT Kenya",2,858,8.58e+10,300
2017-03-15,"Manufacturing and Allied","BAT Kenya",2,861,8.61e+10,86000
2017-03-20,"Manufacturing and Allied","BAT Kenya",3,857,8.57e+10,300
2017-03-22,"Manufacturing and Allied","BAT Kenya",2,850,8.5e+10,5100
2017-04-04,"Manufacturing and Allied","BAT Kenya",2,830,8.3e+10,17700
2017-04-10,"Manufacturing and Allied","BAT Kenya",4,750,7.5e+10,100
2017-04-19,"Manufacturing and Allied","BAT Kenya",2,850,8.5e+10,37000
2017-04-28,"Manufacturing and Allied","BAT Kenya",2,844,8.44e+10,14600
2017-05-08,"Manufacturing and Allied","BAT Kenya",4,817,8.17e+10,100
2017-05-12,"Manufacturing and Allied","BAT Kenya",2,819,8.19e+10,79800
2017-05-19,"Manufacturing and Allied","BAT Kenya",2,784,7.84e+10,10000
2017-05-26,"Manufacturing and Allied","BAT Kenya",5,799,7.99e+10,1100
2017-06-02,"Manufacturing and Allied","BAT Kenya",4,800,8e+10,66700
2017-06-08,"Manufacturing and Allied","BAT Kenya",2,795,7.95e+10,200
2017-06-12,"Manufacturing and Allied","BAT Kenya",2,794,7.94e+10,6000
2017-06-15,"Manufacturing and Allied","BAT Kenya",2,795,7.95e+10,500
2017-06-20,"Manufacturing and Allied","BAT Kenya",2,795,7.95e+10,102700
2017-06-29,"Manufacturing and Allied","BAT Kenya",2,802,8.02e+10,328900
2017-07-07,"Manufacturing and Allied","BAT Kenya",2,803,8.03e+10,100
2017-07-17,"Manufacturing and Allied","BAT Kenya",2,800,8e+10,57500
2017-07-25,"Manufacturing and Allied","BAT Kenya",4,799,7.99e+10,22100
2017-08-07,"Manufacturing and Allied","BAT Kenya",4,800,8e+10,1000
2017-08-11,"Manufacturing and Allied","BAT Kenya",3,800,8e+10,45000
2017-08-15,"Manufacturing and Allied","BAT Kenya",2,800,8e+10,1500
2017-08-18,"Manufacturing and Allied","BAT Kenya",3,801,8.01e+10,9200
2017-08-22,"Manufacturing and Allied","BAT Kenya",2,802,8.02e+10,500
2017-08-25,"Manufacturing and Allied","BAT Kenya",3,810,8.1e+10,200
2017-09-01,"Manufacturing and Allied","BAT Kenya",2,800,8e+10,29900
2017-09-12,"Manufacturing and Allied","BAT Kenya",3,840,8.4e+10,100
2017-09-20,"Manufacturing and Allied","BAT Kenya",2,800,8e+10,3100
2017-10-04,"Manufacturing and Allied","BAT Kenya",2,800,8e+10,3400
2017-10-09,"Manufacturing and Allied","BAT Kenya",3,800,8e+10,70200
2017-10-11,"Manufacturing and Allied","BAT Kenya",2,809,8.09e+10,230900
2017-10-16,"Manufacturing and Allied","BAT Kenya",2,800,8e+10,1600
2017-10-31,"Manufacturing and Allied","BAT Kenya",2,800,8e+10,56400
2017-11-03,"Manufacturing and Allied","BAT Kenya",3,800,8e+10,600
2017-11-07,"Manufacturing and Allied","BAT Kenya",2,800,8e+10,1200
2017-11-10,"Manufacturing and Allied","BAT Kenya",2,800,8e+10,100
2017-11-21,"Manufacturing and Allied","BAT Kenya",2,780,7.8e+10,1900
2017-11-23,"Manufacturing and Allied","BAT Kenya",2,780,7.8e+10,500
2017-11-30,"Manufacturing and Allied","BAT Kenya",2,800,8e+10,100700
2017-12-04,"Manufacturing and Allied","BAT Kenya",2,800,8e+10,2400
2017-12-11,"Manufacturing and Allied","BAT Kenya",2,797,7.97e+10,300
2017-12-14,"Manufacturing and Allied","BAT Kenya",2,796,7.96e+10,1800
2017-12-22,"Manufacturing and Allied","BAT Kenya",2,780,7.8e+10,700
2018-01-03,"Manufacturing and Allied","BAT Kenya",2,760,7.6e+10,300
2018-01-08,"Manufacturing and Allied","BAT Kenya",2,779,7.79e+10,76000
2018-01-15,"Manufacturing and Allied","BAT Kenya",3,775,7.75e+10,100
2018-01-23,"Manufacturing and Allied","BAT Kenya",5,776,7.76e+10,1200
2018-02-05,"Manufacturing and Allied","BAT Kenya",4,800,8e+10,100
2018-02-07,"Manufacturing and Allied","BAT Kenya",2,799,7.99e+10,200
2018-02-09,"Manufacturing and Allied","BAT Kenya",2,781,7.81e+10,25200
2018-02-16,"Manufacturing and Allied","BAT Kenya",2,786,7.86e+10,100
2018-02-22,"Manufacturing and Allied","BAT Kenya",4,770,7.7e+10,100
2018-02-27,"Manufacturing and Allied","BAT Kenya",2,769,7.69e+10,2200
2018-04-04,"Manufacturing and Allied","BAT Kenya",2,760,7.6e+10,139900
2018-04-17,"Manufacturing and Allied","BAT Kenya",2,663,6.63e+10,1500
2018-04-25,"Manufacturing and Allied","BAT Kenya",2,668,6.68e+10,200
2018-05-22,"Manufacturing and Allied","BAT Kenya",2,605,6.05e+10,200
2018-05-29,"Manufacturing and Allied","BAT Kenya",2,647,6.47e+10,10100
2018-05-31,"Manufacturing and Allied","BAT Kenya",2,693,6.93e+10,7600
2018-06-07,"Manufacturing and Allied","BAT Kenya",4,631,6.31e+10,1000
2018-06-11,"Manufacturing and Allied","BAT Kenya",2,630,6.3e+10,2000
2018-06-13,"Manufacturing and Allied","BAT Kenya",2,629,6.29e+10,2100
2018-06-18,"Manufacturing and Allied","BAT Kenya",2,625,6.25e+10,200
2018-06-26,"Manufacturing and Allied","BAT Kenya",2,614,6.14e+10,1500
2018-07-04,"Manufacturing and Allied","BAT Kenya",4,600,6e+10,200
2018-07-09,"Manufacturing and Allied","BAT Kenya",3,600,6e+10,500
2018-07-13,"Manufacturing and Allied","BAT Kenya",4,605,6.05e+10,4600
2018-07-17,"Manufacturing and Allied","BAT Kenya",2,600,6e+10,3700
2018-07-25,"Manufacturing and Allied","BAT Kenya",2,620,6.2e+10,15100
2018-08-01,"Manufacturing and Allied","BAT Kenya",2,639,6.39e+10,2500
2018-08-13,"Manufacturing and Allied","BAT Kenya",3,600,6e+10,200
2018-08-15,"Manufacturing and Allied","BAT Kenya",2,620,6.2e+10,100
2018-08-20,"Manufacturing and Allied","BAT Kenya",2,619,6.19e+10,400
2018-08-24,"Manufacturing and Allied","BAT Kenya",3,618,6.18e+10,100
2018-09-07,"Manufacturing and Allied","BAT Kenya",2,616,6.16e+10,5500
2018-09-12,"Manufacturing and Allied","BAT Kenya",2,609,6.09e+10,7100
2018-09-14,"Manufacturing and Allied","BAT Kenya",2,605,6.05e+10,100
2018-09-27,"Manufacturing and Allied","BAT Kenya",2,600,6e+10,4100
2018-10-03,"Manufacturing and Allied","BAT Kenya",2,600,6e+10,100
2018-10-11,"Manufacturing and Allied","BAT Kenya",2,600,6e+10,100
2018-10-17,"Manufacturing and Allied","BAT Kenya",3,600,6e+10,200
2018-10-29,"Manufacturing and Allied","BAT Kenya",2,580,5.8e+10,60200
2018-10-31,"Manufacturing and Allied","BAT Kenya",2,580,5.8e+10,50500
2018-11-07,"Manufacturing and Allied","BAT Kenya",3,580,5.8e+10,12500
2018-11-15,"Manufacturing and Allied","BAT Kenya",5,550,5.5e+10,200
2018-11-19,"Manufacturing and Allied","BAT Kenya",2,550,5.5e+10,100
2018-11-27,"Manufacturing and Allied","BAT Kenya",2,580,5.8e+10,100
2018-11-30,"Manufacturing and Allied","BAT Kenya",3,634,6.34e+10,50000
2018-12-05,"Manufacturing and Allied","BAT Kenya",3,600,6e+10,200
2018-12-07,"Manufacturing and Allied","BAT Kenya",2,540,5.4e+10,200
2018-12-24,"Manufacturing and Allied","BAT Kenya",2,678,6.78e+10,31100
2018-12-31,"Manufacturing and Allied","BAT Kenya",3,725,7.25e+10,5000
2019-01-10,"Manufacturing and Allied","BAT Kenya",7,680,6.8e+10,14000
2019-01-16,"Manufacturing and Allied","BAT Kenya",3,675,6.75e+10,400
2019-01-22,"Manufacturing and Allied","BAT Kenya",4,670,6.7e+10,1e+05
2019-01-24,"Manufacturing and Allied","BAT Kenya",2,648,6.48e+10,1211900
2019-01-30,"Manufacturing and Allied","BAT Kenya",3,647,6.47e+10,1250100
2019-02-04,"Manufacturing and Allied","BAT Kenya",2,600,6e+10,100
2019-02-06,"Manufacturing and Allied","BAT Kenya",2,643,6.43e+10,2613100
2019-02-12,"Manufacturing and Allied","BAT Kenya",3,583,5.83e+10,48800
2019-02-19,"Manufacturing and Allied","BAT Kenya",2,635,6.35e+10,312200
2019-02-26,"Manufacturing and Allied","BAT Kenya",2,616,6.16e+10,300
2019-03-06,"Manufacturing and Allied","BAT Kenya",2,604,6.04e+10,5859500
2019-03-08,"Manufacturing and Allied","BAT Kenya",2,580,5.8e+10,400
2019-03-13,"Manufacturing and Allied","BAT Kenya",3,580,5.8e+10,141800
2019-03-18,"Manufacturing and Allied","BAT Kenya",2,558,5.58e+10,2800
2019-03-26,"Manufacturing and Allied","BAT Kenya",3,538,5.38e+10,200
2019-04-11,"Manufacturing and Allied","BAT Kenya",6,550,5.5e+10,700
2019-04-15,"Manufacturing and Allied","BAT Kenya",2,544,5.44e+10,10100
2019-04-23,"Manufacturing and Allied","BAT Kenya",4,525,5.25e+10,4900
2019-05-06,"Manufacturing and Allied","BAT Kenya",2,505,5.05e+10,200
2019-05-09,"Manufacturing and Allied","BAT Kenya",2,544,5.44e+10,5600
2019-05-30,"Manufacturing and Allied","BAT Kenya",4,500,5e+10,3600
2019-06-19,"Manufacturing and Allied","BAT Kenya",3,502,5.02e+10,600
2019-07-03,"Manufacturing and Allied","BAT Kenya",2,506,5.06e+10,3000
2019-07-11,"Manufacturing and Allied","BAT Kenya",2,505,5.05e+10,2000
2019-07-17,"Manufacturing and Allied","BAT Kenya",2,520,5.2e+10,100
2019-07-24,"Manufacturing and Allied","BAT Kenya",2,514,5.14e+10,248700
2019-07-29,"Manufacturing and Allied","BAT Kenya",2,515,5.15e+10,238700
2019-08-06,"Manufacturing and Allied","BAT Kenya",2,513,5.13e+10,800
2019-08-15,"Manufacturing and Allied","BAT Kenya",2,515,5.15e+10,2e+05
2019-08-22,"Manufacturing and Allied","BAT Kenya",3,511,5.11e+10,204500
2019-08-27,"Manufacturing and Allied","BAT Kenya",3,511,5.11e+10,36700
2019-09-06,"Manufacturing and Allied","BAT Kenya",2,490,4.9e+10,112100
2019-09-10,"Manufacturing and Allied","BAT Kenya",2,490,4.9e+10,185600
2019-09-12,"Manufacturing and Allied","BAT Kenya",2,486.25,4.8625e+10,6400
2019-09-19,"Manufacturing and Allied","BAT Kenya",2,485,4.85e+10,2600
2019-10-03,"Manufacturing and Allied","BAT Kenya",2,500,5e+10,2900
2019-10-08,"Manufacturing and Allied","BAT Kenya",3,485,4.85e+10,131700
2019-10-11,"Manufacturing and Allied","BAT Kenya",2,486,4.86e+10,500
2019-10-16,"Manufacturing and Allied","BAT Kenya",3,485,4.85e+10,158400
2019-10-22,"Manufacturing and Allied","BAT Kenya",3,485,4.85e+10,132000
2019-11-12,"Manufacturing and Allied","BAT Kenya",6,499.25,4.9925e+10,800
2019-11-15,"Manufacturing and Allied","BAT Kenya",2,500,5e+10,2400
2019-11-26,"Manufacturing and Allied","BAT Kenya",2,480,4.8e+10,776000
2019-12-03,"Manufacturing and Allied","BAT Kenya",3,491,4.91e+10,200
2019-12-06,"Manufacturing and Allied","BAT Kenya",2,485,4.85e+10,100
2019-12-30,"Manufacturing and Allied","BAT Kenya",2,505,5.05e+10,300
2020-01-09,"Manufacturing and Allied","BAT Kenya",2,502,5.02e+10,1500
2020-01-15,"Manufacturing and Allied","BAT Kenya",2,482.25,4.8225e+10,18400
2020-01-20,"Manufacturing and Allied","BAT Kenya",2,499.75,4.9975e+10,6000
2020-01-22,"Manufacturing and Allied","BAT Kenya",2,491,4.91e+10,12400
2020-01-29,"Manufacturing and Allied","BAT Kenya",3,490,4.9e+10,5000
2020-02-06,"Manufacturing and Allied","BAT Kenya",2,488.5,4.885e+10,500
2020-02-13,"Manufacturing and Allied","BAT Kenya",2,480,4.8e+10,200
2020-02-19,"Manufacturing and Allied","BAT Kenya",4,499.5,4.995e+10,1100
2020-02-26,"Manufacturing and Allied","BAT Kenya",3,490,4.9e+10,500
2020-03-02,"Manufacturing and Allied","BAT Kenya",2,485,4.85e+10,100
2020-03-09,"Manufacturing and Allied","BAT Kenya",2,476,4.76e+10,900
2020-03-12,"Manufacturing and Allied","BAT Kenya",2,439.25,4.3925e+10,5600
2020-03-26,"Manufacturing and Allied","BAT Kenya",2,364.5,3.645e+10,84700
2020-04-03,"Manufacturing and Allied","BAT Kenya",2,365,3.65e+10,200
2020-04-09,"Manufacturing and Allied","BAT Kenya",3,360,3.6e+10,6100
2020-05-19,"Manufacturing and Allied","BAT Kenya",2,320,3.2e+10,1600
2020-07-29,"Manufacturing and Allied","BAT Kenya",2,323.5,3.235e+10,200
2020-08-13,"Manufacturing and Allied","BAT Kenya",2,325.25,3.2525e+10,1300
2020-08-25,"Manufacturing and Allied","BAT Kenya",2,318.75,3.1875e+10,15200
2020-09-02,"Manufacturing and Allied","BAT Kenya",2,330,3.3e+10,11500
2020-09-14,"Manufacturing and Allied","BAT Kenya",2,329,3.29e+10,2400
2020-10-23,"Manufacturing and Allied","BAT Kenya",2,349.25,3.4925e+10,1300
2020-10-28,"Manufacturing and Allied","BAT Kenya",2,350,3.5e+10,1800
2020-11-02,"Manufacturing and Allied","BAT Kenya",2,336,3.36e+10,14800
2020-11-04,"Manufacturing and Allied","BAT Kenya",2,345,3.45e+10,100
2020-11-17,"Manufacturing and Allied","BAT Kenya",2,365,3.65e+10,200100
2020-12-10,"Manufacturing and Allied","BAT Kenya",2,390.5,3.905e+10,26100
2020-12-22,"Manufacturing and Allied","BAT Kenya",2,390,3.9e+10,54600
2021-01-05,"Manufacturing and Allied","BAT Kenya",2,385,3.85e+10,113200
2021-01-21,"Manufacturing and Allied","BAT Kenya",2,392,3.92e+10,700
2021-02-16,"Manufacturing and Allied","BAT Kenya",2,437,4.37e+10,3200
2021-03-31,"Manufacturing and Allied","BAT Kenya",2,475,4.75e+10,4800
2021-05-06,"Manufacturing and Allied","BAT Kenya",2,460,4.6e+10,17600
2021-06-04,"Manufacturing and Allied","BAT Kenya",2,465.25,4.6525e+10,2600
2021-06-29,"Manufacturing and Allied","BAT Kenya",2,435.25,4.3525e+10,5000
2021-07-05,"Manufacturing and Allied","BAT Kenya",2,449.5,4.495e+10,1100
2021-07-15,"Manufacturing and Allied","BAT Kenya",2,445,4.45e+10,58800
2021-10-04,"Manufacturing and Allied","BAT Kenya",2,448.75,4.4875e+10,400
2021-11-19,"Manufacturing and Allied","BAT Kenya",2,426.5,4.265e+10,200
2021-11-26,"Manufacturing and Allied","BAT Kenya",3,434,4.34e+10,2800
2021-12-09,"Manufacturing and Allied","BAT Kenya",2,430,4.3e+10,100
2022-01-03,"Manufacturing and Allied","BAT Kenya",3,440,4.4e+10,300
2022-02-03,"Manufacturing and Allied","BAT Kenya",2,450.75,4.5075e+10,1900
2022-02-07,"Manufacturing and Allied","BAT Kenya",2,448.75,4.4875e+10,1700
2022-02-15,"Manufacturing and Allied","BAT Kenya",2,447.25,4.4725e+10,300
2022-04-07,"Manufacturing and Allied","BAT Kenya",2,488.25,4.8825e+10,600
2022-05-10,"Manufacturing and Allied","BAT Kenya",2,404,4.04e+10,9300
2022-05-23,"Manufacturing and Allied","BAT Kenya",3,420,4.2e+10,200
2022-06-06,"Manufacturing and Allied","BAT Kenya",2,418.25,4.1825e+10,1000
2022-06-14,"Manufacturing and Allied","BAT Kenya",4,428,4.28e+10,11200
2022-06-27,"Manufacturing and Allied","BAT Kenya",2,423.75,4.2375e+10,1400
2022-07-06,"Manufacturing and Allied","BAT Kenya",2,415,4.15e+10,1500
2022-07-29,"Manufacturing and Allied","BAT Kenya",2,440,4.4e+10,4500
2022-08-08,"Manufacturing and Allied","BAT Kenya",2,445,4.45e+10,1100
2022-09-02,"Manufacturing and Allied","BAT Kenya",2,449.75,4.4975e+10,8200
2022-09-06,"Manufacturing and Allied","BAT Kenya",2,463.25,4.6325e+10,2000
2022-11-11,"Manufacturing and Allied","BAT Kenya",2,425,4.25e+10,166900
2022-11-29,"Manufacturing and Allied","BAT Kenya",2,431.5,4.315e+10,200
2022-12-14,"Manufacturing and Allied","BAT Kenya",4,442,4.42e+10,1900
2022-12-30,"Manufacturing and Allied","BAT Kenya",2,460,4.6e+10,600
2023-01-04,"Manufacturing and Allied","BAT Kenya",2,459.5,4.595e+10,300
2023-04-19,"Manufacturing and Allied","BAT Kenya",2,458,4.58e+10,200
2023-06-22,"Manufacturing and Allied","BAT Kenya",2,425,4.25e+10,3300
2023-07-18,"Manufacturing and Allied","BAT Kenya",2,451.25,4.5125e+10,500
2023-08-10,"Manufacturing and Allied","BAT Kenya",2,445,4.45e+10,400
2023-09-08,"Manufacturing and Allied","BAT Kenya",2,421,4.21e+10,300
2023-10-19,"Manufacturing and Allied","BAT Kenya",2,425,4.25e+10,100
2023-11-02,"Manufacturing and Allied","BAT Kenya",2,415,4.15e+10,1300
2023-12-22,"Manufacturing and Allied","BAT Kenya",2,405,4.05e+10,100
2024-01-02,"Manufacturing and Allied","BAT Kenya",2,425,4.25e+10,200
2024-01-04,"Manufacturing and Allied","BAT Kenya",2,428.5,4.285e+10,1700
2024-01-16,"Manufacturing and Allied","BAT Kenya",2,425.5,4.255e+10,1500
2024-01-18,"Manufacturing and Allied","BAT Kenya",2,425.5,4.255e+10,3100
2024-02-07,"Manufacturing and Allied","BAT Kenya",2,423.25,4.2325e+10,600
2016-08-08,"Manufacturing and Allied","BOC Kenya",3,82,1601086572,100
2016-08-16,"Manufacturing and Allied","BOC Kenya",5,81,1581561126,100
2016-08-18,"Manufacturing and Allied","BOC Kenya",2,85,1659662910,200
2016-08-22,"Manufacturing and Allied","BOC Kenya",2,84,1640137464,1000
2016-08-25,"Manufacturing and Allied","BOC Kenya",2,84,1640137464,104000
2016-09-05,"Manufacturing and Allied","BOC Kenya",6,84,1640137464,400
2016-09-20,"Manufacturing and Allied","BOC Kenya",6,90,1757290140,100
2016-09-27,"Manufacturing and Allied","BOC Kenya",4,96,1874442816,200
2016-10-06,"Manufacturing and Allied","BOC Kenya",6,92,1796341032,2000
2016-10-11,"Manufacturing and Allied","BOC Kenya",3,95,1854917370,100
2016-10-13,"Manufacturing and Allied","BOC Kenya",2,90,1757290140,6200
2016-10-18,"Manufacturing and Allied","BOC Kenya",2,89.5,1747527417,98400
2016-10-21,"Manufacturing and Allied","BOC Kenya",2,86.5,1688951079,300
2016-10-28,"Manufacturing and Allied","BOC Kenya",3,90,1757290140,5500
2016-11-02,"Manufacturing and Allied","BOC Kenya",3,84,1640137464,100
2016-11-15,"Manufacturing and Allied","BOC Kenya",9,85,1659662910,2000
2016-11-18,"Manufacturing and Allied","BOC Kenya",3,85.5,1669425633,100
2016-11-24,"Manufacturing and Allied","BOC Kenya",2,90,1757290140,500
2016-11-29,"Manufacturing and Allied","BOC Kenya",2,90,1757290140,7000
2016-12-07,"Manufacturing and Allied","BOC Kenya",5,90,1757290140,5000
2016-12-13,"Manufacturing and Allied","BOC Kenya",2,90,1757290140,100
2016-12-19,"Manufacturing and Allied","BOC Kenya",3,82,1601086572,500
2017-01-03,"Manufacturing and Allied","BOC Kenya",8,83,1620612018,500
2017-01-10,"Manufacturing and Allied","BOC Kenya",5,85.5,1669425633,100
2017-01-13,"Manufacturing and Allied","BOC Kenya",3,88,1718239248,200
2017-01-20,"Manufacturing and Allied","BOC Kenya",4,87,1698713802,600
2017-01-25,"Manufacturing and Allied","BOC Kenya",3,85,1659662910,1000
2017-01-30,"Manufacturing and Allied","BOC Kenya",2,88.5,1728001971,9600
2017-02-02,"Manufacturing and Allied","BOC Kenya",3,89,1737764694,15200
2017-02-06,"Manufacturing and Allied","BOC Kenya",2,83,1620612018,67500
2017-02-10,"Manufacturing and Allied","BOC Kenya",3,90,1757290140,100
2017-02-17,"Manufacturing and Allied","BOC Kenya",3,90,1757290140,100
2017-02-21,"Manufacturing and Allied","BOC Kenya",2,89,1737764694,400
2017-02-27,"Manufacturing and Allied","BOC Kenya",3,87,1698713802,1000
2017-03-06,"Manufacturing and Allied","BOC Kenya",4,87,1698713802,800
2017-03-13,"Manufacturing and Allied","BOC Kenya",3,87,1698713802,400
2017-03-21,"Manufacturing and Allied","BOC Kenya",5,87,1698713802,100
2017-03-24,"Manufacturing and Allied","BOC Kenya",3,89.5,1747527417,15500
2017-04-10,"Manufacturing and Allied","BOC Kenya",11,90,1757290140,5000
2017-04-19,"Manufacturing and Allied","BOC Kenya",2,92,1796341032,100
2017-05-04,"Manufacturing and Allied","BOC Kenya",10,90,1757290140,100
2017-05-10,"Manufacturing and Allied","BOC Kenya",4,83,1620612018,400
2017-05-12,"Manufacturing and Allied","BOC Kenya",2,85,1659662910,100
2017-05-16,"Manufacturing and Allied","BOC Kenya",2,84,1640137464,200
2017-05-22,"Manufacturing and Allied","BOC Kenya",3,84,1640137464,200
2017-05-24,"Manufacturing and Allied","BOC Kenya",2,84,1640137464,8500
2017-05-26,"Manufacturing and Allied","BOC Kenya",2,90,1757290140,100
2017-05-30,"Manufacturing and Allied","BOC Kenya",2,85,1659662910,36300
2017-06-07,"Manufacturing and Allied","BOC Kenya",5,90,1757290140,100
2017-06-09,"Manufacturing and Allied","BOC Kenya",2,90,1757290140,100
2017-06-13,"Manufacturing and Allied","BOC Kenya",2,90,1757290140,4100
2017-06-20,"Manufacturing and Allied","BOC Kenya",2,85,1659662910,100
2017-06-29,"Manufacturing and Allied","BOC Kenya",3,93,1815866478,800
2017-07-04,"Manufacturing and Allied","BOC Kenya",2,100,1952544600,500
2017-07-06,"Manufacturing and Allied","BOC Kenya",2,93,1815866478,9400
2017-07-10,"Manufacturing and Allied","BOC Kenya",2,95,1854917370,400
2017-07-17,"Manufacturing and Allied","BOC Kenya",4,95,1854917370,100
2017-07-25,"Manufacturing and Allied","BOC Kenya",4,99,1933019154,5400
2017-08-01,"Manufacturing and Allied","BOC Kenya",5,91,1776815586,200
2017-08-11,"Manufacturing and Allied","BOC Kenya",4,100,1952544600,1000
2017-08-22,"Manufacturing and Allied","BOC Kenya",5,99.5,1942781877,500
2017-08-28,"Manufacturing and Allied","BOC Kenya",2,110,2147799060,400
2017-09-01,"Manufacturing and Allied","BOC Kenya",3,103,2011120938,1400
2017-09-05,"Manufacturing and Allied","BOC Kenya",2,105,2050171830,200
2017-09-11,"Manufacturing and Allied","BOC Kenya",4,103,2011120938,800
2017-09-14,"Manufacturing and Allied","BOC Kenya",2,103,2011120938,2900
2017-09-18,"Manufacturing and Allied","BOC Kenya",2,105,2050171830,19200
2017-09-26,"Manufacturing and Allied","BOC Kenya",3,101,1972070046,400
2017-09-28,"Manufacturing and Allied","BOC Kenya",2,101,1972070046,400
2017-10-06,"Manufacturing and Allied","BOC Kenya",6,95,1854917370,1500
2017-10-10,"Manufacturing and Allied","BOC Kenya",2,100,1952544600,500
2017-10-12,"Manufacturing and Allied","BOC Kenya",2,100,1952544600,1000
2017-10-17,"Manufacturing and Allied","BOC Kenya",3,103,2011120938,900
2017-10-30,"Manufacturing and Allied","BOC Kenya",4,102,1991595492,16600
2017-11-02,"Manufacturing and Allied","BOC Kenya",3,102,1991595492,5000
2017-11-08,"Manufacturing and Allied","BOC Kenya",3,110,2147799060,100
2017-11-15,"Manufacturing and Allied","BOC Kenya",2,108,2108748168,6200
2017-11-20,"Manufacturing and Allied","BOC Kenya",2,107,2089222722,100
2017-11-24,"Manufacturing and Allied","BOC Kenya",2,107,2089222722,6000
2017-12-13,"Manufacturing and Allied","BOC Kenya",10,107,2089222722,18800
2017-12-15,"Manufacturing and Allied","BOC Kenya",2,107,2089222722,300
2017-12-29,"Manufacturing and Allied","BOC Kenya",8,107,2089222722,100
2018-01-10,"Manufacturing and Allied","BOC Kenya",7,107,2089222722,300
2018-01-15,"Manufacturing and Allied","BOC Kenya",2,107,2089222722,5400
2018-01-26,"Manufacturing and Allied","BOC Kenya",2,100,1952544600,1000
2018-02-05,"Manufacturing and Allied","BOC Kenya",6,104,2030646384,900
2018-02-15,"Manufacturing and Allied","BOC Kenya",4,105,2050171830,1000
2018-03-05,"Manufacturing and Allied","BOC Kenya",12,102,1991595492,800
2018-03-09,"Manufacturing and Allied","BOC Kenya",2,92,1796341032,1300
2018-03-13,"Manufacturing and Allied","BOC Kenya",2,92,1796341032,2200
2018-03-16,"Manufacturing and Allied","BOC Kenya",2,93,1815866478,100
2018-03-21,"Manufacturing and Allied","BOC Kenya",3,95,1854917370,100
2018-03-27,"Manufacturing and Allied","BOC Kenya",4,93,1815866478,800
2018-03-29,"Manufacturing and Allied","BOC Kenya",2,94,1835391924,100
2018-04-06,"Manufacturing and Allied","BOC Kenya",4,95.5,1864680093,1200
2018-04-13,"Manufacturing and Allied","BOC Kenya",4,90,1757290140,800
2018-04-24,"Manufacturing and Allied","BOC Kenya",2,90,1757290140,1100
2018-04-30,"Manufacturing and Allied","BOC Kenya",2,90,1757290140,100
2018-05-04,"Manufacturing and Allied","BOC Kenya",2,90,1757290140,300
2018-05-10,"Manufacturing and Allied","BOC Kenya",3,90,1757290140,50100
2018-05-14,"Manufacturing and Allied","BOC Kenya",2,90,1757290140,200
2018-05-30,"Manufacturing and Allied","BOC Kenya",12,90,1757290140,400
2018-06-06,"Manufacturing and Allied","BOC Kenya",4,85,1659662910,8600
2018-06-12,"Manufacturing and Allied","BOC Kenya",4,86,1679188356,50300
2018-06-18,"Manufacturing and Allied","BOC Kenya",2,89.5,1747527417,1000
2018-06-20,"Manufacturing and Allied","BOC Kenya",2,87.5,1708476525,200
2018-06-26,"Manufacturing and Allied","BOC Kenya",3,90,1757290140,200
2018-06-29,"Manufacturing and Allied","BOC Kenya",2,90,1757290140,1000
2018-07-06,"Manufacturing and Allied","BOC Kenya",3,90,1757290140,100
2018-07-12,"Manufacturing and Allied","BOC Kenya",3,79,1542510234,400
2018-07-17,"Manufacturing and Allied","BOC Kenya",3,79,1542510234,100
2018-07-25,"Manufacturing and Allied","BOC Kenya",5,79,1542510234,1800
2018-07-27,"Manufacturing and Allied","BOC Kenya",2,72,1405832112,19300
2018-08-06,"Manufacturing and Allied","BOC Kenya",6,74,1444883004,100
2018-08-08,"Manufacturing and Allied","BOC Kenya",2,76,1483933896,1800
2018-08-14,"Manufacturing and Allied","BOC Kenya",4,83,1620612018,1000
2018-08-27,"Manufacturing and Allied","BOC Kenya",5,94,1835391924,1200
2018-08-31,"Manufacturing and Allied","BOC Kenya",3,94,1835391924,1400
2018-09-10,"Manufacturing and Allied","BOC Kenya",4,93,1815866478,100
2018-09-12,"Manufacturing and Allied","BOC Kenya",2,88.5,1728001971,200
2018-09-19,"Manufacturing and Allied","BOC Kenya",4,80,1562035680,10400
2018-09-26,"Manufacturing and Allied","BOC Kenya",3,80,1562035680,200
2018-10-01,"Manufacturing and Allied","BOC Kenya",2,80,1562035680,100
2018-10-11,"Manufacturing and Allied","BOC Kenya",5,81.5,1591323849,100
2018-10-18,"Manufacturing and Allied","BOC Kenya",3,78,1522984788,100
2018-10-23,"Manufacturing and Allied","BOC Kenya",2,83,1620612018,100
2018-10-30,"Manufacturing and Allied","BOC Kenya",3,80,1562035680,200
2018-11-05,"Manufacturing and Allied","BOC Kenya",4,73.5,1435120281,1000
2018-11-12,"Manufacturing and Allied","BOC Kenya",5,75,1464408450,1100
2018-11-15,"Manufacturing and Allied","BOC Kenya",3,82,1601086572,100
2018-11-19,"Manufacturing and Allied","BOC Kenya",2,75,1464408450,117000
2018-11-26,"Manufacturing and Allied","BOC Kenya",4,80,1562035680,200
2018-12-14,"Manufacturing and Allied","BOC Kenya",13,75,1464408450,2900
2018-12-31,"Manufacturing and Allied","BOC Kenya",9,75,1464408450,100
2019-01-07,"Manufacturing and Allied","BOC Kenya",4,74.25,1449764366,400
2019-01-10,"Manufacturing and Allied","BOC Kenya",2,80,1562035680,100
2019-01-16,"Manufacturing and Allied","BOC Kenya",3,75,1464408450,144400
2019-01-22,"Manufacturing and Allied","BOC Kenya",2,74.25,1449764366,20500
2019-01-25,"Manufacturing and Allied","BOC Kenya",3,75,1464408450,39200
2019-02-01,"Manufacturing and Allied","BOC Kenya",2,82.5,1610849295,100
2019-02-07,"Manufacturing and Allied","BOC Kenya",2,83,1620612018,500
2019-02-11,"Manufacturing and Allied","BOC Kenya",2,80,1562035680,100
2019-02-18,"Manufacturing and Allied","BOC Kenya",4,81.25,1586442488,100
2019-02-21,"Manufacturing and Allied","BOC Kenya",3,81.25,1586442488,300
2019-02-26,"Manufacturing and Allied","BOC Kenya",2,74.75,1459527089,1100
2019-03-07,"Manufacturing and Allied","BOC Kenya",5,75,1464408450,1000
2019-03-14,"Manufacturing and Allied","BOC Kenya",2,75,1464408450,1600
2019-03-19,"Manufacturing and Allied","BOC Kenya",2,79.5,1552272957,1000
2019-03-22,"Manufacturing and Allied","BOC Kenya",3,79.5,1552272957,300
2019-03-29,"Manufacturing and Allied","BOC Kenya",5,79.5,1552272957,1900
2019-04-03,"Manufacturing and Allied","BOC Kenya",3,78,1522984788,1000
2019-04-12,"Manufacturing and Allied","BOC Kenya",2,72.5,1415594835,500
2019-04-17,"Manufacturing and Allied","BOC Kenya",2,71.5,1396069389,200
2019-04-26,"Manufacturing and Allied","BOC Kenya",4,70,1366781220,100
2019-05-02,"Manufacturing and Allied","BOC Kenya",2,62,1210577652,1300
2019-05-06,"Manufacturing and Allied","BOC Kenya",2,68,1327730328,300
2019-05-10,"Manufacturing and Allied","BOC Kenya",2,62,1210577652,2300
2019-05-15,"Manufacturing and Allied","BOC Kenya",2,62.5,1220340375,200
2019-05-21,"Manufacturing and Allied","BOC Kenya",2,65,1269153990,100
2019-06-07,"Manufacturing and Allied","BOC Kenya",10,65,1269153990,12000
2019-06-14,"Manufacturing and Allied","BOC Kenya",3,65,1269153990,3500
2019-06-18,"Manufacturing and Allied","BOC Kenya",2,65,1269153990,2600
2019-06-20,"Manufacturing and Allied","BOC Kenya",2,65,1269153990,200
2019-06-24,"Manufacturing and Allied","BOC Kenya",2,65,1269153990,2400
2019-07-08,"Manufacturing and Allied","BOC Kenya",9,71.5,1396069389,600
2019-07-11,"Manufacturing and Allied","BOC Kenya",3,65,1269153990,500
2019-07-22,"Manufacturing and Allied","BOC Kenya",6,71,1386306666,100
2019-07-25,"Manufacturing and Allied","BOC Kenya",2,72,1405832112,400
2019-08-07,"Manufacturing and Allied","BOC Kenya",9,67.75,1322848967,900
2019-08-09,"Manufacturing and Allied","BOC Kenya",2,66.75,1303323521,5100
2019-08-21,"Manufacturing and Allied","BOC Kenya",7,65,1269153990,1000
2019-08-28,"Manufacturing and Allied","BOC Kenya",4,65.25,1274035352,100
2019-09-04,"Manufacturing and Allied","BOC Kenya",5,65,1269153990,1000
2019-09-16,"Manufacturing and Allied","BOC Kenya",7,67.5,1317967605,100
2019-10-01,"Manufacturing and Allied","BOC Kenya",2,59.75,1166645399,200
2019-10-07,"Manufacturing and Allied","BOC Kenya",2,58,1132475868,800
2019-10-22,"Manufacturing and Allied","BOC Kenya",2,57.5,1122713145,3000
2019-10-24,"Manufacturing and Allied","BOC Kenya",2,57.5,1122713145,200
2019-11-01,"Manufacturing and Allied","BOC Kenya",4,57.5,1122713145,1800
2019-11-05,"Manufacturing and Allied","BOC Kenya",2,57.5,1122713145,6100
2019-11-14,"Manufacturing and Allied","BOC Kenya",3,59.25,1156882676,200
2019-11-20,"Manufacturing and Allied","BOC Kenya",4,57.5,1122713145,4700
2019-12-03,"Manufacturing and Allied","BOC Kenya",9,63,1230103098,100
2019-12-16,"Manufacturing and Allied","BOC Kenya",8,58.5,1142238591,2300
2019-12-18,"Manufacturing and Allied","BOC Kenya",2,58.5,1142238591,2100
2019-12-23,"Manufacturing and Allied","BOC Kenya",2,58,1132475868,400
2020-01-03,"Manufacturing and Allied","BOC Kenya",6,62,1210577652,1100
2020-01-10,"Manufacturing and Allied","BOC Kenya",5,63,1230103098,3800
2020-01-14,"Manufacturing and Allied","BOC Kenya",2,63,1230103098,700
2020-01-17,"Manufacturing and Allied","BOC Kenya",3,63,1230103098,200
2020-01-21,"Manufacturing and Allied","BOC Kenya",2,63,1230103098,1700
2020-01-27,"Manufacturing and Allied","BOC Kenya",4,63,1230103098,100
2020-01-29,"Manufacturing and Allied","BOC Kenya",2,63,1230103098,1000
2020-02-04,"Manufacturing and Allied","BOC Kenya",3,60,1171526760,400
2020-02-07,"Manufacturing and Allied","BOC Kenya",2,60,1171526760,200
2020-02-13,"Manufacturing and Allied","BOC Kenya",2,65,1269153990,500
2020-02-26,"Manufacturing and Allied","BOC Kenya",7,64,1249628544,200
2020-03-05,"Manufacturing and Allied","BOC Kenya",4,63,1230103098,2600
2020-03-09,"Manufacturing and Allied","BOC Kenya",2,63,1230103098,700
2020-03-13,"Manufacturing and Allied","BOC Kenya",4,63,1230103098,100
2020-03-19,"Manufacturing and Allied","BOC Kenya",4,57.5,1122713145,1000
2020-03-23,"Manufacturing and Allied","BOC Kenya",2,63,1230103098,100
2020-03-25,"Manufacturing and Allied","BOC Kenya",2,62,1210577652,200
2020-04-02,"Manufacturing and Allied","BOC Kenya",5,61.75,1205696291,6200
2020-04-07,"Manufacturing and Allied","BOC Kenya",2,63.25,1234984460,2100
2020-04-16,"Manufacturing and Allied","BOC Kenya",4,66,1288679436,5000
2020-04-20,"Manufacturing and Allied","BOC Kenya",2,72,1405832112,600
2020-04-24,"Manufacturing and Allied","BOC Kenya",2,69,1347255774,200
2020-04-29,"Manufacturing and Allied","BOC Kenya",3,71,1386306666,16500
2020-05-11,"Manufacturing and Allied","BOC Kenya",7,64,1249628544,200
2020-05-21,"Manufacturing and Allied","BOC Kenya",5,58,1132475868,100
2020-06-04,"Manufacturing and Allied","BOC Kenya",7,58,1132475868,4800
2020-06-10,"Manufacturing and Allied","BOC Kenya",4,57.75,1127594507,200
2020-06-26,"Manufacturing and Allied","BOC Kenya",12,57.5,1122713145,1300
2020-07-06,"Manufacturing and Allied","BOC Kenya",3,54,1054374084,500
2020-07-09,"Manufacturing and Allied","BOC Kenya",3,55,1073899530,1800
2020-07-17,"Manufacturing and Allied","BOC Kenya",6,54,1054374084,800
2020-07-22,"Manufacturing and Allied","BOC Kenya",3,54,1054374084,100
2020-08-10,"Manufacturing and Allied","BOC Kenya",12,56,1093424976,1800
2020-08-17,"Manufacturing and Allied","BOC Kenya",3,57.75,1127594507,100
2020-08-21,"Manufacturing and Allied","BOC Kenya",4,57,1112950422,1000
2020-09-01,"Manufacturing and Allied","BOC Kenya",6,56,1093424976,200
2020-09-07,"Manufacturing and Allied","BOC Kenya",4,58.5,1142238591,500
2020-09-11,"Manufacturing and Allied","BOC Kenya",2,55.25,1078780892,300
2020-09-21,"Manufacturing and Allied","BOC Kenya",5,55.25,1078780892,1700
2020-10-01,"Manufacturing and Allied","BOC Kenya",8,55.25,1078780892,200
2020-10-12,"Manufacturing and Allied","BOC Kenya",5,56.5,1103187699,500
2020-10-15,"Manufacturing and Allied","BOC Kenya",3,56.5,1103187699,200
2020-10-26,"Manufacturing and Allied","BOC Kenya",3,59,1152001314,100
2020-10-28,"Manufacturing and Allied","BOC Kenya",2,59,1152001314,100
2020-11-11,"Manufacturing and Allied","BOC Kenya",9,60,1171526760,100
2020-11-13,"Manufacturing and Allied","BOC Kenya",2,60,1171526760,2000
2020-11-17,"Manufacturing and Allied","BOC Kenya",2,61,1191052206,300
2020-11-20,"Manufacturing and Allied","BOC Kenya",2,66,1288679436,100
2020-11-26,"Manufacturing and Allied","BOC Kenya",4,69.25,1352137136,1300
2020-12-03,"Manufacturing and Allied","BOC Kenya",4,63.5,1239865821,900
2020-12-08,"Manufacturing and Allied","BOC Kenya",3,57.75,1127594507,200
2020-12-10,"Manufacturing and Allied","BOC Kenya",2,57.25,1117831784,300
2020-12-16,"Manufacturing and Allied","BOC Kenya",2,57,1112950422,100
2020-12-18,"Manufacturing and Allied","BOC Kenya",2,57.5,1122713145,100
2020-12-22,"Manufacturing and Allied","BOC Kenya",2,57.5,1122713145,700
2020-12-30,"Manufacturing and Allied","BOC Kenya",5,63,1230103098,100
2021-01-07,"Manufacturing and Allied","BOC Kenya",5,63,1230103098,800
2021-01-12,"Manufacturing and Allied","BOC Kenya",3,62.75,1225221737,300
2021-01-19,"Manufacturing and Allied","BOC Kenya",2,60,1171526760,3000
2021-01-22,"Manufacturing and Allied","BOC Kenya",3,58,1132475868,600
2021-02-05,"Manufacturing and Allied","BOC Kenya",10,60,1171526760,700
2021-02-15,"Manufacturing and Allied","BOC Kenya",2,59.25,1156882676,2000
2021-02-17,"Manufacturing and Allied","BOC Kenya",2,59.25,1156882676,2300
2021-02-26,"Manufacturing and Allied","BOC Kenya",4,58,1132475868,700
2021-03-02,"Manufacturing and Allied","BOC Kenya",2,57,1112950422,300
2021-03-04,"Manufacturing and Allied","BOC Kenya",2,60,1171526760,5900
2021-03-08,"Manufacturing and Allied","BOC Kenya",2,61.75,1205696291,200
2021-03-15,"Manufacturing and Allied","BOC Kenya",4,60,1171526760,100
2021-03-17,"Manufacturing and Allied","BOC Kenya",2,58.75,1147119953,2700
2021-03-22,"Manufacturing and Allied","BOC Kenya",2,60,1171526760,2500
2021-03-29,"Manufacturing and Allied","BOC Kenya",4,62,1210577652,100
2021-04-13,"Manufacturing and Allied","BOC Kenya",5,60,1171526760,3600
2021-04-23,"Manufacturing and Allied","BOC Kenya",6,67,1308204882,814400
2021-04-30,"Manufacturing and Allied","BOC Kenya",4,61.25,1195933568,4100
2021-05-06,"Manufacturing and Allied","BOC Kenya",2,69,1347255774,500
2021-05-10,"Manufacturing and Allied","BOC Kenya",2,68.25,1332611690,200
2021-05-12,"Manufacturing and Allied","BOC Kenya",2,64.5,1259391267,300
2021-05-18,"Manufacturing and Allied","BOC Kenya",3,67,1308204882,1000
2021-05-24,"Manufacturing and Allied","BOC Kenya",2,68.5,1337493051,300
2021-05-28,"Manufacturing and Allied","BOC Kenya",3,75.25,1469289812,1400
2021-06-15,"Manufacturing and Allied","BOC Kenya",7,68,1327730328,100
2021-06-17,"Manufacturing and Allied","BOC Kenya",2,61.5,1200814929,4500
2021-06-24,"Manufacturing and Allied","BOC Kenya",4,67.25,1313086244,100
2021-07-07,"Manufacturing and Allied","BOC Kenya",6,65.75,1283798075,500
2021-07-14,"Manufacturing and Allied","BOC Kenya",2,63,1230103098,400
2021-07-19,"Manufacturing and Allied","BOC Kenya",3,63.5,1239865821,100
2021-07-27,"Manufacturing and Allied","BOC Kenya",2,64.5,1259391267,900
2021-08-05,"Manufacturing and Allied","BOC Kenya",3,64.5,1259391267,17800
2021-08-11,"Manufacturing and Allied","BOC Kenya",2,67.75,1322848967,1100
2021-08-13,"Manufacturing and Allied","BOC Kenya",2,67.75,1322848967,200
2021-08-18,"Manufacturing and Allied","BOC Kenya",2,64.5,1259391267,3500
2021-08-20,"Manufacturing and Allied","BOC Kenya",2,67.75,1322848967,200
2021-08-25,"Manufacturing and Allied","BOC Kenya",2,62,1210577652,100
2021-09-03,"Manufacturing and Allied","BOC Kenya",3,67.5,1317967605,900
2021-09-22,"Manufacturing and Allied","BOC Kenya",6,72.75,1420476197,500
2021-09-24,"Manufacturing and Allied","BOC Kenya",2,71,1386306666,100
2021-09-30,"Manufacturing and Allied","BOC Kenya",3,71,1386306666,100
2021-10-08,"Manufacturing and Allied","BOC Kenya",4,70.5,1376543943,700
2021-10-19,"Manufacturing and Allied","BOC Kenya",5,70,1366781220,9800
2021-10-26,"Manufacturing and Allied","BOC Kenya",4,64.5,1259391267,500
2021-11-02,"Manufacturing and Allied","BOC Kenya",2,64.5,1259391267,400
2021-11-16,"Manufacturing and Allied","BOC Kenya",2,68,1327730328,100
2021-11-19,"Manufacturing and Allied","BOC Kenya",3,68,1327730328,100
2021-11-25,"Manufacturing and Allied","BOC Kenya",2,67.25,1313086244,2900
2021-12-02,"Manufacturing and Allied","BOC Kenya",2,70,1366781220,3000
2021-12-22,"Manufacturing and Allied","BOC Kenya",9,72,1405832112,500
2021-12-28,"Manufacturing and Allied","BOC Kenya",2,70,1366781220,4000
2022-01-06,"Manufacturing and Allied","BOC Kenya",7,72,1405832112,400
2022-01-18,"Manufacturing and Allied","BOC Kenya",2,73,1425357558,1400
2022-01-21,"Manufacturing and Allied","BOC Kenya",2,73,1425357558,100
2022-01-26,"Manufacturing and Allied","BOC Kenya",2,70.25,1371662582,300
2022-01-31,"Manufacturing and Allied","BOC Kenya",2,70.5,1376543943,100
2022-02-03,"Manufacturing and Allied","BOC Kenya",2,77.5,1513222065,100
2022-02-07,"Manufacturing and Allied","BOC Kenya",2,77,1503459342,200
2022-02-18,"Manufacturing and Allied","BOC Kenya",8,82,1601086572,300
2022-02-22,"Manufacturing and Allied","BOC Kenya",2,85.5,1669425633,200
2022-02-28,"Manufacturing and Allied","BOC Kenya",2,85,1659662910,500
2022-03-08,"Manufacturing and Allied","BOC Kenya",6,85,1659662910,200
2022-03-16,"Manufacturing and Allied","BOC Kenya",6,85,1659662910,100
2022-03-22,"Manufacturing and Allied","BOC Kenya",4,80,1562035680,100
2022-04-07,"Manufacturing and Allied","BOC Kenya",12,75,1464408450,100
2022-04-13,"Manufacturing and Allied","BOC Kenya",4,73.25,1430238920,19000
2022-04-22,"Manufacturing and Allied","BOC Kenya",3,73.25,1430238920,1700
2022-04-27,"Manufacturing and Allied","BOC Kenya",3,73.25,1430238920,4900
2022-05-05,"Manufacturing and Allied","BOC Kenya",2,81,1581561126,100
2022-05-11,"Manufacturing and Allied","BOC Kenya",3,75,1464408450,100
2022-05-16,"Manufacturing and Allied","BOC Kenya",2,75,1464408450,100
2022-05-20,"Manufacturing and Allied","BOC Kenya",4,75,1464408450,500
2022-05-30,"Manufacturing and Allied","BOC Kenya",6,73,1425357558,300
2022-06-07,"Manufacturing and Allied","BOC Kenya",4,73,1425357558,2000
2022-06-16,"Manufacturing and Allied","BOC Kenya",6,73,1425357558,100
2022-06-22,"Manufacturing and Allied","BOC Kenya",4,80,1562035680,100
2022-06-27,"Manufacturing and Allied","BOC Kenya",2,75,1464408450,100
2022-07-04,"Manufacturing and Allied","BOC Kenya",5,80,1562035680,100
2022-07-13,"Manufacturing and Allied","BOC Kenya",4,80,1562035680,4000
2022-07-22,"Manufacturing and Allied","BOC Kenya",6,80,1562035680,900
2022-07-29,"Manufacturing and Allied","BOC Kenya",4,80,1562035680,100
2022-08-03,"Manufacturing and Allied","BOC Kenya",3,73.5,1435120281,1100
2022-08-08,"Manufacturing and Allied","BOC Kenya",2,70,1366781220,10100
2022-08-24,"Manufacturing and Allied","BOC Kenya",10,77.25,1508340704,4000
2022-09-02,"Manufacturing and Allied","BOC Kenya",6,80,1562035680,1100
2022-09-06,"Manufacturing and Allied","BOC Kenya",2,77.5,1513222065,200
2022-09-09,"Manufacturing and Allied","BOC Kenya",3,85,1659662910,100
2022-09-14,"Manufacturing and Allied","BOC Kenya",2,78,1522984788,100
2022-09-19,"Manufacturing and Allied","BOC Kenya",3,77,1503459342,100
2022-09-21,"Manufacturing and Allied","BOC Kenya",2,77,1503459342,6800
2022-09-26,"Manufacturing and Allied","BOC Kenya",2,76.75,1498577981,2600
2022-09-29,"Manufacturing and Allied","BOC Kenya",3,77,1503459342,2000
2022-10-04,"Manufacturing and Allied","BOC Kenya",3,84.25,1645018826,200
2022-10-17,"Manufacturing and Allied","BOC Kenya",8,77,1503459342,1000
2022-10-21,"Manufacturing and Allied","BOC Kenya",2,84,1640137464,4500
2022-10-25,"Manufacturing and Allied","BOC Kenya",2,84.25,1645018826,100
2022-10-28,"Manufacturing and Allied","BOC Kenya",2,82.75,1615730657,600
2022-11-03,"Manufacturing and Allied","BOC Kenya",2,80,1562035680,100
2022-11-07,"Manufacturing and Allied","BOC Kenya",2,80,1562035680,400
2022-11-09,"Manufacturing and Allied","BOC Kenya",2,80,1562035680,100
2022-11-17,"Manufacturing and Allied","BOC Kenya",6,72,1405832112,100
2022-11-21,"Manufacturing and Allied","BOC Kenya",2,72,1405832112,1600
2022-12-01,"Manufacturing and Allied","BOC Kenya",3,70,1366781220,300
2022-12-08,"Manufacturing and Allied","BOC Kenya",5,70,1366781220,100
2022-12-20,"Manufacturing and Allied","BOC Kenya",7,70.75,1381425305,300
2022-12-23,"Manufacturing and Allied","BOC Kenya",3,70.75,1381425305,100
2022-12-30,"Manufacturing and Allied","BOC Kenya",3,70.75,1381425305,1400
2023-01-05,"Manufacturing and Allied","BOC Kenya",3,71,1386306666,700
2023-01-11,"Manufacturing and Allied","BOC Kenya",4,72,1405832112,100
2023-01-18,"Manufacturing and Allied","BOC Kenya",5,65,1269153990,100
2023-01-23,"Manufacturing and Allied","BOC Kenya",2,68.5,1337493051,300
2023-01-26,"Manufacturing and Allied","BOC Kenya",2,70,1366781220,100
2023-01-31,"Manufacturing and Allied","BOC Kenya",3,70,1366781220,600
2023-02-07,"Manufacturing and Allied","BOC Kenya",2,70.25,1371662582,100
2023-02-14,"Manufacturing and Allied","BOC Kenya",5,70,1366781220,100
2023-02-17,"Manufacturing and Allied","BOC Kenya",3,70,1366781220,1000
2023-02-22,"Manufacturing and Allied","BOC Kenya",3,77,1503459342,100
2023-03-16,"Manufacturing and Allied","BOC Kenya",16,77,1503459342,200
2023-03-20,"Manufacturing and Allied","BOC Kenya",2,70,1366781220,7200
2023-03-27,"Manufacturing and Allied","BOC Kenya",5,70,1366781220,8600
2023-04-03,"Manufacturing and Allied","BOC Kenya",5,70,1366781220,100
2023-04-13,"Manufacturing and Allied","BOC Kenya",5,77,1503459342,200
2023-04-20,"Manufacturing and Allied","BOC Kenya",5,70.25,1371662582,5300
2023-04-27,"Manufacturing and Allied","BOC Kenya",2,77,1503459342,7500
2023-05-08,"Manufacturing and Allied","BOC Kenya",3,84,1640137464,100
2023-05-11,"Manufacturing and Allied","BOC Kenya",2,90.25,1762171502,400
2023-05-17,"Manufacturing and Allied","BOC Kenya",3,85,1659662910,100
2023-05-29,"Manufacturing and Allied","BOC Kenya",3,84.5,1649900187,200
2023-06-12,"Manufacturing and Allied","BOC Kenya",7,90,1757290140,100
2023-06-23,"Manufacturing and Allied","BOC Kenya",9,89,1737764694,100
2023-06-27,"Manufacturing and Allied","BOC Kenya",2,81.25,1586442488,1000
2023-07-03,"Manufacturing and Allied","BOC Kenya",3,77,1503459342,100
2023-07-10,"Manufacturing and Allied","BOC Kenya",5,78,1522984788,200
2023-07-12,"Manufacturing and Allied","BOC Kenya",2,77,1503459342,200
2023-07-25,"Manufacturing and Allied","BOC Kenya",9,72,1405832112,200
2023-08-02,"Manufacturing and Allied","BOC Kenya",6,73,1425357558,100
2023-08-21,"Manufacturing and Allied","BOC Kenya",13,73,1425357558,1000
2023-08-24,"Manufacturing and Allied","BOC Kenya",2,73.5,1435120281,100
2023-08-28,"Manufacturing and Allied","BOC Kenya",2,73.5,1435120281,100
2023-08-30,"Manufacturing and Allied","BOC Kenya",2,73.5,1435120281,400
2023-09-08,"Manufacturing and Allied","BOC Kenya",7,77,1503459342,300
2023-09-14,"Manufacturing and Allied","BOC Kenya",4,75,1464408450,41000
2023-09-18,"Manufacturing and Allied","BOC Kenya",2,78,1522984788,100
2023-09-26,"Manufacturing and Allied","BOC Kenya",4,85,1659662910,600
2023-10-06,"Manufacturing and Allied","BOC Kenya",8,85,1659662910,200
2023-10-30,"Manufacturing and Allied","BOC Kenya",12,75,1464408450,1100
2023-11-07,"Manufacturing and Allied","BOC Kenya",5,80,1562035680,1000
2023-11-15,"Manufacturing and Allied","BOC Kenya",5,80,1562035680,100
2023-11-21,"Manufacturing and Allied","BOC Kenya",4,79.75,1557154319,5100
2023-12-05,"Manufacturing and Allied","BOC Kenya",10,77,1503459342,100
2023-12-08,"Manufacturing and Allied","BOC Kenya",2,84.5,1649900187,100
2023-12-18,"Manufacturing and Allied","BOC Kenya",3,84.5,1649900187,100
2023-12-22,"Manufacturing and Allied","BOC Kenya",4,82,1601086572,488000
2024-01-02,"Manufacturing and Allied","BOC Kenya",4,82,1601086572,100
2024-01-05,"Manufacturing and Allied","BOC Kenya",3,82,1601086572,100
2024-01-29,"Manufacturing and Allied","BOC Kenya",15,82,1601086572,100
2024-02-08,"Manufacturing and Allied","BOC Kenya",8,82,1601086572,100
2024-02-19,"Manufacturing and Allied","BOC Kenya",7,82,1601086572,100
2024-02-26,"Manufacturing and Allied","BOC Kenya",4,80,1562035680,100
2024-03-07,"Manufacturing and Allied","BOC Kenya",7,76,1483933896,100
2024-03-11,"Manufacturing and Allied","BOC Kenya",2,76,1483933896,400
2024-03-18,"Manufacturing and Allied","BOC Kenya",5,80,1562035680,100
2024-03-20,"Manufacturing and Allied","BOC Kenya",2,76,1483933896,100
2024-03-25,"Manufacturing and Allied","BOC Kenya",2,76,1483933896,1000
2024-03-28,"Manufacturing and Allied","BOC Kenya",3,83.5,1630374741,200
2024-04-05,"Manufacturing and Allied","BOC Kenya",4,76,1483933896,100
2024-04-16,"Manufacturing and Allied","BOC Kenya",6,76,1483933896,300
2024-04-29,"Manufacturing and Allied","BOC Kenya",6,73.5,1435120281,100
2024-05-02,"Manufacturing and Allied","BOC Kenya",2,80.75,1576679765,200
2024-05-06,"Manufacturing and Allied","BOC Kenya",2,88.75,1732883333,300
2024-05-13,"Manufacturing and Allied","BOC Kenya",4,88.75,1732883333,400
2024-05-17,"Manufacturing and Allied","BOC Kenya",4,88.75,1732883333,400
2024-05-24,"Manufacturing and Allied","BOC Kenya",2,83.75,1635256103,200
2024-06-10,"Manufacturing and Allied","BOC Kenya",4,89,1737764694,200
2024-06-18,"Manufacturing and Allied","BOC Kenya",3,86,1679188356,2100
2024-06-20,"Manufacturing and Allied","BOC Kenya",2,86,1679188356,100
2024-06-26,"Manufacturing and Allied","BOC Kenya",3,94,1835391924,100
2024-06-28,"Manufacturing and Allied","BOC Kenya",2,89,1737764694,300
2024-07-03,"Manufacturing and Allied","BOC Kenya",3,89.75,1752408779,600
2024-07-05,"Manufacturing and Allied","BOC Kenya",2,85,1659662910,200
2024-07-09,"Manufacturing and Allied","BOC Kenya",2,89,1737764694,300
2024-07-12,"Manufacturing and Allied","BOC Kenya",2,90,1757290140,600
2024-07-19,"Manufacturing and Allied","BOC Kenya",2,95,1854917370,200
2024-07-25,"Manufacturing and Allied","BOC Kenya",3,95,1854917370,100
2024-07-30,"Manufacturing and Allied","BOC Kenya",2,95,1854917370,700
2024-08-07,"Manufacturing and Allied","BOC Kenya",2,95,1854917370,400
2024-08-09,"Manufacturing and Allied","BOC Kenya",2,93.5,1825629201,4400
2024-08-19,"Manufacturing and Allied","BOC Kenya",6,84.25,1645018826,100
2024-08-26,"Manufacturing and Allied","BOC Kenya",5,76,1483933896,400
2024-09-06,"Manufacturing and Allied","BOC Kenya",9,79,1542510234,2000
2024-09-11,"Manufacturing and Allied","BOC Kenya",2,79,1542510234,235600
2024-09-19,"Manufacturing and Allied","BOC Kenya",6,86,1679188356,300
2024-09-23,"Manufacturing and Allied","BOC Kenya",2,79,1542510234,4500
2024-09-26,"Manufacturing and Allied","BOC Kenya",3,79,1542510234,1100
2024-10-03,"Manufacturing and Allied","BOC Kenya",5,79.75,1557154319,700
2024-10-11,"Manufacturing and Allied","BOC Kenya",2,79,1542510234,3300
2024-10-18,"Manufacturing and Allied","BOC Kenya",2,79,1542510234,2300
2024-10-25,"Manufacturing and Allied","BOC Kenya",3,79,1542510234,100
2024-10-29,"Manufacturing and Allied","BOC Kenya",2,79.25,1547391596,1500
2024-11-06,"Manufacturing and Allied","BOC Kenya",3,81,1581561126,200
2024-11-14,"Manufacturing and Allied","BOC Kenya",6,89,1737764694,800
2024-11-19,"Manufacturing and Allied","BOC Kenya",3,89,1737764694,400
2024-11-26,"Manufacturing and Allied","BOC Kenya",3,89,1737764694,300
2024-12-04,"Manufacturing and Allied","BOC Kenya",6,90,1757290140,100
2024-12-10,"Manufacturing and Allied","BOC Kenya",4,89,1737764694,1000
2024-12-16,"Manufacturing and Allied","BOC Kenya",2,86,1679188356,1000
2024-12-19,"Manufacturing and Allied","BOC Kenya",3,86,1679188356,505000
2024-12-27,"Manufacturing and Allied","BOC Kenya",3,87,1698713802,1300
2025-01-02,"Manufacturing and Allied","BOC Kenya",2,88.75,1732883333,
2016-08-04,"Manufacturing and Allied","Carbacid Investments Ltd",2,14.7,3746324180,400
2016-09-09,"Manufacturing and Allied","Carbacid Investments Ltd",2,14.4,3669868584,17500
2016-09-22,"Manufacturing and Allied","Carbacid Investments Ltd",2,13.95,3555185191,1200
2016-12-13,"Manufacturing and Allied","Carbacid Investments Ltd",2,13.25,3376788801,2100
2016-12-30,"Manufacturing and Allied","Carbacid Investments Ltd",2,13.4,3415016599,11200
2017-01-20,"Manufacturing and Allied","Carbacid Investments Ltd",2,12.3,3134679416,15600
2017-02-13,"Manufacturing and Allied","Carbacid Investments Ltd",2,13.2,3364046202,1300
2017-04-03,"Manufacturing and Allied","Carbacid Investments Ltd",2,13.5,3440501798,11000
2017-04-19,"Manufacturing and Allied","Carbacid Investments Ltd",2,13.1,3338561004,5000
2017-04-25,"Manufacturing and Allied","Carbacid Investments Ltd",2,13.1,3338561004,1500
2017-05-05,"Manufacturing and Allied","Carbacid Investments Ltd",2,12.8,3262105408,10100
2017-05-17,"Manufacturing and Allied","Carbacid Investments Ltd",2,13,3313075805,23500
2017-05-23,"Manufacturing and Allied","Carbacid Investments Ltd",2,12.9,3287590607,3200
2017-07-10,"Manufacturing and Allied","Carbacid Investments Ltd",2,12.95,3300333206,2200
2017-07-18,"Manufacturing and Allied","Carbacid Investments Ltd",2,13,3313075805,157300
2017-07-20,"Manufacturing and Allied","Carbacid Investments Ltd",2,13.05,3325818404,5300
2017-08-10,"Manufacturing and Allied","Carbacid Investments Ltd",2,13,3313075805,52000
2017-09-05,"Manufacturing and Allied","Carbacid Investments Ltd",2,13,3313075805,17000
2017-09-21,"Manufacturing and Allied","Carbacid Investments Ltd",2,12.75,3249362809,10800
2017-10-18,"Manufacturing and Allied","Carbacid Investments Ltd",2,12.95,3300333206,400
2017-11-16,"Manufacturing and Allied","Carbacid Investments Ltd",2,13.4,3415016599,11100
2017-12-18,"Manufacturing and Allied","Carbacid Investments Ltd",2,11.7,2981768225,498100
2018-01-15,"Manufacturing and Allied","Carbacid Investments Ltd",2,12.3,3134679416,3400
2018-03-15,"Manufacturing and Allied","Carbacid Investments Ltd",2,11.85,3019996022,3300
2018-04-24,"Manufacturing and Allied","Carbacid Investments Ltd",2,11.9,3032738622,4900
2018-05-02,"Manufacturing and Allied","Carbacid Investments Ltd",2,11.6,2956283026,600
2018-08-24,"Manufacturing and Allied","Carbacid Investments Ltd",2,11.9,3032738622,16000
2018-09-14,"Manufacturing and Allied","Carbacid Investments Ltd",2,10.9,2777886637,4700
2018-10-09,"Manufacturing and Allied","Carbacid Investments Ltd",2,10.95,2790629236,15700
2018-10-26,"Manufacturing and Allied","Carbacid Investments Ltd",2,10.85,2765144037,17400
2019-01-11,"Manufacturing and Allied","Carbacid Investments Ltd",2,9.64,2456773135,18900
2019-02-01,"Manufacturing and Allied","Carbacid Investments Ltd",3,9.68,2466967215,500
2019-02-08,"Manufacturing and Allied","Carbacid Investments Ltd",2,10.1,2574005049,900
2019-04-02,"Manufacturing and Allied","Carbacid Investments Ltd",2,9.38,2390511619,5100
2019-05-24,"Manufacturing and Allied","Carbacid Investments Ltd",3,8.94,2278376746,5400
2019-07-01,"Manufacturing and Allied","Carbacid Investments Ltd",2,9.2,2344638262,44300
2019-07-23,"Manufacturing and Allied","Carbacid Investments Ltd",2,9,2293667865,600
2019-08-09,"Manufacturing and Allied","Carbacid Investments Ltd",2,8.16,2079592198,26400
2019-09-02,"Manufacturing and Allied","Carbacid Investments Ltd",2,8.12,2069398118,200
2019-09-17,"Manufacturing and Allied","Carbacid Investments Ltd",2,7.8,1987845483,33500
2019-09-19,"Manufacturing and Allied","Carbacid Investments Ltd",2,8.34,2125465555,300
2019-10-23,"Manufacturing and Allied","Carbacid Investments Ltd",3,7.7,1962360285,10000
2019-12-13,"Manufacturing and Allied","Carbacid Investments Ltd",2,8,2038815880,12717800
2019-12-17,"Manufacturing and Allied","Carbacid Investments Ltd",2,8.14,2074495158,12400
2019-12-30,"Manufacturing and Allied","Carbacid Investments Ltd",3,8.28,2110174436,13000
2020-02-19,"Manufacturing and Allied","Carbacid Investments Ltd",2,9.16,2334444183,4400
2020-04-30,"Manufacturing and Allied","Carbacid Investments Ltd",2,9.26,2359929381,3100
2020-05-13,"Manufacturing and Allied","Carbacid Investments Ltd",3,9.02,2298764905,3100
2020-05-15,"Manufacturing and Allied","Carbacid Investments Ltd",2,9.18,2339541222,10300
2020-05-27,"Manufacturing and Allied","Carbacid Investments Ltd",2,9.1,2319153064,2100
2020-06-03,"Manufacturing and Allied","Carbacid Investments Ltd",2,9,2293667865,38100
2020-06-17,"Manufacturing and Allied","Carbacid Investments Ltd",2,9,2293667865,20800
2020-06-24,"Manufacturing and Allied","Carbacid Investments Ltd",2,8.76,2232503389,400
2020-06-26,"Manufacturing and Allied","Carbacid Investments Ltd",2,9.08,2314056024,700
2020-07-08,"Manufacturing and Allied","Carbacid Investments Ltd",2,9,2293667865,2500
2020-07-16,"Manufacturing and Allied","Carbacid Investments Ltd",2,9,2293667865,3300
2020-08-07,"Manufacturing and Allied","Carbacid Investments Ltd",2,8.02,2043912920,7400
2020-08-18,"Manufacturing and Allied","Carbacid Investments Ltd",2,8.16,2079592198,32700
2020-09-11,"Manufacturing and Allied","Carbacid Investments Ltd",2,8.38,2135659634,900
2020-09-21,"Manufacturing and Allied","Carbacid Investments Ltd",2,8,2038815880,12400
2020-09-29,"Manufacturing and Allied","Carbacid Investments Ltd",2,8.36,2130562595,400
2020-10-02,"Manufacturing and Allied","Carbacid Investments Ltd",2,8.06,2054106999,18300
2020-10-07,"Manufacturing and Allied","Carbacid Investments Ltd",2,8.3,2115271476,100
2020-10-16,"Manufacturing and Allied","Carbacid Investments Ltd",2,8.78,2237600428,2500
2020-10-27,"Manufacturing and Allied","Carbacid Investments Ltd",2,8.52,2171338912,15000
2020-11-04,"Manufacturing and Allied","Carbacid Investments Ltd",2,8.2,2089786277,100
2020-11-16,"Manufacturing and Allied","Carbacid Investments Ltd",2,8.8,2242697468,2200
2021-03-10,"Manufacturing and Allied","Carbacid Investments Ltd",2,12.05,3070966419,6900
2021-06-09,"Manufacturing and Allied","Carbacid Investments Ltd",2,10.9,2777886637,9900
2021-10-01,"Manufacturing and Allied","Carbacid Investments Ltd",2,11.85,3019996022,1100
2022-04-04,"Manufacturing and Allied","Carbacid Investments Ltd",2,11.4,2905312629,10800
2022-05-26,"Manufacturing and Allied","Carbacid Investments Ltd",2,11.65,2969025625,1700
2022-06-13,"Manufacturing and Allied","Carbacid Investments Ltd",3,11.3,2879827431,17700
2022-06-24,"Manufacturing and Allied","Carbacid Investments Ltd",2,11,2803371835,5100
2022-07-27,"Manufacturing and Allied","Carbacid Investments Ltd",2,11.5,2930797828,6200
2022-10-31,"Manufacturing and Allied","Carbacid Investments Ltd",2,13,3313075805,8000
2022-12-13,"Manufacturing and Allied","Carbacid Investments Ltd",2,12.15,3096451618,1600
2018-08-17,"Manufacturing and Allied","East African Breweries",2,212,1.68e+11,144000
2019-10-16,"Manufacturing and Allied","East African Breweries",2,191.75,1.52e+11,32900
2023-07-25,"Manufacturing and Allied","East African Breweries",2,161.75,1.28e+11,200
2023-12-06,"Manufacturing and Allied","East African Breweries",2,112.25,88764421461,13600
2024-07-05,"Manufacturing and Allied","East African Breweries",2,143.25,1.13e+11,400
2016-08-04,"Manufacturing and Allied","Flame Tree Group",2,4.34,702501929,253616.5167
2016-08-30,"Manufacturing and Allied","Flame Tree Group",2,3.31,535779121,17424.0355
2016-09-13,"Manufacturing and Allied","Flame Tree Group",2,3.88,628043200,13068.02662
2016-10-13,"Manufacturing and Allied","Flame Tree Group",2,4.3,696027257,2178.004437
2016-10-18,"Manufacturing and Allied","Flame Tree Group",3,4.09,662035228,14520.02958
2016-10-25,"Manufacturing and Allied","Flame Tree Group",3,4.26,689552585,6534.013312
2016-11-11,"Manufacturing and Allied","Flame Tree Group",2,4.13,668509901,9680.019722
2016-12-02,"Manufacturing and Allied","Flame Tree Group",2,4.21,681459245,19965.04068
2017-01-10,"Manufacturing and Allied","Flame Tree Group",2,4.17,674984573,4961.010108
2017-01-27,"Manufacturing and Allied","Flame Tree Group",2,3.8,615093855,242.0004931
2017-02-08,"Manufacturing and Allied","Flame Tree Group",2,4.09,662035228,121.0002465
2017-03-06,"Manufacturing and Allied","Flame Tree Group",2,3.84,621568527,5566.01134
2017-03-08,"Manufacturing and Allied","Flame Tree Group",2,3.8,615093855,1331.002712
2017-03-20,"Manufacturing and Allied","Flame Tree Group",4,3.8,615093855,1815.003698
2017-03-28,"Manufacturing and Allied","Flame Tree Group",2,3.76,608619183,1936.003944
2017-04-06,"Manufacturing and Allied","Flame Tree Group",2,4.17,674984573,242.0004931
2017-04-27,"Manufacturing and Allied","Flame Tree Group",2,4.13,668509901,242.0004931
2017-05-02,"Manufacturing and Allied","Flame Tree Group",2,4.13,668509901,726.0014792
2017-07-14,"Manufacturing and Allied","Flame Tree Group",2,4.45,792338013,22220.02264
2017-07-24,"Manufacturing and Allied","Flame Tree Group",2,4.68,833290315,3520.003586
2017-08-07,"Manufacturing and Allied","Flame Tree Group",2,4.68,833290315,2530.002577
2017-09-11,"Manufacturing and Allied","Flame Tree Group",2,4.9,872462081,2800
2017-10-16,"Manufacturing and Allied","Flame Tree Group",2,4.85,863559407,14800
2017-11-02,"Manufacturing and Allied","Flame Tree Group",2,5,890267430,2000
2017-11-22,"Manufacturing and Allied","Flame Tree Group",2,4.9,872462081,17500
2018-01-23,"Manufacturing and Allied","Flame Tree Group",2,4.65,827948710,300
2018-03-12,"Manufacturing and Allied","Flame Tree Group",2,4.5,801240687,200
2018-03-23,"Manufacturing and Allied","Flame Tree Group",2,4.4,783435338,20900
2018-04-04,"Manufacturing and Allied","Flame Tree Group",2,4.7,836851384,13900
2018-04-11,"Manufacturing and Allied","Flame Tree Group",3,4.6,819046036,1500
2018-05-28,"Manufacturing and Allied","Flame Tree Group",2,3.4,605381852,1900
2018-06-12,"Manufacturing and Allied","Flame Tree Group",2,3.95,703311270,5900
2018-06-25,"Manufacturing and Allied","Flame Tree Group",2,3.5,623187201,700
2018-06-29,"Manufacturing and Allied","Flame Tree Group",2,3.55,632089875,5100
2018-07-04,"Manufacturing and Allied","Flame Tree Group",2,3.45,614284527,11200
2018-08-08,"Manufacturing and Allied","Flame Tree Group",2,3.65,649895224,7000
2018-09-14,"Manufacturing and Allied","Flame Tree Group",2,3.3,587576504,1700
2018-09-27,"Manufacturing and Allied","Flame Tree Group",2,3.4,605381852,1400
2018-10-11,"Manufacturing and Allied","Flame Tree Group",2,3.15,560868481,2200
2018-10-15,"Manufacturing and Allied","Flame Tree Group",2,3.2,569771155,300
2018-11-02,"Manufacturing and Allied","Flame Tree Group",2,3.25,578673830,100
2018-11-08,"Manufacturing and Allied","Flame Tree Group",3,3,534160458,14500
2018-11-22,"Manufacturing and Allied","Flame Tree Group",2,3.3,587576504,400
2018-12-14,"Manufacturing and Allied","Flame Tree Group",2,3,534160458,300
2018-12-21,"Manufacturing and Allied","Flame Tree Group",2,2.82,502110831,1800
2019-02-04,"Manufacturing and Allied","Flame Tree Group",2,2.59,461158529,11400
2019-03-11,"Manufacturing and Allied","Flame Tree Group",2,2.3,409523018,2600
2019-04-11,"Manufacturing and Allied","Flame Tree Group",2,2.65,471841738,1500
2019-05-09,"Manufacturing and Allied","Flame Tree Group",2,2.45,436231041,100
2019-06-24,"Manufacturing and Allied","Flame Tree Group",3,2.66,473622273,900
2019-06-28,"Manufacturing and Allied","Flame Tree Group",2,2.6,462939064,200
2019-07-04,"Manufacturing and Allied","Flame Tree Group",2,2.41,429108901,1000
2019-07-16,"Manufacturing and Allied","Flame Tree Group",2,2.67,475402808,100
2019-07-19,"Manufacturing and Allied","Flame Tree Group",3,2.57,457597459,6100
2019-08-02,"Manufacturing and Allied","Flame Tree Group",2,2.5,445133715,20500
2019-08-06,"Manufacturing and Allied","Flame Tree Group",2,2.7,480744412,20400
2019-08-15,"Manufacturing and Allied","Flame Tree Group",2,2.87,511013505,1000
2019-08-20,"Manufacturing and Allied","Flame Tree Group",3,2.87,511013505,100
2019-08-22,"Manufacturing and Allied","Flame Tree Group",2,2.8,498549761,400
2019-08-30,"Manufacturing and Allied","Flame Tree Group",2,2.5,445133715,7000
2019-09-09,"Manufacturing and Allied","Flame Tree Group",3,2.46,438011576,400
2019-09-12,"Manufacturing and Allied","Flame Tree Group",2,2.47,439792110,2000
2019-09-27,"Manufacturing and Allied","Flame Tree Group",2,2.15,382814995,100
2019-10-04,"Manufacturing and Allied","Flame Tree Group",2,2.31,411303553,10000
2019-10-11,"Manufacturing and Allied","Flame Tree Group",3,2.1,373912321,20200
2019-10-15,"Manufacturing and Allied","Flame Tree Group",2,2.2,391717669,269300
2019-10-18,"Manufacturing and Allied","Flame Tree Group",2,2.2,391717669,200
2019-10-24,"Manufacturing and Allied","Flame Tree Group",2,2.11,375692856,26000
2019-10-29,"Manufacturing and Allied","Flame Tree Group",3,2.2,391717669,200
2019-11-12,"Manufacturing and Allied","Flame Tree Group",3,2.66,473622273,500
2019-11-15,"Manufacturing and Allied","Flame Tree Group",2,2.31,411303553,700
2019-11-26,"Manufacturing and Allied","Flame Tree Group",3,2.29,407742483,300
2019-11-29,"Manufacturing and Allied","Flame Tree Group",2,2.5,445133715,600
2019-12-13,"Manufacturing and Allied","Flame Tree Group",3,2.53,450475320,600
2019-12-18,"Manufacturing and Allied","Flame Tree Group",2,2.35,418425692,1100
2019-12-27,"Manufacturing and Allied","Flame Tree Group",2,2.5,445133715,400
2020-01-20,"Manufacturing and Allied","Flame Tree Group",2,2.2,391717669,400
2020-01-27,"Manufacturing and Allied","Flame Tree Group",2,2,356106972,16700
2020-04-03,"Manufacturing and Allied","Flame Tree Group",2,1.15,204761509,20100
2020-10-06,"Manufacturing and Allied","Flame Tree Group",2,1.33,236811136,4600
2020-10-22,"Manufacturing and Allied","Flame Tree Group",2,1.4,249274880,200
2020-11-17,"Manufacturing and Allied","Flame Tree Group",2,1.38,245713811,15200
2020-12-07,"Manufacturing and Allied","Flame Tree Group",2,1.25,222566858,68600
2020-12-09,"Manufacturing and Allied","Flame Tree Group",2,1.3,231469532,600
2021-02-02,"Manufacturing and Allied","Flame Tree Group",2,1.35,240372206,200
2021-02-10,"Manufacturing and Allied","Flame Tree Group",2,1.3,231469532,11500
2021-06-30,"Manufacturing and Allied","Flame Tree Group",2,1.32,235030602,1600
2021-07-09,"Manufacturing and Allied","Flame Tree Group",3,1.32,235030602,4300
2021-09-10,"Manufacturing and Allied","Flame Tree Group",2,1.35,240372206,7800
2021-10-15,"Manufacturing and Allied","Flame Tree Group",2,1.33,236811136,5200
2022-01-05,"Manufacturing and Allied","Flame Tree Group",2,1.26,224347392,3600
2022-01-31,"Manufacturing and Allied","Flame Tree Group",2,1.22,217225253,24200
2022-02-11,"Manufacturing and Allied","Flame Tree Group",2,1.3,231469532,300
2022-03-07,"Manufacturing and Allied","Flame Tree Group",4,1.28,227908462,200
2022-03-17,"Manufacturing and Allied","Flame Tree Group",2,1.18,210103114,600
2022-04-07,"Manufacturing and Allied","Flame Tree Group",2,1.26,224347392,500
2022-05-06,"Manufacturing and Allied","Flame Tree Group",2,1.27,226127927,2500
2022-05-12,"Manufacturing and Allied","Flame Tree Group",3,1.17,208322579,12600
2022-06-15,"Manufacturing and Allied","Flame Tree Group",2,1.11,197639370,1500
2022-06-17,"Manufacturing and Allied","Flame Tree Group",2,1.21,215444718,25600
2022-07-06,"Manufacturing and Allied","Flame Tree Group",2,1.32,235030602,6200
2022-07-22,"Manufacturing and Allied","Flame Tree Group",2,1.32,235030602,300
2022-08-25,"Manufacturing and Allied","Flame Tree Group",3,1.3,231469532,200
2022-09-12,"Manufacturing and Allied","Flame Tree Group",2,1.3,231469532,3700
2022-11-18,"Manufacturing and Allied","Flame Tree Group",2,1.15,204761509,2400
2022-12-07,"Manufacturing and Allied","Flame Tree Group",2,1.04,185175625,400
2022-12-14,"Manufacturing and Allied","Flame Tree Group",3,1.06,188736695,1600
2023-02-09,"Manufacturing and Allied","Flame Tree Group",2,1,178053486,100
2023-03-27,"Manufacturing and Allied","Flame Tree Group",2,1.3,231469532,300
2023-04-03,"Manufacturing and Allied","Flame Tree Group",2,1.28,227908462,3100
2023-04-18,"Manufacturing and Allied","Flame Tree Group",2,1.16,206542044,200
2023-05-18,"Manufacturing and Allied","Flame Tree Group",3,1.36,242152741,300
2023-06-02,"Manufacturing and Allied","Flame Tree Group",2,1.26,224347392,19500
2023-06-07,"Manufacturing and Allied","Flame Tree Group",2,1.43,254616485,1100
2023-07-04,"Manufacturing and Allied","Flame Tree Group",3,1.3,231469532,100
2023-07-07,"Manufacturing and Allied","Flame Tree Group",2,1.32,235030602,800
2023-07-18,"Manufacturing and Allied","Flame Tree Group",2,1.33,236811136,400
2023-07-28,"Manufacturing and Allied","Flame Tree Group",2,1.26,224347392,300
2023-08-03,"Manufacturing and Allied","Flame Tree Group",4,1.33,236811136,3200
2023-08-10,"Manufacturing and Allied","Flame Tree Group",2,1.26,224347392,8300
2023-08-15,"Manufacturing and Allied","Flame Tree Group",2,1.29,229688997,600
2023-09-13,"Manufacturing and Allied","Flame Tree Group",2,1.29,229688997,500
2023-10-03,"Manufacturing and Allied","Flame Tree Group",2,1.26,224347392,1300
2023-10-16,"Manufacturing and Allied","Flame Tree Group",4,1.2,213664183,100
2023-10-23,"Manufacturing and Allied","Flame Tree Group",3,1.27,226127927,800
2023-11-01,"Manufacturing and Allied","Flame Tree Group",2,1.3,231469532,200
2023-11-03,"Manufacturing and Allied","Flame Tree Group",2,1.29,229688997,1100
2023-11-10,"Manufacturing and Allied","Flame Tree Group",2,1.3,231469532,200
2023-11-24,"Manufacturing and Allied","Flame Tree Group",3,1.17,208322579,200
2023-12-04,"Manufacturing and Allied","Flame Tree Group",2,1.02,181614556,5000
2023-12-06,"Manufacturing and Allied","Flame Tree Group",2,1,178053486,30300
2023-12-18,"Manufacturing and Allied","Flame Tree Group",2,0.95,169150812,11600
2024-01-23,"Manufacturing and Allied","Flame Tree Group",2,1.14,202980974,2600
2024-02-20,"Manufacturing and Allied","Flame Tree Group",2,1.14,202980974,700
2024-03-05,"Manufacturing and Allied","Flame Tree Group",2,1.14,202980974,400
2024-03-15,"Manufacturing and Allied","Flame Tree Group",3,1.15,204761509,3600
2024-04-04,"Manufacturing and Allied","Flame Tree Group",2,1.15,204761509,4900
2024-04-29,"Manufacturing and Allied","Flame Tree Group",2,1.17,208322579,1200
2024-05-22,"Manufacturing and Allied","Flame Tree Group",2,1.2,213664183,500
2024-05-28,"Manufacturing and Allied","Flame Tree Group",2,1.19,211883648,10000
2024-06-05,"Manufacturing and Allied","Flame Tree Group",2,1.3,231469532,300
2024-07-04,"Manufacturing and Allied","Flame Tree Group",2,1.2,213664183,100
2024-07-23,"Manufacturing and Allied","Flame Tree Group",2,1.18,210103114,1300
2024-07-26,"Manufacturing and Allied","Flame Tree Group",2,1.19,211883648,1900
2024-08-16,"Manufacturing and Allied","Flame Tree Group",2,1.14,202980974,600
2016-08-04,"Manufacturing and Allied","Unga Group",2,32.25,2441611154,300
2016-08-10,"Manufacturing and Allied","Unga Group",2,36,2725519428,100
2016-08-19,"Manufacturing and Allied","Unga Group",3,34.5,2611956119,200
2016-08-29,"Manufacturing and Allied","Unga Group",2,30.5,2309120627,500
2016-09-05,"Manufacturing and Allied","Unga Group",2,31,2346975063,100
2016-09-08,"Manufacturing and Allied","Unga Group",3,34,2574101682,300
2016-09-14,"Manufacturing and Allied","Unga Group",2,35.5,2687664992,200
2016-09-22,"Manufacturing and Allied","Unga Group",2,33,2498392809,100
2016-09-27,"Manufacturing and Allied","Unga Group",2,36.25,2744446646,41300
2016-10-12,"Manufacturing and Allied","Unga Group",3,34,2574101682,5500
2016-10-17,"Manufacturing and Allied","Unga Group",3,35,2649810555,100
2016-10-27,"Manufacturing and Allied","Unga Group",2,33,2498392809,10000
2016-11-04,"Manufacturing and Allied","Unga Group",2,34.5,2611956119,5900
2016-11-09,"Manufacturing and Allied","Unga Group",2,34.5,2611956119,100
2016-11-29,"Manufacturing and Allied","Unga Group",2,33,2498392809,3100
2016-12-02,"Manufacturing and Allied","Unga Group",2,34,2574101682,200
2016-12-08,"Manufacturing and Allied","Unga Group",2,33.25,2517320027,8100
2016-12-14,"Manufacturing and Allied","Unga Group",2,33,2498392809,11000
2017-01-11,"Manufacturing and Allied","Unga Group",2,32,2422683936,2000
2017-01-31,"Manufacturing and Allied","Unga Group",2,33,2498392809,100
2017-02-07,"Manufacturing and Allied","Unga Group",2,32,2422683936,27000
2017-02-10,"Manufacturing and Allied","Unga Group",2,31,2346975063,1300
2017-02-14,"Manufacturing and Allied","Unga Group",2,31.5,2384829500,1500
2017-02-17,"Manufacturing and Allied","Unga Group",2,30.25,2290193408,1400
2017-03-08,"Manufacturing and Allied","Unga Group",2,27.25,2063066789,4500
2017-03-14,"Manufacturing and Allied","Unga Group",2,27.5,2081994008,5000
2017-03-27,"Manufacturing and Allied","Unga Group",2,29.75,2252338972,3000
2017-04-03,"Manufacturing and Allied","Unga Group",3,29.75,2252338972,3000
2017-04-20,"Manufacturing and Allied","Unga Group",4,27,2044139571,20000
2017-04-27,"Manufacturing and Allied","Unga Group",3,27,2044139571,3000
2017-05-02,"Manufacturing and Allied","Unga Group",2,28,2119848444,1500
2017-05-10,"Manufacturing and Allied","Unga Group",2,29,2195557317,1000
2017-05-19,"Manufacturing and Allied","Unga Group",3,27.25,2063066789,1600
2017-05-24,"Manufacturing and Allied","Unga Group",2,29.75,2252338972,4300
2017-05-30,"Manufacturing and Allied","Unga Group",2,30,2271266190,500
2017-06-06,"Manufacturing and Allied","Unga Group",2,30,2271266190,1700
2017-06-12,"Manufacturing and Allied","Unga Group",2,30,2271266190,22700
2017-06-15,"Manufacturing and Allied","Unga Group",2,29.75,2252338972,500
2017-06-22,"Manufacturing and Allied","Unga Group",2,30.5,2309120627,14800
2017-06-30,"Manufacturing and Allied","Unga Group",2,30.25,2290193408,200
2017-07-06,"Manufacturing and Allied","Unga Group",2,30.5,2309120627,600
2017-07-10,"Manufacturing and Allied","Unga Group",2,30.5,2309120627,1900
2017-07-14,"Manufacturing and Allied","Unga Group",2,31.75,2403756718,1400
2017-07-18,"Manufacturing and Allied","Unga Group",2,30.5,2309120627,400
2017-07-25,"Manufacturing and Allied","Unga Group",2,32,2422683936,3000
2017-07-27,"Manufacturing and Allied","Unga Group",2,32,2422683936,8100
2017-08-18,"Manufacturing and Allied","Unga Group",2,31.75,2403756718,600
2017-09-05,"Manufacturing and Allied","Unga Group",2,33,2498392809,1600
2017-09-15,"Manufacturing and Allied","Unga Group",2,31.75,2403756718,1200
2017-10-23,"Manufacturing and Allied","Unga Group",3,30.25,2290193408,1000
2017-11-01,"Manufacturing and Allied","Unga Group",2,30,2271266190,502200
2017-12-29,"Manufacturing and Allied","Unga Group",3,29,2195557317,1600
2018-01-03,"Manufacturing and Allied","Unga Group",2,29,2195557317,200
2018-01-05,"Manufacturing and Allied","Unga Group",2,30,2271266190,300
2018-01-17,"Manufacturing and Allied","Unga Group",2,28.5,2157702881,5700
2018-02-02,"Manufacturing and Allied","Unga Group",2,29,2195557317,200
2018-02-12,"Manufacturing and Allied","Unga Group",3,37.5,2839082738,4500
2018-04-04,"Manufacturing and Allied","Unga Group",2,40,3028354920,1200
2018-05-02,"Manufacturing and Allied","Unga Group",2,42,3179772666,300
2018-05-29,"Manufacturing and Allied","Unga Group",2,39.75,3009427702,157700
2018-07-23,"Manufacturing and Allied","Unga Group",17,37.5,2839082738,1300
2018-07-26,"Manufacturing and Allied","Unga Group",3,37.5,2839082738,19300
2018-07-31,"Manufacturing and Allied","Unga Group",2,38,2876937174,2400
2018-08-06,"Manufacturing and Allied","Unga Group",2,40,3028354920,5200
2018-08-13,"Manufacturing and Allied","Unga Group",3,39,2952646047,2400
2018-08-23,"Manufacturing and Allied","Unga Group",3,40.25,3047282138,700
2018-09-03,"Manufacturing and Allied","Unga Group",2,39.5,2990500484,4000
2018-09-07,"Manufacturing and Allied","Unga Group",2,38,2876937174,9500
2018-09-11,"Manufacturing and Allied","Unga Group",2,37.75,2858009956,300
2018-09-17,"Manufacturing and Allied","Unga Group",3,40,3028354920,7100
2018-09-25,"Manufacturing and Allied","Unga Group",6,37.75,2858009956,5100
2018-09-28,"Manufacturing and Allied","Unga Group",2,41,3104063793,1400
2018-10-11,"Manufacturing and Allied","Unga Group",2,40,3028354920,100
2018-10-16,"Manufacturing and Allied","Unga Group",2,39.75,3009427702,200
2018-10-23,"Manufacturing and Allied","Unga Group",3,40,3028354920,1600
2018-10-25,"Manufacturing and Allied","Unga Group",2,37.5,2839082738,7400
2018-10-30,"Manufacturing and Allied","Unga Group",2,39.5,2990500484,200
2018-11-21,"Manufacturing and Allied","Unga Group",2,39.5,2990500484,100
2018-11-23,"Manufacturing and Allied","Unga Group",2,39.25,2971573265,500
2018-11-30,"Manufacturing and Allied","Unga Group",2,38,2876937174,300
2018-12-05,"Manufacturing and Allied","Unga Group",2,38,2876937174,300
2018-12-24,"Manufacturing and Allied","Unga Group",8,39.45,2986715040,200
2019-01-02,"Manufacturing and Allied","Unga Group",4,39,2952646047,100
2019-01-10,"Manufacturing and Allied","Unga Group",2,38.5,2914791611,600
2019-01-16,"Manufacturing and Allied","Unga Group",4,38.75,2933718829,100
2019-01-25,"Manufacturing and Allied","Unga Group",7,38.5,2914791611,100
2019-01-29,"Manufacturing and Allied","Unga Group",2,39,2952646047,200
2019-02-05,"Manufacturing and Allied","Unga Group",4,36,2725519428,1200
2019-02-08,"Manufacturing and Allied","Unga Group",3,36.1,2733090315,2500
2019-02-13,"Manufacturing and Allied","Unga Group",3,36.1,2733090315,2100
2019-02-19,"Manufacturing and Allied","Unga Group",2,36.3,2748232090,500
2019-02-22,"Manufacturing and Allied","Unga Group",2,38.4,2907220723,700
2019-02-27,"Manufacturing and Allied","Unga Group",2,36.2,2740661203,1200
2019-03-06,"Manufacturing and Allied","Unga Group",2,35,2649810555,1900
2019-03-08,"Manufacturing and Allied","Unga Group",2,36,2725519428,2000
2019-03-13,"Manufacturing and Allied","Unga Group",3,35,2649810555,100100
2019-03-15,"Manufacturing and Allied","Unga Group",2,33.25,2517320027,1100
2019-03-20,"Manufacturing and Allied","Unga Group",3,33,2498392809,100
2019-03-25,"Manufacturing and Allied","Unga Group",3,33.1,2505963696,100
2019-04-02,"Manufacturing and Allied","Unga Group",6,33.2,2513534584,200
2019-04-09,"Manufacturing and Allied","Unga Group",5,32.7,2475680147,2100
2019-04-23,"Manufacturing and Allied","Unga Group",6,31.2,2362116838,100
2019-04-25,"Manufacturing and Allied","Unga Group",2,34.3,2596814344,500
2019-05-06,"Manufacturing and Allied","Unga Group",6,35,2649810555,100
2019-05-10,"Manufacturing and Allied","Unga Group",3,34,2574101682,100
2019-05-20,"Manufacturing and Allied","Unga Group",2,34.1,2581672569,100
2019-05-22,"Manufacturing and Allied","Unga Group",2,34,2574101682,500
2019-05-29,"Manufacturing and Allied","Unga Group",4,34.15,2585458013,300
2019-05-31,"Manufacturing and Allied","Unga Group",2,37.25,2820155519,1100
2019-06-10,"Manufacturing and Allied","Unga Group",5,35.5,2687664992,100
2019-06-13,"Manufacturing and Allied","Unga Group",3,38,2876937174,500
2019-06-19,"Manufacturing and Allied","Unga Group",2,35,2649810555,100
2019-06-24,"Manufacturing and Allied","Unga Group",2,33,2498392809,100
2019-07-01,"Manufacturing and Allied","Unga Group",2,33.15,2509749140,1700
2019-07-08,"Manufacturing and Allied","Unga Group",4,36.35,2752017534,200
2019-07-11,"Manufacturing and Allied","Unga Group",3,36.35,2752017534,100
2019-07-17,"Manufacturing and Allied","Unga Group",2,37,2801228301,100
2019-07-22,"Manufacturing and Allied","Unga Group",2,36.5,2763373865,200
2019-07-25,"Manufacturing and Allied","Unga Group",2,36.5,2763373865,300
2019-07-31,"Manufacturing and Allied","Unga Group",4,36.4,2755802977,800
2019-08-16,"Manufacturing and Allied","Unga Group",10,32.9,2490821922,200
2019-08-21,"Manufacturing and Allied","Unga Group",2,36,2725519428,200
2019-08-23,"Manufacturing and Allied","Unga Group",2,36,2725519428,100
2019-08-29,"Manufacturing and Allied","Unga Group",2,36,2725519428,200
2019-09-06,"Manufacturing and Allied","Unga Group",2,32,2422683936,1000
2019-09-13,"Manufacturing and Allied","Unga Group",5,31.9,2415113049,500
2019-09-17,"Manufacturing and Allied","Unga Group",2,31.9,2415113049,100
2019-09-20,"Manufacturing and Allied","Unga Group",3,35,2649810555,200
2019-09-25,"Manufacturing and Allied","Unga Group",2,34,2574101682,200
2019-10-02,"Manufacturing and Allied","Unga Group",3,34.6,2619527006,500
2019-10-04,"Manufacturing and Allied","Unga Group",2,31.65,2396185830,3500
2019-10-08,"Manufacturing and Allied","Unga Group",2,31.55,2388614943,1200
2019-10-14,"Manufacturing and Allied","Unga Group",3,34.5,2611956119,100
2019-10-16,"Manufacturing and Allied","Unga Group",2,31.5,2384829500,2000
2019-10-18,"Manufacturing and Allied","Unga Group",2,34.5,2611956119,100
2019-10-25,"Manufacturing and Allied","Unga Group",2,33.9,2566530795,500
2019-11-01,"Manufacturing and Allied","Unga Group",5,33.85,2562745351,500
2019-11-13,"Manufacturing and Allied","Unga Group",3,33,2498392809,800
2019-11-21,"Manufacturing and Allied","Unga Group",4,34.05,2577887126,200
2019-11-26,"Manufacturing and Allied","Unga Group",2,35,2649810555,100
2019-12-04,"Manufacturing and Allied","Unga Group",2,32.35,2449182042,2900
2019-12-10,"Manufacturing and Allied","Unga Group",2,33,2498392809,300
2019-12-17,"Manufacturing and Allied","Unga Group",3,31.5,2384829500,2500
2019-12-27,"Manufacturing and Allied","Unga Group",2,34,2574101682,500
2020-01-03,"Manufacturing and Allied","Unga Group",4,33.8,2558959907,100
2020-01-07,"Manufacturing and Allied","Unga Group",2,32,2422683936,100
2020-01-14,"Manufacturing and Allied","Unga Group",5,32,2422683936,1000
2020-01-23,"Manufacturing and Allied","Unga Group",3,31.85,2411327605,1900
2020-01-29,"Manufacturing and Allied","Unga Group",3,31.3,2369687725,2200
2020-02-03,"Manufacturing and Allied","Unga Group",2,33,2498392809,100
2020-02-05,"Manufacturing and Allied","Unga Group",2,33,2498392809,100
2020-02-07,"Manufacturing and Allied","Unga Group",2,30.1,2278837077,100
2020-02-13,"Manufacturing and Allied","Unga Group",3,30.1,2278837077,100
2020-02-19,"Manufacturing and Allied","Unga Group",2,33.9,2566530795,4300
2020-02-24,"Manufacturing and Allied","Unga Group",2,31,2346975063,2100
2020-03-05,"Manufacturing and Allied","Unga Group",8,31,2346975063,300
2020-03-10,"Manufacturing and Allied","Unga Group",2,30,2271266190,400
2020-03-12,"Manufacturing and Allied","Unga Group",2,31.9,2415113049,500
2020-03-20,"Manufacturing and Allied","Unga Group",4,29,2195557317,900
2020-03-26,"Manufacturing and Allied","Unga Group",4,29,2195557317,200
2020-04-07,"Manufacturing and Allied","Unga Group",7,29,2195557317,1200
2020-04-14,"Manufacturing and Allied","Unga Group",2,26.4,1998714247,700
2020-04-16,"Manufacturing and Allied","Unga Group",2,29,2195557317,300
2020-04-20,"Manufacturing and Allied","Unga Group",2,29,2195557317,200
2020-04-28,"Manufacturing and Allied","Unga Group",3,28,2119848444,200
2020-04-30,"Manufacturing and Allied","Unga Group",2,29.2,2210699092,700
2020-05-05,"Manufacturing and Allied","Unga Group",2,28.4,2150131993,5400
2020-05-12,"Manufacturing and Allied","Unga Group",2,28.1,2127419331,100
2020-05-18,"Manufacturing and Allied","Unga Group",4,30,2271266190,500
2020-05-22,"Manufacturing and Allied","Unga Group",4,30,2271266190,1800
2020-06-02,"Manufacturing and Allied","Unga Group",3,27.4,2074423120,600
2020-06-08,"Manufacturing and Allied","Unga Group",4,30,2271266190,100
2020-06-10,"Manufacturing and Allied","Unga Group",2,29.9,2263695303,2100
2020-06-16,"Manufacturing and Allied","Unga Group",3,29.45,2229626310,29700
2020-06-19,"Manufacturing and Allied","Unga Group",3,28.75,2176630099,800
2020-06-24,"Manufacturing and Allied","Unga Group",3,29.45,2229626310,1200
2020-06-29,"Manufacturing and Allied","Unga Group",2,29.1,2203128204,100
2020-07-02,"Manufacturing and Allied","Unga Group",2,29.85,2259909859,2500
2020-07-08,"Manufacturing and Allied","Unga Group",4,29.85,2259909859,300
2020-07-13,"Manufacturing and Allied","Unga Group",3,28.05,2123633888,100
2020-07-22,"Manufacturing and Allied","Unga Group",6,28,2119848444,100
2020-07-24,"Manufacturing and Allied","Unga Group",2,30,2271266190,200
2020-08-12,"Manufacturing and Allied","Unga Group",12,32.5,2460538373,100
2020-08-25,"Manufacturing and Allied","Unga Group",8,33,2498392809,500
2020-08-31,"Manufacturing and Allied","Unga Group",3,33,2498392809,1000
2020-09-02,"Manufacturing and Allied","Unga Group",2,33,2498392809,2000
2020-09-10,"Manufacturing and Allied","Unga Group",4,30,2271266190,1500
2020-09-14,"Manufacturing and Allied","Unga Group",2,30,2271266190,2700
2020-09-21,"Manufacturing and Allied","Unga Group",3,30.05,2275051634,5700
2020-09-24,"Manufacturing and Allied","Unga Group",3,32,2422683936,200
2020-09-28,"Manufacturing and Allied","Unga Group",2,30,2271266190,1100
2020-10-02,"Manufacturing and Allied","Unga Group",2,30,2271266190,300
2020-10-06,"Manufacturing and Allied","Unga Group",2,30,2271266190,500
2020-10-08,"Manufacturing and Allied","Unga Group",2,30,2271266190,1800
2020-10-12,"Manufacturing and Allied","Unga Group",2,30,2271266190,2500
2020-10-23,"Manufacturing and Allied","Unga Group",6,30,2271266190,1000
2020-11-04,"Manufacturing and Allied","Unga Group",7,30.05,2275051634,100
2020-11-26,"Manufacturing and Allied","Unga Group",16,30,2271266190,4100
2020-12-03,"Manufacturing and Allied","Unga Group",5,30.45,2305335183,2200
2020-12-10,"Manufacturing and Allied","Unga Group",4,30,2271266190,100
2020-12-14,"Manufacturing and Allied","Unga Group",2,30,2271266190,200
2020-12-17,"Manufacturing and Allied","Unga Group",3,31,2346975063,100
2020-12-23,"Manufacturing and Allied","Unga Group",4,31.5,2384829500,400
2020-12-29,"Manufacturing and Allied","Unga Group",3,31.8,2407542161,100
2021-01-13,"Manufacturing and Allied","Unga Group",10,31,2346975063,5000
2021-01-15,"Manufacturing and Allied","Unga Group",2,32,2422683936,100
2021-01-19,"Manufacturing and Allied","Unga Group",2,29.55,2237197197,7200
2021-01-25,"Manufacturing and Allied","Unga Group",4,32,2422683936,400
2021-01-28,"Manufacturing and Allied","Unga Group",3,32,2422683936,100
2021-02-01,"Manufacturing and Allied","Unga Group",2,31.15,2358331394,300
2021-02-18,"Manufacturing and Allied","Unga Group",12,29.55,2237197197,400
2021-02-24,"Manufacturing and Allied","Unga Group",3,29.1,2203128204,1600
2021-03-02,"Manufacturing and Allied","Unga Group",3,31,2346975063,100
2021-03-04,"Manufacturing and Allied","Unga Group",2,31,2346975063,100
2021-03-08,"Manufacturing and Allied","Unga Group",2,31,2346975063,100
2021-03-12,"Manufacturing and Allied","Unga Group",3,29,2195557317,100
2021-03-16,"Manufacturing and Allied","Unga Group",2,29,2195557317,5000
2021-03-18,"Manufacturing and Allied","Unga Group",2,31,2346975063,100
2021-03-22,"Manufacturing and Allied","Unga Group",2,31,2346975063,100
2021-03-25,"Manufacturing and Allied","Unga Group",3,29.05,2199342761,3500
2021-04-01,"Manufacturing and Allied","Unga Group",2,29,2195557317,3000
2021-04-08,"Manufacturing and Allied","Unga Group",3,29,2195557317,1000
2021-04-12,"Manufacturing and Allied","Unga Group",2,29.2,2210699092,500
2021-04-16,"Manufacturing and Allied","Unga Group",2,29.6,2240982641,100
2021-04-26,"Manufacturing and Allied","Unga Group",3,29.5,2233411754,3100
2021-05-04,"Manufacturing and Allied","Unga Group",6,29,2195557317,3200
2021-05-07,"Manufacturing and Allied","Unga Group",3,31.8,2407542161,200
2021-05-17,"Manufacturing and Allied","Unga Group",4,31,2346975063,200
2021-05-21,"Manufacturing and Allied","Unga Group",4,28,2119848444,4500
2021-05-26,"Manufacturing and Allied","Unga Group",2,29,2195557317,700
2021-06-07,"Manufacturing and Allied","Unga Group",3,30,2271266190,600
2021-06-10,"Manufacturing and Allied","Unga Group",3,29,2195557317,10000
2021-06-15,"Manufacturing and Allied","Unga Group",3,28.6,2165273768,2400
2021-06-22,"Manufacturing and Allied","Unga Group",4,27.2,2059281346,500
2021-06-29,"Manufacturing and Allied","Unga Group",5,27.8,2104706669,200
2021-07-01,"Manufacturing and Allied","Unga Group",2,27,2044139571,100
2021-07-05,"Manufacturing and Allied","Unga Group",2,27.05,2047925015,1100
2021-07-13,"Manufacturing and Allied","Unga Group",4,27.2,2059281346,500
2021-07-22,"Manufacturing and Allied","Unga Group",3,27.2,2059281346,100
2021-07-30,"Manufacturing and Allied","Unga Group",2,30,2271266190,3300
2021-08-04,"Manufacturing and Allied","Unga Group",2,31,2346975063,900
2021-08-11,"Manufacturing and Allied","Unga Group",5,31,2346975063,100
2021-08-13,"Manufacturing and Allied","Unga Group",2,29.05,2199342761,500
2021-08-18,"Manufacturing and Allied","Unga Group",3,30,2271266190,200
2021-08-25,"Manufacturing and Allied","Unga Group",4,33.15,2509749140,900
2021-08-30,"Manufacturing and Allied","Unga Group",3,33,2498392809,200
2021-09-03,"Manufacturing and Allied","Unga Group",3,33,2498392809,100
2021-09-21,"Manufacturing and Allied","Unga Group",11,30,2271266190,100
2021-09-24,"Manufacturing and Allied","Unga Group",2,30,2271266190,2900
2021-09-28,"Manufacturing and Allied","Unga Group",2,30,2271266190,800
2021-10-05,"Manufacturing and Allied","Unga Group",4,30,2271266190,1100
2021-10-07,"Manufacturing and Allied","Unga Group",2,29.6,2240982641,200
2021-10-12,"Manufacturing and Allied","Unga Group",2,30,2271266190,1000
2021-10-22,"Manufacturing and Allied","Unga Group",7,30,2271266190,100
2021-10-27,"Manufacturing and Allied","Unga Group",3,30,2271266190,1000
2021-11-02,"Manufacturing and Allied","Unga Group",3,28.5,2157702881,300
2021-11-12,"Manufacturing and Allied","Unga Group",8,28.5,2157702881,100
2021-11-26,"Manufacturing and Allied","Unga Group",10,27.55,2085779451,100
2021-12-06,"Manufacturing and Allied","Unga Group",6,27.65,2093350338,1900
2021-12-16,"Manufacturing and Allied","Unga Group",7,27.65,2093350338,1800
2022-01-12,"Manufacturing and Allied","Unga Group",18,27.65,2093350338,300
2022-01-18,"Manufacturing and Allied","Unga Group",3,27,2044139571,3600
2022-01-24,"Manufacturing and Allied","Unga Group",3,27.5,2081994008,900
2022-02-01,"Manufacturing and Allied","Unga Group",5,27.5,2081994008,600
2022-02-04,"Manufacturing and Allied","Unga Group",3,30.25,2290193408,1100
2022-02-08,"Manufacturing and Allied","Unga Group",2,33.1,2505963696,3200
2022-02-10,"Manufacturing and Allied","Unga Group",2,36.25,2744446646,3100
2022-02-18,"Manufacturing and Allied","Unga Group",3,30,2271266190,600
2022-02-23,"Manufacturing and Allied","Unga Group",3,30,2271266190,100
2022-02-28,"Manufacturing and Allied","Unga Group",2,30,2271266190,200
2022-03-03,"Manufacturing and Allied","Unga Group",2,30.5,2309120627,600
2022-03-08,"Manufacturing and Allied","Unga Group",2,27,2044139571,200
2022-03-21,"Manufacturing and Allied","Unga Group",8,27,2044139571,200
2022-03-30,"Manufacturing and Allied","Unga Group",7,28.35,2146346550,300
2022-04-05,"Manufacturing and Allied","Unga Group",4,28.35,2146346550,100
2022-04-19,"Manufacturing and Allied","Unga Group",8,27.5,2081994008,100
2022-04-22,"Manufacturing and Allied","Unga Group",3,28.15,2131204775,700
2022-04-26,"Manufacturing and Allied","Unga Group",2,28.15,2131204775,100
2022-05-05,"Manufacturing and Allied","Unga Group",4,28.15,2131204775,200
2022-05-13,"Manufacturing and Allied","Unga Group",4,28.5,2157702881,1200
2022-05-20,"Manufacturing and Allied","Unga Group",5,30,2271266190,100
2022-05-31,"Manufacturing and Allied","Unga Group",4,29,2195557317,2100
2022-06-06,"Manufacturing and Allied","Unga Group",3,29,2195557317,100
2022-06-09,"Manufacturing and Allied","Unga Group",3,29.3,2218269979,400
2022-06-14,"Manufacturing and Allied","Unga Group",3,29.05,2199342761,200
2022-06-17,"Manufacturing and Allied","Unga Group",2,29.5,2233411754,100
2022-06-23,"Manufacturing and Allied","Unga Group",4,31.75,2403756718,200
2022-06-29,"Manufacturing and Allied","Unga Group",4,30.4,2301549739,200
2022-07-01,"Manufacturing and Allied","Unga Group",2,29.05,2199342761,3200
2022-07-25,"Manufacturing and Allied","Unga Group",15,29.5,2233411754,700
2022-08-18,"Manufacturing and Allied","Unga Group",17,29.05,2199342761,15000
2022-08-24,"Manufacturing and Allied","Unga Group",3,31.8,2407542161,100
2022-08-30,"Manufacturing and Allied","Unga Group",4,34.5,2611956119,100
2022-09-01,"Manufacturing and Allied","Unga Group",2,34.75,2630883337,200
2022-09-05,"Manufacturing and Allied","Unga Group",2,34,2574101682,300
2022-09-19,"Manufacturing and Allied","Unga Group",2,31,2346975063,100
2022-09-22,"Manufacturing and Allied","Unga Group",2,30,2271266190,100
2022-10-03,"Manufacturing and Allied","Unga Group",4,30,2271266190,200
2022-10-11,"Manufacturing and Allied","Unga Group",5,30,2271266190,200
2022-10-18,"Manufacturing and Allied","Unga Group",4,29,2195557317,100
2022-10-27,"Manufacturing and Allied","Unga Group",3,29.4,2225840866,400
2022-10-31,"Manufacturing and Allied","Unga Group",2,29,2195557317,200
2022-11-07,"Manufacturing and Allied","Unga Group",5,29,2195557317,3700
2022-11-21,"Manufacturing and Allied","Unga Group",10,29,2195557317,200
2022-11-24,"Manufacturing and Allied","Unga Group",2,31.8,2407542161,100
2022-11-28,"Manufacturing and Allied","Unga Group",2,32,2422683936,100
2022-12-01,"Manufacturing and Allied","Unga Group",3,30,2271266190,300
2022-12-08,"Manufacturing and Allied","Unga Group",5,32,2422683936,900
2022-12-15,"Manufacturing and Allied","Unga Group",3,32,2422683936,500
2022-12-20,"Manufacturing and Allied","Unga Group",3,32,2422683936,100
2022-12-23,"Manufacturing and Allied","Unga Group",2,32,2422683936,100
2023-01-09,"Manufacturing and Allied","Unga Group",8,31,2346975063,100
2023-01-25,"Manufacturing and Allied","Unga Group",12,31,2346975063,300
2023-02-01,"Manufacturing and Allied","Unga Group",5,30.05,2275051634,1000
2023-02-06,"Manufacturing and Allied","Unga Group",2,27.5,2081994008,100
2023-02-10,"Manufacturing and Allied","Unga Group",3,26,1968430698,1000
2023-02-20,"Manufacturing and Allied","Unga Group",2,22.95,1737518635,8800
2023-03-06,"Manufacturing and Allied","Unga Group",3,22,1665595206,100
2023-03-14,"Manufacturing and Allied","Unga Group",2,19,1438468587,3000
2023-03-29,"Manufacturing and Allied","Unga Group",2,17,1287050841,1800
2023-04-03,"Manufacturing and Allied","Unga Group",2,19,1438468587,200
2023-04-12,"Manufacturing and Allied","Unga Group",2,20,1514177460,600
2023-04-20,"Manufacturing and Allied","Unga Group",4,22.9,1733733192,100
2023-04-25,"Manufacturing and Allied","Unga Group",2,22.5,1703449643,100
2023-05-03,"Manufacturing and Allied","Unga Group",3,23,1741304079,100
2023-05-12,"Manufacturing and Allied","Unga Group",7,21,1589886333,400
2023-05-16,"Manufacturing and Allied","Unga Group",2,18.9,1430897700,200
2023-05-18,"Manufacturing and Allied","Unga Group",2,19,1438468587,1900
2023-05-22,"Manufacturing and Allied","Unga Group",2,19,1438468587,200
2023-05-29,"Manufacturing and Allied","Unga Group",4,20,1514177460,100
2023-06-07,"Manufacturing and Allied","Unga Group",2,20,1514177460,1000
2023-06-12,"Manufacturing and Allied","Unga Group",2,19.45,1472537580,600
2023-06-20,"Manufacturing and Allied","Unga Group",2,19,1438468587,300
2023-06-23,"Manufacturing and Allied","Unga Group",2,17,1287050841,600
2023-06-29,"Manufacturing and Allied","Unga Group",2,15.3,1158345757,8500
2023-07-05,"Manufacturing and Allied","Unga Group",3,16.6,1256767292,600
2023-07-12,"Manufacturing and Allied","Unga Group",3,18,1362759714,200
2023-07-20,"Manufacturing and Allied","Unga Group",2,18.7,1415755925,200
2023-07-24,"Manufacturing and Allied","Unga Group",2,17.2,1302192616,3000
2023-07-27,"Manufacturing and Allied","Unga Group",2,16,1211341968,2100
2023-08-03,"Manufacturing and Allied","Unga Group",4,17.2,1302192616,200
2023-08-07,"Manufacturing and Allied","Unga Group",2,18.75,1419541369,300
2023-08-14,"Manufacturing and Allied","Unga Group",2,18.5,1400614151,300
2023-08-18,"Manufacturing and Allied","Unga Group",2,18,1362759714,200
2023-08-28,"Manufacturing and Allied","Unga Group",3,18.2,1377901489,100
2023-08-30,"Manufacturing and Allied","Unga Group",2,17,1287050841,1900
2023-09-06,"Manufacturing and Allied","Unga Group",4,17.8,1347617939,200
2023-09-12,"Manufacturing and Allied","Unga Group",3,18.5,1400614151,600
2023-09-15,"Manufacturing and Allied","Unga Group",2,18.1,1370330601,100
2023-09-19,"Manufacturing and Allied","Unga Group",2,18.8,1423326812,400
2023-09-21,"Manufacturing and Allied","Unga Group",2,18.8,1423326812,200
2023-09-27,"Manufacturing and Allied","Unga Group",3,17.5,1324905278,200
2023-09-29,"Manufacturing and Allied","Unga Group",2,17.5,1324905278,100
2023-10-04,"Manufacturing and Allied","Unga Group",3,17.1,1294621728,100
2023-10-09,"Manufacturing and Allied","Unga Group",2,15.5,1173487532,700
2023-10-12,"Manufacturing and Allied","Unga Group",2,15.1,1143203982,600
2023-11-08,"Manufacturing and Allied","Unga Group",7,15.9,1203771081,200
2023-11-16,"Manufacturing and Allied","Unga Group",3,15.2,1150774870,100
2023-11-22,"Manufacturing and Allied","Unga Group",2,15.2,1150774870,200
2023-11-24,"Manufacturing and Allied","Unga Group",2,16.7,1264338179,1200
2023-12-01,"Manufacturing and Allied","Unga Group",2,16.45,1245410961,300
2023-12-07,"Manufacturing and Allied","Unga Group",2,15.3,1158345757,100
2023-12-13,"Manufacturing and Allied","Unga Group",3,16.75,1268123623,200
2023-12-19,"Manufacturing and Allied","Unga Group",4,16.75,1268123623,600
2023-12-29,"Manufacturing and Allied","Unga Group",5,16.85,1275694510,1000
2024-01-10,"Manufacturing and Allied","Unga Group",7,16.85,1275694510,100
2024-01-12,"Manufacturing and Allied","Unga Group",2,16.85,1275694510,900
2024-01-19,"Manufacturing and Allied","Unga Group",4,16.85,1275694510,200
2024-01-23,"Manufacturing and Allied","Unga Group",2,16.8,1271909066,200
2024-02-12,"Manufacturing and Allied","Unga Group",13,17.1,1294621728,600
2024-02-16,"Manufacturing and Allied","Unga Group",4,17.1,1294621728,900
2024-02-27,"Manufacturing and Allied","Unga Group",6,15.65,1184843862,800
2024-03-01,"Manufacturing and Allied","Unga Group",2,15.45,1169702088,200
2024-03-06,"Manufacturing and Allied","Unga Group",2,15.45,1169702088,1000
2024-03-12,"Manufacturing and Allied","Unga Group",3,15.1,1143203982,700
2024-03-18,"Manufacturing and Allied","Unga Group",4,15.1,1143203982,1300
2024-03-20,"Manufacturing and Allied","Unga Group",2,15,1135633095,600
2024-04-05,"Manufacturing and Allied","Unga Group",2,14.55,1101564102,1300
2024-04-16,"Manufacturing and Allied","Unga Group",2,14.5,1097778659,400
2024-04-18,"Manufacturing and Allied","Unga Group",2,14.5,1097778659,100
2024-04-25,"Manufacturing and Allied","Unga Group",4,14.4,1090207771,3400
2024-05-14,"Manufacturing and Allied","Unga Group",2,13.8,1044782447,500
2024-05-21,"Manufacturing and Allied","Unga Group",2,14.45,1093993215,1200
2024-05-24,"Manufacturing and Allied","Unga Group",2,14.7,1112920433,9200
2024-06-04,"Manufacturing and Allied","Unga Group",2,14.3,1082636884,100
2024-06-12,"Manufacturing and Allied","Unga Group",2,14.5,1097778659,100
2024-06-20,"Manufacturing and Allied","Unga Group",3,13.65,1033426116,400
2024-06-24,"Manufacturing and Allied","Unga Group",2,13.25,1003142567,1400
2024-07-01,"Manufacturing and Allied","Unga Group",3,12.4,938790025,300
2024-07-05,"Manufacturing and Allied","Unga Group",2,13.05,988000793,700
2024-07-09,"Manufacturing and Allied","Unga Group",2,13.05,988000793,200
2024-07-15,"Manufacturing and Allied","Unga Group",4,12.5,946360913,1300
2024-07-18,"Manufacturing and Allied","Unga Group",3,13.75,1040997004,400
2024-07-22,"Manufacturing and Allied","Unga Group",2,12.45,942575469,800
2024-07-31,"Manufacturing and Allied","Unga Group",2,13.5,1022069786,400
2024-08-05,"Manufacturing and Allied","Unga Group",2,13.55,1025855229,200
2024-08-12,"Manufacturing and Allied","Unga Group",3,13.5,1022069786,100
2024-08-19,"Manufacturing and Allied","Unga Group",2,13.5,1022069786,700
2024-08-22,"Manufacturing and Allied","Unga Group",2,12.65,957717244,1100
2024-09-11,"Manufacturing and Allied","Unga Group",2,13.5,1022069786,2000
2024-09-13,"Manufacturing and Allied","Unga Group",2,13.15,995571680,500
2024-09-19,"Manufacturing and Allied","Unga Group",2,13.55,1025855229,100
2024-09-30,"Manufacturing and Allied","Unga Group",2,16.3,1234054630,2900
2024-10-03,"Manufacturing and Allied","Unga Group",2,16.5,1249196405,100
2024-10-08,"Manufacturing and Allied","Unga Group",3,16.45,1245410961,2100
2024-10-16,"Manufacturing and Allied","Unga Group",2,16.5,1249196405,1100
2024-10-28,"Manufacturing and Allied","Unga Group",2,15.5,1173487532,100
2024-11-11,"Manufacturing and Allied","Unga Group",2,16.8,1271909066,1500
2024-11-22,"Manufacturing and Allied","Unga Group",3,15.9,1203771081,13400
2024-11-26,"Manufacturing and Allied","Unga Group",2,15.95,1207556524,10100
2024-12-02,"Manufacturing and Allied","Unga Group",2,16,1211341968,6200
2024-12-06,"Manufacturing and Allied","Unga Group",3,16.15,1222698299,400
2024-12-10,"Manufacturing and Allied","Unga Group",2,16.35,1237840074,500
2024-12-17,"Manufacturing and Allied","Unga Group",3,16.25,1230269186,100
2024-12-19,"Manufacturing and Allied","Unga Group",2,15,1135633095,1400
2024-12-31,"Manufacturing and Allied","Unga Group",2,15,1135633095,100
